2025-10-20 17:43:49 - battery_monitor - INFO - Monitor de batería iniciado. Verificando cada 30 segundos
2025-10-20 17:43:49 - battery_monitor - INFO - Iniciando scheduler asíncrono de monitoreo de batería
2025-10-20 17:43:49 - battery_monitor - INFO - Iniciando verificación de niveles de batería
2025-10-20 17:43:49 - battery_monitor - INFO - === REPORTE DE BATERÍA - 21 drones ===
2025-10-20 17:43:49 - battery_monitor - INFO - Drone 1: Batería 90%, Estado: DroneState.IDLE
2025-10-20 17:43:49 - battery_monitor - INFO - Drone 2: Batería 90%, Estado: DroneState.IDLE
2025-10-20 17:43:49 - battery_monitor - INFO - Drone DRN-HW-001: Batería 100%, Estado: DroneState.IDLE
2025-10-20 17:43:49 - battery_monitor - INFO - Drone DRN-MW-002: Batería 85%, Estado: DroneState.IDLE
2025-10-20 17:43:49 - battery_monitor - INFO - Drone DRN-LW-003: Batería 15%, Estado: DroneState.IDLE
2025-10-20 17:43:49 - battery_monitor - INFO - Drone DRN-CW-004: Batería 70%, Estado: DroneState.LOADING
2025-10-20 17:43:49 - battery_monitor - INFO - Drone DRN-MW-005: Batería 55%, Estado: DroneState.DELIVERING
2025-10-20 17:43:49 - battery_monitor - INFO - Drone DRN-HW-006: Batería 30%, Estado: DroneState.RETURNING
2025-10-20 17:43:49 - battery_monitor - INFO - Drone DRN-LW-007: Batería 25%, Estado: DroneState.IDLE
2025-10-20 17:43:49 - battery_monitor - INFO - Drone DRN-CW-008: Batería 95%, Estado: DroneState.IDLE
2025-10-20 17:43:49 - battery_monitor - INFO - Drone DRN-MW-009: Batería 40%, Estado: DroneState.LOADED
2025-10-20 17:43:49 - battery_monitor - INFO - Drone DRN-LW-010: Batería 100%, Estado: DroneState.DELIVERED
2025-10-20 17:43:49 - battery_monitor - INFO - Drone DRN-LW-011: Batería 20%, Estado: DroneState.LOADING
2025-10-20 17:43:49 - battery_monitor - INFO - Drone 500: Batería 30%, Estado: DroneState.IDLE
2025-10-20 17:43:49 - battery_monitor - INFO - Drone DRN-001-XYZ: Batería 100%, Estado: DroneState.IDLE
2025-10-20 17:43:49 - battery_monitor - INFO - Drone 4: Batería 90%, Estado: DroneState.IDLE
2025-10-20 17:43:49 - battery_monitor - INFO - Drone 5: Batería 90%, Estado: DroneState.IDLE
2025-10-20 17:43:49 - battery_monitor - INFO - Drone 6: Batería 90%, Estado: DroneState.IDLE
2025-10-20 17:43:49 - battery_monitor - INFO - Drone 7: Batería 90%, Estado: DroneState.IDLE
2025-10-20 17:43:49 - battery_monitor - INFO - Drone 10: Batería 80%, Estado: DroneState.IDLE
2025-10-20 17:43:49 - battery_monitor - INFO - Drone 25: Batería 80%, Estado: DroneState.IDLE
2025-10-20 17:43:49 - battery_monitor - WARNING - ACCIÓN: Drone DRN-LW-011 cambiado de DroneState.LOADING a DroneState.RETURNING por batería baja (20%)
2025-10-20 17:43:49 - battery_monitor - INFO - Verificación completada. 1 drones actualizados
2025-10-20 17:44:19 - battery_monitor - INFO - Iniciando verificación de niveles de batería
2025-10-20 17:44:19 - battery_monitor - INFO - === REPORTE DE BATERÍA - 21 drones ===
2025-10-20 17:44:19 - battery_monitor - INFO - Drone 1: Batería 90%, Estado: DroneState.IDLE
2025-10-20 17:44:19 - battery_monitor - INFO - Drone 2: Batería 90%, Estado: DroneState.IDLE
2025-10-20 17:44:19 - battery_monitor - INFO - Drone DRN-HW-001: Batería 100%, Estado: DroneState.IDLE
2025-10-20 17:44:19 - battery_monitor - INFO - Drone DRN-MW-002: Batería 85%, Estado: DroneState.IDLE
2025-10-20 17:44:19 - battery_monitor - INFO - Drone DRN-LW-003: Batería 15%, Estado: DroneState.IDLE
2025-10-20 17:44:19 - battery_monitor - INFO - Drone DRN-CW-004: Batería 70%, Estado: DroneState.LOADING
2025-10-20 17:44:19 - battery_monitor - INFO - Drone DRN-MW-005: Batería 55%, Estado: DroneState.DELIVERING
2025-10-20 17:44:19 - battery_monitor - INFO - Drone DRN-HW-006: Batería 30%, Estado: DroneState.RETURNING
2025-10-20 17:44:19 - battery_monitor - INFO - Drone DRN-LW-007: Batería 25%, Estado: DroneState.IDLE
2025-10-20 17:44:19 - battery_monitor - INFO - Drone DRN-CW-008: Batería 95%, Estado: DroneState.IDLE
2025-10-20 17:44:19 - battery_monitor - INFO - Drone DRN-MW-009: Batería 40%, Estado: DroneState.LOADED
2025-10-20 17:44:19 - battery_monitor - INFO - Drone DRN-LW-010: Batería 100%, Estado: DroneState.DELIVERED
2025-10-20 17:44:19 - battery_monitor - INFO - Drone DRN-LW-011: Batería 20%, Estado: DroneState.RETURNING
2025-10-20 17:44:19 - battery_monitor - INFO - Drone 500: Batería 30%, Estado: DroneState.IDLE
2025-10-20 17:44:19 - battery_monitor - INFO - Drone DRN-001-XYZ: Batería 100%, Estado: DroneState.IDLE
2025-10-20 17:44:19 - battery_monitor - INFO - Drone 4: Batería 90%, Estado: DroneState.IDLE
2025-10-20 17:44:19 - battery_monitor - INFO - Drone 5: Batería 90%, Estado: DroneState.IDLE
2025-10-20 17:44:19 - battery_monitor - INFO - Drone 6: Batería 90%, Estado: DroneState.IDLE
2025-10-20 17:44:19 - battery_monitor - INFO - Drone 7: Batería 90%, Estado: DroneState.IDLE
2025-10-20 17:44:19 - battery_monitor - INFO - Drone 10: Batería 80%, Estado: DroneState.IDLE
2025-10-20 17:44:19 - battery_monitor - INFO - Drone 25: Batería 80%, Estado: DroneState.IDLE
2025-10-20 17:44:19 - battery_monitor - INFO - No se encontraron drones con batería baja en estado LOADING para actualizar
2025-10-20 17:44:49 - battery_monitor - INFO - Iniciando verificación de niveles de batería
2025-10-20 17:44:49 - battery_monitor - INFO - === REPORTE DE BATERÍA - 21 drones ===
2025-10-20 17:44:49 - battery_monitor - INFO - Drone 1: Batería 90%, Estado: DroneState.IDLE
2025-10-20 17:44:49 - battery_monitor - INFO - Drone 2: Batería 90%, Estado: DroneState.IDLE
2025-10-20 17:44:49 - battery_monitor - INFO - Drone DRN-HW-001: Batería 100%, Estado: DroneState.IDLE
2025-10-20 17:44:49 - battery_monitor - INFO - Drone DRN-MW-002: Batería 85%, Estado: DroneState.IDLE
2025-10-20 17:44:49 - battery_monitor - INFO - Drone DRN-LW-003: Batería 15%, Estado: DroneState.IDLE
2025-10-20 17:44:49 - battery_monitor - INFO - Drone DRN-CW-004: Batería 70%, Estado: DroneState.LOADING
2025-10-20 17:44:49 - battery_monitor - INFO - Drone DRN-MW-005: Batería 55%, Estado: DroneState.DELIVERING
2025-10-20 17:44:49 - battery_monitor - INFO - Drone DRN-HW-006: Batería 30%, Estado: DroneState.RETURNING
2025-10-20 17:44:49 - battery_monitor - INFO - Drone DRN-LW-007: Batería 25%, Estado: DroneState.IDLE
2025-10-20 17:44:49 - battery_monitor - INFO - Drone DRN-CW-008: Batería 95%, Estado: DroneState.IDLE
2025-10-20 17:44:49 - battery_monitor - INFO - Drone DRN-MW-009: Batería 40%, Estado: DroneState.LOADED
2025-10-20 17:44:49 - battery_monitor - INFO - Drone DRN-LW-010: Batería 100%, Estado: DroneState.DELIVERED
2025-10-20 17:44:49 - battery_monitor - INFO - Drone DRN-LW-011: Batería 20%, Estado: DroneState.RETURNING
2025-10-20 17:44:49 - battery_monitor - INFO - Drone 500: Batería 30%, Estado: DroneState.IDLE
2025-10-20 17:44:49 - battery_monitor - INFO - Drone DRN-001-XYZ: Batería 100%, Estado: DroneState.IDLE
2025-10-20 17:44:49 - battery_monitor - INFO - Drone 4: Batería 90%, Estado: DroneState.IDLE
2025-10-20 17:44:49 - battery_monitor - INFO - Drone 5: Batería 90%, Estado: DroneState.IDLE
2025-10-20 17:44:49 - battery_monitor - INFO - Drone 6: Batería 90%, Estado: DroneState.IDLE
2025-10-20 17:44:49 - battery_monitor - INFO - Drone 7: Batería 90%, Estado: DroneState.IDLE
2025-10-20 17:44:49 - battery_monitor - INFO - Drone 10: Batería 80%, Estado: DroneState.IDLE
2025-10-20 17:44:49 - battery_monitor - INFO - Drone 25: Batería 80%, Estado: DroneState.IDLE
2025-10-20 17:44:49 - battery_monitor - INFO - No se encontraron drones con batería baja en estado LOADING para actualizar
2025-10-20 17:45:19 - battery_monitor - INFO - Iniciando verificación de niveles de batería
2025-10-20 17:45:19 - battery_monitor - INFO - === REPORTE DE BATERÍA - 21 drones ===
2025-10-20 17:45:19 - battery_monitor - INFO - Drone 1: Batería 90%, Estado: DroneState.IDLE
2025-10-20 17:45:19 - battery_monitor - INFO - Drone 2: Batería 90%, Estado: DroneState.IDLE
2025-10-20 17:45:19 - battery_monitor - INFO - Drone DRN-HW-001: Batería 100%, Estado: DroneState.IDLE
2025-10-20 17:45:19 - battery_monitor - INFO - Drone DRN-MW-002: Batería 85%, Estado: DroneState.IDLE
2025-10-20 17:45:19 - battery_monitor - INFO - Drone DRN-LW-003: Batería 15%, Estado: DroneState.IDLE
2025-10-20 17:45:19 - battery_monitor - INFO - Drone DRN-CW-004: Batería 70%, Estado: DroneState.LOADING
2025-10-20 17:45:19 - battery_monitor - INFO - Drone DRN-MW-005: Batería 55%, Estado: DroneState.DELIVERING
2025-10-20 17:45:19 - battery_monitor - INFO - Drone DRN-HW-006: Batería 30%, Estado: DroneState.RETURNING
2025-10-20 17:45:19 - battery_monitor - INFO - Drone DRN-LW-007: Batería 25%, Estado: DroneState.IDLE
2025-10-20 17:45:19 - battery_monitor - INFO - Drone DRN-CW-008: Batería 95%, Estado: DroneState.IDLE
2025-10-20 17:45:19 - battery_monitor - INFO - Drone DRN-MW-009: Batería 40%, Estado: DroneState.LOADED
2025-10-20 17:45:19 - battery_monitor - INFO - Drone DRN-LW-010: Batería 100%, Estado: DroneState.DELIVERED
2025-10-20 17:45:19 - battery_monitor - INFO - Drone DRN-LW-011: Batería 20%, Estado: DroneState.RETURNING
2025-10-20 17:45:19 - battery_monitor - INFO - Drone 500: Batería 30%, Estado: DroneState.IDLE
2025-10-20 17:45:19 - battery_monitor - INFO - Drone DRN-001-XYZ: Batería 100%, Estado: DroneState.IDLE
2025-10-20 17:45:19 - battery_monitor - INFO - Drone 4: Batería 90%, Estado: DroneState.IDLE
2025-10-20 17:45:19 - battery_monitor - INFO - Drone 5: Batería 90%, Estado: DroneState.IDLE
2025-10-20 17:45:19 - battery_monitor - INFO - Drone 6: Batería 90%, Estado: DroneState.IDLE
2025-10-20 17:45:19 - battery_monitor - INFO - Drone 7: Batería 90%, Estado: DroneState.IDLE
2025-10-20 17:45:19 - battery_monitor - INFO - Drone 10: Batería 80%, Estado: DroneState.IDLE
2025-10-20 17:45:19 - battery_monitor - INFO - Drone 25: Batería 80%, Estado: DroneState.IDLE
2025-10-20 17:45:19 - battery_monitor - INFO - No se encontraron drones con batería baja en estado LOADING para actualizar
2025-10-20 17:45:49 - battery_monitor - INFO - Iniciando verificación de niveles de batería
2025-10-20 17:45:49 - battery_monitor - INFO - === REPORTE DE BATERÍA - 21 drones ===
2025-10-20 17:45:49 - battery_monitor - INFO - Drone 1: Batería 90%, Estado: DroneState.IDLE
2025-10-20 17:45:49 - battery_monitor - INFO - Drone 2: Batería 90%, Estado: DroneState.IDLE
2025-10-20 17:45:49 - battery_monitor - INFO - Drone DRN-HW-001: Batería 100%, Estado: DroneState.IDLE
2025-10-20 17:45:49 - battery_monitor - INFO - Drone DRN-MW-002: Batería 85%, Estado: DroneState.IDLE
2025-10-20 17:45:49 - battery_monitor - INFO - Drone DRN-LW-003: Batería 15%, Estado: DroneState.IDLE
2025-10-20 17:45:49 - battery_monitor - INFO - Drone DRN-CW-004: Batería 70%, Estado: DroneState.LOADING
2025-10-20 17:45:49 - battery_monitor - INFO - Drone DRN-MW-005: Batería 55%, Estado: DroneState.DELIVERING
2025-10-20 17:45:49 - battery_monitor - INFO - Drone DRN-HW-006: Batería 30%, Estado: DroneState.RETURNING
2025-10-20 17:45:49 - battery_monitor - INFO - Drone DRN-LW-007: Batería 25%, Estado: DroneState.IDLE
2025-10-20 17:45:49 - battery_monitor - INFO - Drone DRN-CW-008: Batería 95%, Estado: DroneState.IDLE
2025-10-20 17:45:49 - battery_monitor - INFO - Drone DRN-MW-009: Batería 40%, Estado: DroneState.LOADED
2025-10-20 17:45:49 - battery_monitor - INFO - Drone DRN-LW-010: Batería 100%, Estado: DroneState.DELIVERED
2025-10-20 17:45:49 - battery_monitor - INFO - Drone DRN-LW-011: Batería 20%, Estado: DroneState.RETURNING
2025-10-20 17:45:49 - battery_monitor - INFO - Drone 500: Batería 30%, Estado: DroneState.IDLE
2025-10-20 17:45:49 - battery_monitor - INFO - Drone DRN-001-XYZ: Batería 100%, Estado: DroneState.IDLE
2025-10-20 17:45:49 - battery_monitor - INFO - Drone 4: Batería 90%, Estado: DroneState.IDLE
2025-10-20 17:45:49 - battery_monitor - INFO - Drone 5: Batería 90%, Estado: DroneState.IDLE
2025-10-20 17:45:49 - battery_monitor - INFO - Drone 6: Batería 90%, Estado: DroneState.IDLE
2025-10-20 17:45:49 - battery_monitor - INFO - Drone 7: Batería 90%, Estado: DroneState.IDLE
2025-10-20 17:45:49 - battery_monitor - INFO - Drone 10: Batería 80%, Estado: DroneState.IDLE
2025-10-20 17:45:49 - battery_monitor - INFO - Drone 25: Batería 80%, Estado: DroneState.IDLE
2025-10-20 17:45:49 - battery_monitor - INFO - No se encontraron drones con batería baja en estado LOADING para actualizar
2025-10-20 17:46:19 - battery_monitor - INFO - Iniciando verificación de niveles de batería
2025-10-20 17:46:19 - battery_monitor - INFO - === REPORTE DE BATERÍA - 21 drones ===
2025-10-20 17:46:19 - battery_monitor - INFO - Drone 1: Batería 90%, Estado: DroneState.IDLE
2025-10-20 17:46:19 - battery_monitor - INFO - Drone 2: Batería 90%, Estado: DroneState.IDLE
2025-10-20 17:46:19 - battery_monitor - INFO - Drone DRN-HW-001: Batería 100%, Estado: DroneState.IDLE
2025-10-20 17:46:19 - battery_monitor - INFO - Drone DRN-MW-002: Batería 85%, Estado: DroneState.IDLE
2025-10-20 17:46:19 - battery_monitor - INFO - Drone DRN-LW-003: Batería 15%, Estado: DroneState.IDLE
2025-10-20 17:46:19 - battery_monitor - INFO - Drone DRN-CW-004: Batería 70%, Estado: DroneState.LOADING
2025-10-20 17:46:19 - battery_monitor - INFO - Drone DRN-MW-005: Batería 55%, Estado: DroneState.DELIVERING
2025-10-20 17:46:19 - battery_monitor - INFO - Drone DRN-HW-006: Batería 30%, Estado: DroneState.RETURNING
2025-10-20 17:46:19 - battery_monitor - INFO - Drone DRN-LW-007: Batería 25%, Estado: DroneState.IDLE
2025-10-20 17:46:19 - battery_monitor - INFO - Drone DRN-CW-008: Batería 95%, Estado: DroneState.IDLE
2025-10-20 17:46:19 - battery_monitor - INFO - Drone DRN-MW-009: Batería 40%, Estado: DroneState.LOADED
2025-10-20 17:46:19 - battery_monitor - INFO - Drone DRN-LW-010: Batería 100%, Estado: DroneState.DELIVERED
2025-10-20 17:46:19 - battery_monitor - INFO - Drone DRN-LW-011: Batería 20%, Estado: DroneState.RETURNING
2025-10-20 17:46:19 - battery_monitor - INFO - Drone 500: Batería 30%, Estado: DroneState.IDLE
2025-10-20 17:46:19 - battery_monitor - INFO - Drone DRN-001-XYZ: Batería 100%, Estado: DroneState.IDLE
2025-10-20 17:46:19 - battery_monitor - INFO - Drone 4: Batería 90%, Estado: DroneState.IDLE
2025-10-20 17:46:19 - battery_monitor - INFO - Drone 5: Batería 90%, Estado: DroneState.IDLE
2025-10-20 17:46:19 - battery_monitor - INFO - Drone 6: Batería 90%, Estado: DroneState.IDLE
2025-10-20 17:46:19 - battery_monitor - INFO - Drone 7: Batería 90%, Estado: DroneState.IDLE
2025-10-20 17:46:19 - battery_monitor - INFO - Drone 10: Batería 80%, Estado: DroneState.IDLE
2025-10-20 17:46:19 - battery_monitor - INFO - Drone 25: Batería 80%, Estado: DroneState.IDLE
2025-10-20 17:46:19 - battery_monitor - INFO - No se encontraron drones con batería baja en estado LOADING para actualizar
2025-10-20 17:46:49 - battery_monitor - INFO - Iniciando verificación de niveles de batería
2025-10-20 17:46:49 - battery_monitor - INFO - === REPORTE DE BATERÍA - 21 drones ===
2025-10-20 17:46:49 - battery_monitor - INFO - Drone 1: Batería 90%, Estado: DroneState.IDLE
2025-10-20 17:46:49 - battery_monitor - INFO - Drone 2: Batería 90%, Estado: DroneState.IDLE
2025-10-20 17:46:49 - battery_monitor - INFO - Drone DRN-HW-001: Batería 100%, Estado: DroneState.IDLE
2025-10-20 17:46:49 - battery_monitor - INFO - Drone DRN-MW-002: Batería 85%, Estado: DroneState.IDLE
2025-10-20 17:46:49 - battery_monitor - INFO - Drone DRN-LW-003: Batería 15%, Estado: DroneState.IDLE
2025-10-20 17:46:49 - battery_monitor - INFO - Drone DRN-CW-004: Batería 70%, Estado: DroneState.LOADING
2025-10-20 17:46:49 - battery_monitor - INFO - Drone DRN-MW-005: Batería 55%, Estado: DroneState.DELIVERING
2025-10-20 17:46:49 - battery_monitor - INFO - Drone DRN-HW-006: Batería 30%, Estado: DroneState.RETURNING
2025-10-20 17:46:49 - battery_monitor - INFO - Drone DRN-LW-007: Batería 25%, Estado: DroneState.IDLE
2025-10-20 17:46:49 - battery_monitor - INFO - Drone DRN-CW-008: Batería 95%, Estado: DroneState.IDLE
2025-10-20 17:46:49 - battery_monitor - INFO - Drone DRN-MW-009: Batería 40%, Estado: DroneState.LOADED
2025-10-20 17:46:49 - battery_monitor - INFO - Drone DRN-LW-010: Batería 100%, Estado: DroneState.DELIVERED
2025-10-20 17:46:49 - battery_monitor - INFO - Drone DRN-LW-011: Batería 20%, Estado: DroneState.RETURNING
2025-10-20 17:46:49 - battery_monitor - INFO - Drone 500: Batería 30%, Estado: DroneState.IDLE
2025-10-20 17:46:49 - battery_monitor - INFO - Drone DRN-001-XYZ: Batería 100%, Estado: DroneState.IDLE
2025-10-20 17:46:49 - battery_monitor - INFO - Drone 4: Batería 90%, Estado: DroneState.IDLE
2025-10-20 17:46:49 - battery_monitor - INFO - Drone 5: Batería 90%, Estado: DroneState.IDLE
2025-10-20 17:46:49 - battery_monitor - INFO - Drone 6: Batería 90%, Estado: DroneState.IDLE
2025-10-20 17:46:49 - battery_monitor - INFO - Drone 7: Batería 90%, Estado: DroneState.IDLE
2025-10-20 17:46:49 - battery_monitor - INFO - Drone 10: Batería 80%, Estado: DroneState.IDLE
2025-10-20 17:46:49 - battery_monitor - INFO - Drone 25: Batería 80%, Estado: DroneState.IDLE
2025-10-20 17:46:49 - battery_monitor - INFO - No se encontraron drones con batería baja en estado LOADING para actualizar
2025-10-20 17:47:19 - battery_monitor - INFO - Iniciando verificación de niveles de batería
2025-10-20 17:47:19 - battery_monitor - INFO - === REPORTE DE BATERÍA - 21 drones ===
2025-10-20 17:47:19 - battery_monitor - INFO - Drone 1: Batería 90%, Estado: DroneState.IDLE
2025-10-20 17:47:19 - battery_monitor - INFO - Drone 2: Batería 90%, Estado: DroneState.IDLE
2025-10-20 17:47:19 - battery_monitor - INFO - Drone DRN-HW-001: Batería 100%, Estado: DroneState.IDLE
2025-10-20 17:47:19 - battery_monitor - INFO - Drone DRN-MW-002: Batería 85%, Estado: DroneState.IDLE
2025-10-20 17:47:19 - battery_monitor - INFO - Drone DRN-LW-003: Batería 15%, Estado: DroneState.IDLE
2025-10-20 17:47:19 - battery_monitor - INFO - Drone DRN-CW-004: Batería 70%, Estado: DroneState.LOADING
2025-10-20 17:47:19 - battery_monitor - INFO - Drone DRN-MW-005: Batería 55%, Estado: DroneState.DELIVERING
2025-10-20 17:47:19 - battery_monitor - INFO - Drone DRN-HW-006: Batería 30%, Estado: DroneState.RETURNING
2025-10-20 17:47:19 - battery_monitor - INFO - Drone DRN-LW-007: Batería 25%, Estado: DroneState.IDLE
2025-10-20 17:47:19 - battery_monitor - INFO - Drone DRN-CW-008: Batería 95%, Estado: DroneState.IDLE
2025-10-20 17:47:19 - battery_monitor - INFO - Drone DRN-MW-009: Batería 40%, Estado: DroneState.LOADED
2025-10-20 17:47:19 - battery_monitor - INFO - Drone DRN-LW-010: Batería 100%, Estado: DroneState.DELIVERED
2025-10-20 17:47:19 - battery_monitor - INFO - Drone DRN-LW-011: Batería 20%, Estado: DroneState.RETURNING
2025-10-20 17:47:19 - battery_monitor - INFO - Drone 500: Batería 30%, Estado: DroneState.IDLE
2025-10-20 17:47:19 - battery_monitor - INFO - Drone DRN-001-XYZ: Batería 100%, Estado: DroneState.IDLE
2025-10-20 17:47:19 - battery_monitor - INFO - Drone 4: Batería 90%, Estado: DroneState.IDLE
2025-10-20 17:47:19 - battery_monitor - INFO - Drone 5: Batería 90%, Estado: DroneState.IDLE
2025-10-20 17:47:19 - battery_monitor - INFO - Drone 6: Batería 90%, Estado: DroneState.IDLE
2025-10-20 17:47:19 - battery_monitor - INFO - Drone 7: Batería 90%, Estado: DroneState.IDLE
2025-10-20 17:47:19 - battery_monitor - INFO - Drone 10: Batería 80%, Estado: DroneState.IDLE
2025-10-20 17:47:19 - battery_monitor - INFO - Drone 25: Batería 80%, Estado: DroneState.IDLE
2025-10-20 17:47:19 - battery_monitor - INFO - No se encontraron drones con batería baja en estado LOADING para actualizar
2025-10-20 17:47:49 - battery_monitor - INFO - Iniciando verificación de niveles de batería
2025-10-20 17:47:49 - battery_monitor - INFO - === REPORTE DE BATERÍA - 21 drones ===
2025-10-20 17:47:49 - battery_monitor - INFO - Drone 1: Batería 90%, Estado: DroneState.IDLE
2025-10-20 17:47:49 - battery_monitor - INFO - Drone 2: Batería 90%, Estado: DroneState.IDLE
2025-10-20 17:47:49 - battery_monitor - INFO - Drone DRN-HW-001: Batería 100%, Estado: DroneState.IDLE
2025-10-20 17:47:49 - battery_monitor - INFO - Drone DRN-MW-002: Batería 85%, Estado: DroneState.IDLE
2025-10-20 17:47:49 - battery_monitor - INFO - Drone DRN-LW-003: Batería 15%, Estado: DroneState.IDLE
2025-10-20 17:47:49 - battery_monitor - INFO - Drone DRN-CW-004: Batería 70%, Estado: DroneState.LOADING
2025-10-20 17:47:49 - battery_monitor - INFO - Drone DRN-MW-005: Batería 55%, Estado: DroneState.DELIVERING
2025-10-20 17:47:49 - battery_monitor - INFO - Drone DRN-HW-006: Batería 30%, Estado: DroneState.RETURNING
2025-10-20 17:47:49 - battery_monitor - INFO - Drone DRN-LW-007: Batería 25%, Estado: DroneState.IDLE
2025-10-20 17:47:49 - battery_monitor - INFO - Drone DRN-CW-008: Batería 95%, Estado: DroneState.IDLE
2025-10-20 17:47:49 - battery_monitor - INFO - Drone DRN-MW-009: Batería 40%, Estado: DroneState.LOADED
2025-10-20 17:47:49 - battery_monitor - INFO - Drone DRN-LW-010: Batería 100%, Estado: DroneState.DELIVERED
2025-10-20 17:47:49 - battery_monitor - INFO - Drone DRN-LW-011: Batería 20%, Estado: DroneState.RETURNING
2025-10-20 17:47:49 - battery_monitor - INFO - Drone 500: Batería 30%, Estado: DroneState.IDLE
2025-10-20 17:47:49 - battery_monitor - INFO - Drone DRN-001-XYZ: Batería 100%, Estado: DroneState.IDLE
2025-10-20 17:47:49 - battery_monitor - INFO - Drone 4: Batería 90%, Estado: DroneState.IDLE
2025-10-20 17:47:49 - battery_monitor - INFO - Drone 5: Batería 90%, Estado: DroneState.IDLE
2025-10-20 17:47:49 - battery_monitor - INFO - Drone 6: Batería 90%, Estado: DroneState.IDLE
2025-10-20 17:47:49 - battery_monitor - INFO - Drone 7: Batería 90%, Estado: DroneState.IDLE
2025-10-20 17:47:49 - battery_monitor - INFO - Drone 10: Batería 80%, Estado: DroneState.IDLE
2025-10-20 17:47:49 - battery_monitor - INFO - Drone 25: Batería 80%, Estado: DroneState.IDLE
2025-10-20 17:47:49 - battery_monitor - INFO - No se encontraron drones con batería baja en estado LOADING para actualizar
2025-10-20 17:48:19 - battery_monitor - INFO - Iniciando verificación de niveles de batería
2025-10-20 17:48:19 - battery_monitor - INFO - === REPORTE DE BATERÍA - 21 drones ===
2025-10-20 17:48:19 - battery_monitor - INFO - Drone 1: Batería 90%, Estado: DroneState.IDLE
2025-10-20 17:48:19 - battery_monitor - INFO - Drone 2: Batería 90%, Estado: DroneState.IDLE
2025-10-20 17:48:19 - battery_monitor - INFO - Drone DRN-HW-001: Batería 100%, Estado: DroneState.IDLE
2025-10-20 17:48:19 - battery_monitor - INFO - Drone DRN-MW-002: Batería 85%, Estado: DroneState.IDLE
2025-10-20 17:48:19 - battery_monitor - INFO - Drone DRN-LW-003: Batería 15%, Estado: DroneState.IDLE
2025-10-20 17:48:19 - battery_monitor - INFO - Drone DRN-CW-004: Batería 70%, Estado: DroneState.LOADING
2025-10-20 17:48:19 - battery_monitor - INFO - Drone DRN-MW-005: Batería 55%, Estado: DroneState.DELIVERING
2025-10-20 17:48:19 - battery_monitor - INFO - Drone DRN-HW-006: Batería 30%, Estado: DroneState.RETURNING
2025-10-20 17:48:19 - battery_monitor - INFO - Drone DRN-LW-007: Batería 25%, Estado: DroneState.IDLE
2025-10-20 17:48:19 - battery_monitor - INFO - Drone DRN-CW-008: Batería 95%, Estado: DroneState.IDLE
2025-10-20 17:48:19 - battery_monitor - INFO - Drone DRN-MW-009: Batería 40%, Estado: DroneState.LOADED
2025-10-20 17:48:19 - battery_monitor - INFO - Drone DRN-LW-010: Batería 100%, Estado: DroneState.DELIVERED
2025-10-20 17:48:19 - battery_monitor - INFO - Drone DRN-LW-011: Batería 20%, Estado: DroneState.RETURNING
2025-10-20 17:48:19 - battery_monitor - INFO - Drone 500: Batería 30%, Estado: DroneState.IDLE
2025-10-20 17:48:19 - battery_monitor - INFO - Drone DRN-001-XYZ: Batería 100%, Estado: DroneState.IDLE
2025-10-20 17:48:19 - battery_monitor - INFO - Drone 4: Batería 90%, Estado: DroneState.IDLE
2025-10-20 17:48:19 - battery_monitor - INFO - Drone 5: Batería 90%, Estado: DroneState.IDLE
2025-10-20 17:48:19 - battery_monitor - INFO - Drone 6: Batería 90%, Estado: DroneState.IDLE
2025-10-20 17:48:19 - battery_monitor - INFO - Drone 7: Batería 90%, Estado: DroneState.IDLE
2025-10-20 17:48:19 - battery_monitor - INFO - Drone 10: Batería 80%, Estado: DroneState.IDLE
2025-10-20 17:48:19 - battery_monitor - INFO - Drone 25: Batería 80%, Estado: DroneState.IDLE
2025-10-20 17:48:19 - battery_monitor - INFO - No se encontraron drones con batería baja en estado LOADING para actualizar
2025-10-20 17:48:49 - battery_monitor - INFO - Iniciando verificación de niveles de batería
2025-10-20 17:48:49 - battery_monitor - INFO - === REPORTE DE BATERÍA - 21 drones ===
2025-10-20 17:48:49 - battery_monitor - INFO - Drone 1: Batería 90%, Estado: DroneState.IDLE
2025-10-20 17:48:49 - battery_monitor - INFO - Drone 2: Batería 90%, Estado: DroneState.IDLE
2025-10-20 17:48:49 - battery_monitor - INFO - Drone DRN-HW-001: Batería 100%, Estado: DroneState.IDLE
2025-10-20 17:48:49 - battery_monitor - INFO - Drone DRN-MW-002: Batería 85%, Estado: DroneState.IDLE
2025-10-20 17:48:49 - battery_monitor - INFO - Drone DRN-LW-003: Batería 15%, Estado: DroneState.IDLE
2025-10-20 17:48:49 - battery_monitor - INFO - Drone DRN-CW-004: Batería 70%, Estado: DroneState.LOADING
2025-10-20 17:48:49 - battery_monitor - INFO - Drone DRN-MW-005: Batería 55%, Estado: DroneState.DELIVERING
2025-10-20 17:48:49 - battery_monitor - INFO - Drone DRN-HW-006: Batería 30%, Estado: DroneState.RETURNING
2025-10-20 17:48:49 - battery_monitor - INFO - Drone DRN-LW-007: Batería 25%, Estado: DroneState.IDLE
2025-10-20 17:48:49 - battery_monitor - INFO - Drone DRN-CW-008: Batería 95%, Estado: DroneState.IDLE
2025-10-20 17:48:49 - battery_monitor - INFO - Drone DRN-MW-009: Batería 40%, Estado: DroneState.LOADED
2025-10-20 17:48:49 - battery_monitor - INFO - Drone DRN-LW-010: Batería 100%, Estado: DroneState.DELIVERED
2025-10-20 17:48:49 - battery_monitor - INFO - Drone DRN-LW-011: Batería 20%, Estado: DroneState.RETURNING
2025-10-20 17:48:49 - battery_monitor - INFO - Drone 500: Batería 30%, Estado: DroneState.IDLE
2025-10-20 17:48:49 - battery_monitor - INFO - Drone DRN-001-XYZ: Batería 100%, Estado: DroneState.IDLE
2025-10-20 17:48:49 - battery_monitor - INFO - Drone 4: Batería 90%, Estado: DroneState.IDLE
2025-10-20 17:48:49 - battery_monitor - INFO - Drone 5: Batería 90%, Estado: DroneState.IDLE
2025-10-20 17:48:49 - battery_monitor - INFO - Drone 6: Batería 90%, Estado: DroneState.IDLE
2025-10-20 17:48:49 - battery_monitor - INFO - Drone 7: Batería 90%, Estado: DroneState.IDLE
2025-10-20 17:48:49 - battery_monitor - INFO - Drone 10: Batería 80%, Estado: DroneState.IDLE
2025-10-20 17:48:49 - battery_monitor - INFO - Drone 25: Batería 80%, Estado: DroneState.IDLE
2025-10-20 17:48:49 - battery_monitor - INFO - No se encontraron drones con batería baja en estado LOADING para actualizar
2025-10-20 17:49:19 - battery_monitor - INFO - Iniciando verificación de niveles de batería
2025-10-20 17:49:19 - battery_monitor - INFO - === REPORTE DE BATERÍA - 21 drones ===
2025-10-20 17:49:19 - battery_monitor - INFO - Drone 1: Batería 90%, Estado: DroneState.IDLE
2025-10-20 17:49:19 - battery_monitor - INFO - Drone 2: Batería 90%, Estado: DroneState.IDLE
2025-10-20 17:49:19 - battery_monitor - INFO - Drone DRN-HW-001: Batería 100%, Estado: DroneState.IDLE
2025-10-20 17:49:19 - battery_monitor - INFO - Drone DRN-MW-002: Batería 85%, Estado: DroneState.IDLE
2025-10-20 17:49:19 - battery_monitor - INFO - Drone DRN-LW-003: Batería 15%, Estado: DroneState.IDLE
2025-10-20 17:49:19 - battery_monitor - INFO - Drone DRN-CW-004: Batería 70%, Estado: DroneState.LOADING
2025-10-20 17:49:19 - battery_monitor - INFO - Drone DRN-MW-005: Batería 55%, Estado: DroneState.DELIVERING
2025-10-20 17:49:19 - battery_monitor - INFO - Drone DRN-HW-006: Batería 30%, Estado: DroneState.RETURNING
2025-10-20 17:49:19 - battery_monitor - INFO - Drone DRN-LW-007: Batería 25%, Estado: DroneState.IDLE
2025-10-20 17:49:19 - battery_monitor - INFO - Drone DRN-CW-008: Batería 95%, Estado: DroneState.IDLE
2025-10-20 17:49:19 - battery_monitor - INFO - Drone DRN-MW-009: Batería 40%, Estado: DroneState.LOADED
2025-10-20 17:49:19 - battery_monitor - INFO - Drone DRN-LW-010: Batería 100%, Estado: DroneState.DELIVERED
2025-10-20 17:49:19 - battery_monitor - INFO - Drone DRN-LW-011: Batería 20%, Estado: DroneState.RETURNING
2025-10-20 17:49:19 - battery_monitor - INFO - Drone 500: Batería 30%, Estado: DroneState.IDLE
2025-10-20 17:49:19 - battery_monitor - INFO - Drone DRN-001-XYZ: Batería 100%, Estado: DroneState.IDLE
2025-10-20 17:49:19 - battery_monitor - INFO - Drone 4: Batería 90%, Estado: DroneState.IDLE
2025-10-20 17:49:19 - battery_monitor - INFO - Drone 5: Batería 90%, Estado: DroneState.IDLE
2025-10-20 17:49:19 - battery_monitor - INFO - Drone 6: Batería 90%, Estado: DroneState.IDLE
2025-10-20 17:49:19 - battery_monitor - INFO - Drone 7: Batería 90%, Estado: DroneState.IDLE
2025-10-20 17:49:19 - battery_monitor - INFO - Drone 10: Batería 80%, Estado: DroneState.IDLE
2025-10-20 17:49:19 - battery_monitor - INFO - Drone 25: Batería 80%, Estado: DroneState.IDLE
2025-10-20 17:49:19 - battery_monitor - INFO - No se encontraron drones con batería baja en estado LOADING para actualizar
2025-10-20 17:49:49 - battery_monitor - INFO - Iniciando verificación de niveles de batería
2025-10-20 17:49:49 - battery_monitor - INFO - === REPORTE DE BATERÍA - 21 drones ===
2025-10-20 17:49:49 - battery_monitor - INFO - Drone 1: Batería 90%, Estado: DroneState.IDLE
2025-10-20 17:49:49 - battery_monitor - INFO - Drone 2: Batería 90%, Estado: DroneState.IDLE
2025-10-20 17:49:49 - battery_monitor - INFO - Drone DRN-HW-001: Batería 100%, Estado: DroneState.IDLE
2025-10-20 17:49:49 - battery_monitor - INFO - Drone DRN-MW-002: Batería 85%, Estado: DroneState.IDLE
2025-10-20 17:49:49 - battery_monitor - INFO - Drone DRN-LW-003: Batería 15%, Estado: DroneState.IDLE
2025-10-20 17:49:49 - battery_monitor - INFO - Drone DRN-CW-004: Batería 70%, Estado: DroneState.LOADING
2025-10-20 17:49:49 - battery_monitor - INFO - Drone DRN-MW-005: Batería 55%, Estado: DroneState.DELIVERING
2025-10-20 17:49:49 - battery_monitor - INFO - Drone DRN-HW-006: Batería 30%, Estado: DroneState.RETURNING
2025-10-20 17:49:49 - battery_monitor - INFO - Drone DRN-LW-007: Batería 25%, Estado: DroneState.IDLE
2025-10-20 17:49:49 - battery_monitor - INFO - Drone DRN-CW-008: Batería 95%, Estado: DroneState.IDLE
2025-10-20 17:49:49 - battery_monitor - INFO - Drone DRN-MW-009: Batería 40%, Estado: DroneState.LOADED
2025-10-20 17:49:49 - battery_monitor - INFO - Drone DRN-LW-010: Batería 100%, Estado: DroneState.DELIVERED
2025-10-20 17:49:49 - battery_monitor - INFO - Drone DRN-LW-011: Batería 20%, Estado: DroneState.RETURNING
2025-10-20 17:49:49 - battery_monitor - INFO - Drone 500: Batería 30%, Estado: DroneState.IDLE
2025-10-20 17:49:49 - battery_monitor - INFO - Drone DRN-001-XYZ: Batería 100%, Estado: DroneState.IDLE
2025-10-20 17:49:49 - battery_monitor - INFO - Drone 4: Batería 90%, Estado: DroneState.IDLE
2025-10-20 17:49:49 - battery_monitor - INFO - Drone 5: Batería 90%, Estado: DroneState.IDLE
2025-10-20 17:49:49 - battery_monitor - INFO - Drone 6: Batería 90%, Estado: DroneState.IDLE
2025-10-20 17:49:49 - battery_monitor - INFO - Drone 7: Batería 90%, Estado: DroneState.IDLE
2025-10-20 17:49:49 - battery_monitor - INFO - Drone 10: Batería 80%, Estado: DroneState.IDLE
2025-10-20 17:49:49 - battery_monitor - INFO - Drone 25: Batería 80%, Estado: DroneState.IDLE
2025-10-20 17:49:49 - battery_monitor - INFO - No se encontraron drones con batería baja en estado LOADING para actualizar
2025-10-20 17:50:19 - battery_monitor - INFO - Iniciando verificación de niveles de batería
2025-10-20 17:50:19 - battery_monitor - INFO - === REPORTE DE BATERÍA - 21 drones ===
2025-10-20 17:50:19 - battery_monitor - INFO - Drone 1: Batería 90%, Estado: DroneState.IDLE
2025-10-20 17:50:19 - battery_monitor - INFO - Drone 2: Batería 90%, Estado: DroneState.IDLE
2025-10-20 17:50:19 - battery_monitor - INFO - Drone DRN-HW-001: Batería 100%, Estado: DroneState.IDLE
2025-10-20 17:50:19 - battery_monitor - INFO - Drone DRN-MW-002: Batería 85%, Estado: DroneState.IDLE
2025-10-20 17:50:19 - battery_monitor - INFO - Drone DRN-LW-003: Batería 15%, Estado: DroneState.IDLE
2025-10-20 17:50:19 - battery_monitor - INFO - Drone DRN-CW-004: Batería 70%, Estado: DroneState.LOADING
2025-10-20 17:50:19 - battery_monitor - INFO - Drone DRN-MW-005: Batería 55%, Estado: DroneState.DELIVERING
2025-10-20 17:50:19 - battery_monitor - INFO - Drone DRN-HW-006: Batería 30%, Estado: DroneState.RETURNING
2025-10-20 17:50:19 - battery_monitor - INFO - Drone DRN-LW-007: Batería 25%, Estado: DroneState.IDLE
2025-10-20 17:50:19 - battery_monitor - INFO - Drone DRN-CW-008: Batería 95%, Estado: DroneState.IDLE
2025-10-20 17:50:19 - battery_monitor - INFO - Drone DRN-MW-009: Batería 40%, Estado: DroneState.LOADED
2025-10-20 17:50:19 - battery_monitor - INFO - Drone DRN-LW-010: Batería 100%, Estado: DroneState.DELIVERED
2025-10-20 17:50:19 - battery_monitor - INFO - Drone DRN-LW-011: Batería 20%, Estado: DroneState.RETURNING
2025-10-20 17:50:19 - battery_monitor - INFO - Drone 500: Batería 30%, Estado: DroneState.IDLE
2025-10-20 17:50:19 - battery_monitor - INFO - Drone DRN-001-XYZ: Batería 100%, Estado: DroneState.IDLE
2025-10-20 17:50:19 - battery_monitor - INFO - Drone 4: Batería 90%, Estado: DroneState.IDLE
2025-10-20 17:50:19 - battery_monitor - INFO - Drone 5: Batería 90%, Estado: DroneState.IDLE
2025-10-20 17:50:19 - battery_monitor - INFO - Drone 6: Batería 90%, Estado: DroneState.IDLE
2025-10-20 17:50:19 - battery_monitor - INFO - Drone 7: Batería 90%, Estado: DroneState.IDLE
2025-10-20 17:50:19 - battery_monitor - INFO - Drone 10: Batería 80%, Estado: DroneState.IDLE
2025-10-20 17:50:19 - battery_monitor - INFO - Drone 25: Batería 80%, Estado: DroneState.IDLE
2025-10-20 17:50:19 - battery_monitor - INFO - No se encontraron drones con batería baja en estado LOADING para actualizar
2025-10-20 17:50:49 - battery_monitor - INFO - Iniciando verificación de niveles de batería
2025-10-20 17:50:49 - battery_monitor - INFO - === REPORTE DE BATERÍA - 21 drones ===
2025-10-20 17:50:49 - battery_monitor - INFO - Drone 1: Batería 90%, Estado: DroneState.IDLE
2025-10-20 17:50:49 - battery_monitor - INFO - Drone 2: Batería 90%, Estado: DroneState.IDLE
2025-10-20 17:50:49 - battery_monitor - INFO - Drone DRN-HW-001: Batería 100%, Estado: DroneState.IDLE
2025-10-20 17:50:49 - battery_monitor - INFO - Drone DRN-MW-002: Batería 85%, Estado: DroneState.IDLE
2025-10-20 17:50:49 - battery_monitor - INFO - Drone DRN-LW-003: Batería 15%, Estado: DroneState.IDLE
2025-10-20 17:50:49 - battery_monitor - INFO - Drone DRN-CW-004: Batería 70%, Estado: DroneState.LOADING
2025-10-20 17:50:49 - battery_monitor - INFO - Drone DRN-MW-005: Batería 55%, Estado: DroneState.DELIVERING
2025-10-20 17:50:49 - battery_monitor - INFO - Drone DRN-HW-006: Batería 30%, Estado: DroneState.RETURNING
2025-10-20 17:50:49 - battery_monitor - INFO - Drone DRN-LW-007: Batería 25%, Estado: DroneState.IDLE
2025-10-20 17:50:49 - battery_monitor - INFO - Drone DRN-CW-008: Batería 95%, Estado: DroneState.IDLE
2025-10-20 17:50:49 - battery_monitor - INFO - Drone DRN-MW-009: Batería 40%, Estado: DroneState.LOADED
2025-10-20 17:50:49 - battery_monitor - INFO - Drone DRN-LW-010: Batería 100%, Estado: DroneState.DELIVERED
2025-10-20 17:50:49 - battery_monitor - INFO - Drone DRN-LW-011: Batería 20%, Estado: DroneState.RETURNING
2025-10-20 17:50:49 - battery_monitor - INFO - Drone 500: Batería 30%, Estado: DroneState.IDLE
2025-10-20 17:50:49 - battery_monitor - INFO - Drone DRN-001-XYZ: Batería 100%, Estado: DroneState.IDLE
2025-10-20 17:50:49 - battery_monitor - INFO - Drone 4: Batería 90%, Estado: DroneState.IDLE
2025-10-20 17:50:49 - battery_monitor - INFO - Drone 5: Batería 90%, Estado: DroneState.IDLE
2025-10-20 17:50:49 - battery_monitor - INFO - Drone 6: Batería 90%, Estado: DroneState.IDLE
2025-10-20 17:50:49 - battery_monitor - INFO - Drone 7: Batería 90%, Estado: DroneState.IDLE
2025-10-20 17:50:49 - battery_monitor - INFO - Drone 10: Batería 80%, Estado: DroneState.IDLE
2025-10-20 17:50:49 - battery_monitor - INFO - Drone 25: Batería 80%, Estado: DroneState.IDLE
2025-10-20 17:50:49 - battery_monitor - INFO - No se encontraron drones con batería baja en estado LOADING para actualizar
2025-10-20 17:51:19 - battery_monitor - INFO - Iniciando verificación de niveles de batería
2025-10-20 17:51:20 - battery_monitor - INFO - === REPORTE DE BATERÍA - 21 drones ===
2025-10-20 17:51:20 - battery_monitor - INFO - Drone 1: Batería 90%, Estado: DroneState.IDLE
2025-10-20 17:51:20 - battery_monitor - INFO - Drone 2: Batería 90%, Estado: DroneState.IDLE
2025-10-20 17:51:20 - battery_monitor - INFO - Drone DRN-HW-001: Batería 100%, Estado: DroneState.IDLE
2025-10-20 17:51:20 - battery_monitor - INFO - Drone DRN-MW-002: Batería 85%, Estado: DroneState.IDLE
2025-10-20 17:51:20 - battery_monitor - INFO - Drone DRN-LW-003: Batería 15%, Estado: DroneState.IDLE
2025-10-20 17:51:20 - battery_monitor - INFO - Drone DRN-CW-004: Batería 70%, Estado: DroneState.LOADING
2025-10-20 17:51:20 - battery_monitor - INFO - Drone DRN-MW-005: Batería 55%, Estado: DroneState.DELIVERING
2025-10-20 17:51:20 - battery_monitor - INFO - Drone DRN-HW-006: Batería 30%, Estado: DroneState.RETURNING
2025-10-20 17:51:20 - battery_monitor - INFO - Drone DRN-LW-007: Batería 25%, Estado: DroneState.IDLE
2025-10-20 17:51:20 - battery_monitor - INFO - Drone DRN-CW-008: Batería 95%, Estado: DroneState.IDLE
2025-10-20 17:51:20 - battery_monitor - INFO - Drone DRN-MW-009: Batería 40%, Estado: DroneState.LOADED
2025-10-20 17:51:20 - battery_monitor - INFO - Drone DRN-LW-010: Batería 100%, Estado: DroneState.DELIVERED
2025-10-20 17:51:20 - battery_monitor - INFO - Drone DRN-LW-011: Batería 20%, Estado: DroneState.RETURNING
2025-10-20 17:51:20 - battery_monitor - INFO - Drone 500: Batería 30%, Estado: DroneState.IDLE
2025-10-20 17:51:20 - battery_monitor - INFO - Drone DRN-001-XYZ: Batería 100%, Estado: DroneState.IDLE
2025-10-20 17:51:20 - battery_monitor - INFO - Drone 4: Batería 90%, Estado: DroneState.IDLE
2025-10-20 17:51:20 - battery_monitor - INFO - Drone 5: Batería 90%, Estado: DroneState.IDLE
2025-10-20 17:51:20 - battery_monitor - INFO - Drone 6: Batería 90%, Estado: DroneState.IDLE
2025-10-20 17:51:20 - battery_monitor - INFO - Drone 7: Batería 90%, Estado: DroneState.IDLE
2025-10-20 17:51:20 - battery_monitor - INFO - Drone 10: Batería 80%, Estado: DroneState.IDLE
2025-10-20 17:51:20 - battery_monitor - INFO - Drone 25: Batería 80%, Estado: DroneState.IDLE
2025-10-20 17:51:20 - battery_monitor - INFO - No se encontraron drones con batería baja en estado LOADING para actualizar
2025-10-20 17:51:50 - battery_monitor - INFO - Iniciando verificación de niveles de batería
2025-10-20 17:51:50 - battery_monitor - INFO - === REPORTE DE BATERÍA - 21 drones ===
2025-10-20 17:51:50 - battery_monitor - INFO - Drone 1: Batería 90%, Estado: DroneState.IDLE
2025-10-20 17:51:50 - battery_monitor - INFO - Drone 2: Batería 90%, Estado: DroneState.IDLE
2025-10-20 17:51:50 - battery_monitor - INFO - Drone DRN-HW-001: Batería 100%, Estado: DroneState.IDLE
2025-10-20 17:51:50 - battery_monitor - INFO - Drone DRN-MW-002: Batería 85%, Estado: DroneState.IDLE
2025-10-20 17:51:50 - battery_monitor - INFO - Drone DRN-LW-003: Batería 15%, Estado: DroneState.IDLE
2025-10-20 17:51:50 - battery_monitor - INFO - Drone DRN-CW-004: Batería 70%, Estado: DroneState.LOADING
2025-10-20 17:51:50 - battery_monitor - INFO - Drone DRN-MW-005: Batería 55%, Estado: DroneState.DELIVERING
2025-10-20 17:51:50 - battery_monitor - INFO - Drone DRN-HW-006: Batería 30%, Estado: DroneState.RETURNING
2025-10-20 17:51:50 - battery_monitor - INFO - Drone DRN-LW-007: Batería 25%, Estado: DroneState.IDLE
2025-10-20 17:51:50 - battery_monitor - INFO - Drone DRN-CW-008: Batería 95%, Estado: DroneState.IDLE
2025-10-20 17:51:50 - battery_monitor - INFO - Drone DRN-MW-009: Batería 40%, Estado: DroneState.LOADED
2025-10-20 17:51:50 - battery_monitor - INFO - Drone DRN-LW-010: Batería 100%, Estado: DroneState.DELIVERED
2025-10-20 17:51:50 - battery_monitor - INFO - Drone DRN-LW-011: Batería 20%, Estado: DroneState.RETURNING
2025-10-20 17:51:50 - battery_monitor - INFO - Drone 500: Batería 30%, Estado: DroneState.IDLE
2025-10-20 17:51:50 - battery_monitor - INFO - Drone DRN-001-XYZ: Batería 100%, Estado: DroneState.IDLE
2025-10-20 17:51:50 - battery_monitor - INFO - Drone 4: Batería 90%, Estado: DroneState.IDLE
2025-10-20 17:51:50 - battery_monitor - INFO - Drone 5: Batería 90%, Estado: DroneState.IDLE
2025-10-20 17:51:50 - battery_monitor - INFO - Drone 6: Batería 90%, Estado: DroneState.IDLE
2025-10-20 17:51:50 - battery_monitor - INFO - Drone 7: Batería 90%, Estado: DroneState.IDLE
2025-10-20 17:51:50 - battery_monitor - INFO - Drone 10: Batería 80%, Estado: DroneState.IDLE
2025-10-20 17:51:50 - battery_monitor - INFO - Drone 25: Batería 80%, Estado: DroneState.IDLE
2025-10-20 17:51:50 - battery_monitor - INFO - No se encontraron drones con batería baja en estado LOADING para actualizar
2025-10-20 17:52:20 - battery_monitor - INFO - Iniciando verificación de niveles de batería
2025-10-20 17:52:20 - battery_monitor - INFO - === REPORTE DE BATERÍA - 21 drones ===
2025-10-20 17:52:20 - battery_monitor - INFO - Drone 1: Batería 90%, Estado: DroneState.IDLE
2025-10-20 17:52:20 - battery_monitor - INFO - Drone 2: Batería 90%, Estado: DroneState.IDLE
2025-10-20 17:52:20 - battery_monitor - INFO - Drone DRN-HW-001: Batería 100%, Estado: DroneState.IDLE
2025-10-20 17:52:20 - battery_monitor - INFO - Drone DRN-MW-002: Batería 85%, Estado: DroneState.IDLE
2025-10-20 17:52:20 - battery_monitor - INFO - Drone DRN-LW-003: Batería 15%, Estado: DroneState.IDLE
2025-10-20 17:52:20 - battery_monitor - INFO - Drone DRN-CW-004: Batería 70%, Estado: DroneState.LOADING
2025-10-20 17:52:20 - battery_monitor - INFO - Drone DRN-MW-005: Batería 55%, Estado: DroneState.DELIVERING
2025-10-20 17:52:20 - battery_monitor - INFO - Drone DRN-HW-006: Batería 30%, Estado: DroneState.RETURNING
2025-10-20 17:52:20 - battery_monitor - INFO - Drone DRN-LW-007: Batería 25%, Estado: DroneState.IDLE
2025-10-20 17:52:20 - battery_monitor - INFO - Drone DRN-CW-008: Batería 95%, Estado: DroneState.IDLE
2025-10-20 17:52:20 - battery_monitor - INFO - Drone DRN-MW-009: Batería 40%, Estado: DroneState.LOADED
2025-10-20 17:52:20 - battery_monitor - INFO - Drone DRN-LW-010: Batería 100%, Estado: DroneState.DELIVERED
2025-10-20 17:52:20 - battery_monitor - INFO - Drone DRN-LW-011: Batería 20%, Estado: DroneState.RETURNING
2025-10-20 17:52:20 - battery_monitor - INFO - Drone 500: Batería 30%, Estado: DroneState.IDLE
2025-10-20 17:52:20 - battery_monitor - INFO - Drone DRN-001-XYZ: Batería 100%, Estado: DroneState.IDLE
2025-10-20 17:52:20 - battery_monitor - INFO - Drone 4: Batería 90%, Estado: DroneState.IDLE
2025-10-20 17:52:20 - battery_monitor - INFO - Drone 5: Batería 90%, Estado: DroneState.IDLE
2025-10-20 17:52:20 - battery_monitor - INFO - Drone 6: Batería 90%, Estado: DroneState.IDLE
2025-10-20 17:52:20 - battery_monitor - INFO - Drone 7: Batería 90%, Estado: DroneState.IDLE
2025-10-20 17:52:20 - battery_monitor - INFO - Drone 10: Batería 80%, Estado: DroneState.IDLE
2025-10-20 17:52:20 - battery_monitor - INFO - Drone 25: Batería 80%, Estado: DroneState.IDLE
2025-10-20 17:52:20 - battery_monitor - INFO - No se encontraron drones con batería baja en estado LOADING para actualizar
2025-10-20 17:52:50 - battery_monitor - INFO - Iniciando verificación de niveles de batería
2025-10-20 17:52:50 - battery_monitor - INFO - === REPORTE DE BATERÍA - 21 drones ===
2025-10-20 17:52:50 - battery_monitor - INFO - Drone 1: Batería 90%, Estado: DroneState.IDLE
2025-10-20 17:52:50 - battery_monitor - INFO - Drone 2: Batería 90%, Estado: DroneState.IDLE
2025-10-20 17:52:50 - battery_monitor - INFO - Drone DRN-HW-001: Batería 100%, Estado: DroneState.IDLE
2025-10-20 17:52:50 - battery_monitor - INFO - Drone DRN-MW-002: Batería 85%, Estado: DroneState.IDLE
2025-10-20 17:52:50 - battery_monitor - INFO - Drone DRN-LW-003: Batería 15%, Estado: DroneState.IDLE
2025-10-20 17:52:50 - battery_monitor - INFO - Drone DRN-CW-004: Batería 70%, Estado: DroneState.LOADING
2025-10-20 17:52:50 - battery_monitor - INFO - Drone DRN-MW-005: Batería 55%, Estado: DroneState.DELIVERING
2025-10-20 17:52:50 - battery_monitor - INFO - Drone DRN-HW-006: Batería 30%, Estado: DroneState.RETURNING
2025-10-20 17:52:50 - battery_monitor - INFO - Drone DRN-LW-007: Batería 25%, Estado: DroneState.IDLE
2025-10-20 17:52:50 - battery_monitor - INFO - Drone DRN-CW-008: Batería 95%, Estado: DroneState.IDLE
2025-10-20 17:52:50 - battery_monitor - INFO - Drone DRN-MW-009: Batería 40%, Estado: DroneState.LOADED
2025-10-20 17:52:50 - battery_monitor - INFO - Drone DRN-LW-010: Batería 100%, Estado: DroneState.DELIVERED
2025-10-20 17:52:50 - battery_monitor - INFO - Drone DRN-LW-011: Batería 20%, Estado: DroneState.RETURNING
2025-10-20 17:52:50 - battery_monitor - INFO - Drone 500: Batería 30%, Estado: DroneState.IDLE
2025-10-20 17:52:50 - battery_monitor - INFO - Drone DRN-001-XYZ: Batería 100%, Estado: DroneState.IDLE
2025-10-20 17:52:50 - battery_monitor - INFO - Drone 4: Batería 90%, Estado: DroneState.IDLE
2025-10-20 17:52:50 - battery_monitor - INFO - Drone 5: Batería 90%, Estado: DroneState.IDLE
2025-10-20 17:52:50 - battery_monitor - INFO - Drone 6: Batería 90%, Estado: DroneState.IDLE
2025-10-20 17:52:50 - battery_monitor - INFO - Drone 7: Batería 90%, Estado: DroneState.IDLE
2025-10-20 17:52:50 - battery_monitor - INFO - Drone 10: Batería 80%, Estado: DroneState.IDLE
2025-10-20 17:52:50 - battery_monitor - INFO - Drone 25: Batería 80%, Estado: DroneState.IDLE
2025-10-20 17:52:50 - battery_monitor - INFO - No se encontraron drones con batería baja en estado LOADING para actualizar
2025-10-20 17:52:59 - battery_monitor - INFO - Scheduler de monitoreo de batería cancelado
2025-10-20 17:52:59 - battery_monitor - INFO - Scheduler de monitoreo de batería detenido
2025-10-20 17:52:59 - battery_monitor - INFO - Monitor de batería detenido
2025-10-20 17:54:59 - battery_monitor - INFO - Monitor de batería iniciado. Verificando cada 30 segundos
2025-10-20 17:54:59 - battery_monitor - INFO - Iniciando scheduler asíncrono de monitoreo de batería
2025-10-20 17:54:59 - battery_monitor - INFO - Iniciando verificación de niveles de batería
2025-10-20 17:54:59 - battery_monitor - INFO - === REPORTE DE BATERÍA - 21 drones ===
2025-10-20 17:54:59 - battery_monitor - INFO - Drone 1: Batería 90%, Estado: DroneState.IDLE
2025-10-20 17:54:59 - battery_monitor - INFO - Drone 2: Batería 90%, Estado: DroneState.IDLE
2025-10-20 17:54:59 - battery_monitor - INFO - Drone DRN-HW-001: Batería 100%, Estado: DroneState.IDLE
2025-10-20 17:54:59 - battery_monitor - INFO - Drone DRN-MW-002: Batería 85%, Estado: DroneState.IDLE
2025-10-20 17:54:59 - battery_monitor - INFO - Drone DRN-LW-003: Batería 15%, Estado: DroneState.IDLE
2025-10-20 17:54:59 - battery_monitor - INFO - Drone DRN-CW-004: Batería 70%, Estado: DroneState.LOADING
2025-10-20 17:54:59 - battery_monitor - INFO - Drone DRN-MW-005: Batería 55%, Estado: DroneState.DELIVERING
2025-10-20 17:54:59 - battery_monitor - INFO - Drone DRN-HW-006: Batería 30%, Estado: DroneState.RETURNING
2025-10-20 17:54:59 - battery_monitor - INFO - Drone DRN-LW-007: Batería 25%, Estado: DroneState.IDLE
2025-10-20 17:54:59 - battery_monitor - INFO - Drone DRN-CW-008: Batería 95%, Estado: DroneState.IDLE
2025-10-20 17:54:59 - battery_monitor - INFO - Drone DRN-MW-009: Batería 40%, Estado: DroneState.LOADED
2025-10-20 17:54:59 - battery_monitor - INFO - Drone DRN-LW-010: Batería 100%, Estado: DroneState.DELIVERED
2025-10-20 17:54:59 - battery_monitor - INFO - Drone DRN-LW-011: Batería 20%, Estado: DroneState.RETURNING
2025-10-20 17:54:59 - battery_monitor - INFO - Drone 500: Batería 30%, Estado: DroneState.IDLE
2025-10-20 17:54:59 - battery_monitor - INFO - Drone DRN-001-XYZ: Batería 100%, Estado: DroneState.IDLE
2025-10-20 17:54:59 - battery_monitor - INFO - Drone 4: Batería 90%, Estado: DroneState.IDLE
2025-10-20 17:54:59 - battery_monitor - INFO - Drone 5: Batería 90%, Estado: DroneState.IDLE
2025-10-20 17:54:59 - battery_monitor - INFO - Drone 6: Batería 90%, Estado: DroneState.IDLE
2025-10-20 17:54:59 - battery_monitor - INFO - Drone 7: Batería 90%, Estado: DroneState.IDLE
2025-10-20 17:54:59 - battery_monitor - INFO - Drone 10: Batería 80%, Estado: DroneState.IDLE
2025-10-20 17:54:59 - battery_monitor - INFO - Drone 25: Batería 80%, Estado: DroneState.IDLE
2025-10-20 17:54:59 - battery_monitor - INFO - No se encontraron drones con batería baja en estado LOADING para actualizar
2025-10-20 17:55:29 - battery_monitor - INFO - Iniciando verificación de niveles de batería
2025-10-20 17:55:29 - battery_monitor - INFO - === REPORTE DE BATERÍA - 21 drones ===
2025-10-20 17:55:29 - battery_monitor - INFO - Drone 1: Batería 90%, Estado: DroneState.IDLE
2025-10-20 17:55:29 - battery_monitor - INFO - Drone 2: Batería 90%, Estado: DroneState.IDLE
2025-10-20 17:55:29 - battery_monitor - INFO - Drone DRN-HW-001: Batería 100%, Estado: DroneState.IDLE
2025-10-20 17:55:29 - battery_monitor - INFO - Drone DRN-MW-002: Batería 85%, Estado: DroneState.IDLE
2025-10-20 17:55:29 - battery_monitor - INFO - Drone DRN-LW-003: Batería 15%, Estado: DroneState.IDLE
2025-10-20 17:55:29 - battery_monitor - INFO - Drone DRN-CW-004: Batería 70%, Estado: DroneState.LOADING
2025-10-20 17:55:29 - battery_monitor - INFO - Drone DRN-MW-005: Batería 55%, Estado: DroneState.DELIVERING
2025-10-20 17:55:29 - battery_monitor - INFO - Drone DRN-HW-006: Batería 30%, Estado: DroneState.RETURNING
2025-10-20 17:55:29 - battery_monitor - INFO - Drone DRN-LW-007: Batería 25%, Estado: DroneState.IDLE
2025-10-20 17:55:29 - battery_monitor - INFO - Drone DRN-CW-008: Batería 95%, Estado: DroneState.IDLE
2025-10-20 17:55:29 - battery_monitor - INFO - Drone DRN-MW-009: Batería 40%, Estado: DroneState.LOADED
2025-10-20 17:55:29 - battery_monitor - INFO - Drone DRN-LW-010: Batería 100%, Estado: DroneState.DELIVERED
2025-10-20 17:55:29 - battery_monitor - INFO - Drone DRN-LW-011: Batería 20%, Estado: DroneState.RETURNING
2025-10-20 17:55:29 - battery_monitor - INFO - Drone 500: Batería 30%, Estado: DroneState.IDLE
2025-10-20 17:55:29 - battery_monitor - INFO - Drone DRN-001-XYZ: Batería 100%, Estado: DroneState.IDLE
2025-10-20 17:55:29 - battery_monitor - INFO - Drone 4: Batería 90%, Estado: DroneState.IDLE
2025-10-20 17:55:29 - battery_monitor - INFO - Drone 5: Batería 90%, Estado: DroneState.IDLE
2025-10-20 17:55:29 - battery_monitor - INFO - Drone 6: Batería 90%, Estado: DroneState.IDLE
2025-10-20 17:55:29 - battery_monitor - INFO - Drone 7: Batería 90%, Estado: DroneState.IDLE
2025-10-20 17:55:29 - battery_monitor - INFO - Drone 10: Batería 80%, Estado: DroneState.IDLE
2025-10-20 17:55:29 - battery_monitor - INFO - Drone 25: Batería 80%, Estado: DroneState.IDLE
2025-10-20 17:55:29 - battery_monitor - INFO - No se encontraron drones con batería baja en estado LOADING para actualizar
2025-10-20 17:55:59 - battery_monitor - INFO - Iniciando verificación de niveles de batería
2025-10-20 17:55:59 - battery_monitor - INFO - === REPORTE DE BATERÍA - 21 drones ===
2025-10-20 17:55:59 - battery_monitor - INFO - Drone 1: Batería 90%, Estado: DroneState.IDLE
2025-10-20 17:55:59 - battery_monitor - INFO - Drone 2: Batería 90%, Estado: DroneState.IDLE
2025-10-20 17:55:59 - battery_monitor - INFO - Drone DRN-HW-001: Batería 100%, Estado: DroneState.IDLE
2025-10-20 17:55:59 - battery_monitor - INFO - Drone DRN-MW-002: Batería 85%, Estado: DroneState.IDLE
2025-10-20 17:55:59 - battery_monitor - INFO - Drone DRN-LW-003: Batería 15%, Estado: DroneState.IDLE
2025-10-20 17:55:59 - battery_monitor - INFO - Drone DRN-CW-004: Batería 70%, Estado: DroneState.LOADING
2025-10-20 17:55:59 - battery_monitor - INFO - Drone DRN-MW-005: Batería 55%, Estado: DroneState.DELIVERING
2025-10-20 17:55:59 - battery_monitor - INFO - Drone DRN-HW-006: Batería 30%, Estado: DroneState.RETURNING
2025-10-20 17:55:59 - battery_monitor - INFO - Drone DRN-LW-007: Batería 25%, Estado: DroneState.IDLE
2025-10-20 17:55:59 - battery_monitor - INFO - Drone DRN-CW-008: Batería 95%, Estado: DroneState.IDLE
2025-10-20 17:55:59 - battery_monitor - INFO - Drone DRN-MW-009: Batería 40%, Estado: DroneState.LOADED
2025-10-20 17:55:59 - battery_monitor - INFO - Drone DRN-LW-010: Batería 100%, Estado: DroneState.DELIVERED
2025-10-20 17:55:59 - battery_monitor - INFO - Drone DRN-LW-011: Batería 20%, Estado: DroneState.RETURNING
2025-10-20 17:55:59 - battery_monitor - INFO - Drone 500: Batería 30%, Estado: DroneState.IDLE
2025-10-20 17:55:59 - battery_monitor - INFO - Drone DRN-001-XYZ: Batería 100%, Estado: DroneState.IDLE
2025-10-20 17:55:59 - battery_monitor - INFO - Drone 4: Batería 90%, Estado: DroneState.IDLE
2025-10-20 17:55:59 - battery_monitor - INFO - Drone 5: Batería 90%, Estado: DroneState.IDLE
2025-10-20 17:55:59 - battery_monitor - INFO - Drone 6: Batería 90%, Estado: DroneState.IDLE
2025-10-20 17:55:59 - battery_monitor - INFO - Drone 7: Batería 90%, Estado: DroneState.IDLE
2025-10-20 17:55:59 - battery_monitor - INFO - Drone 10: Batería 80%, Estado: DroneState.IDLE
2025-10-20 17:55:59 - battery_monitor - INFO - Drone 25: Batería 80%, Estado: DroneState.IDLE
2025-10-20 17:55:59 - battery_monitor - INFO - No se encontraron drones con batería baja en estado LOADING para actualizar
2025-10-20 17:56:29 - battery_monitor - INFO - Iniciando verificación de niveles de batería
2025-10-20 17:56:29 - battery_monitor - INFO - === REPORTE DE BATERÍA - 21 drones ===
2025-10-20 17:56:29 - battery_monitor - INFO - Drone 1: Batería 90%, Estado: DroneState.IDLE
2025-10-20 17:56:29 - battery_monitor - INFO - Drone 2: Batería 90%, Estado: DroneState.IDLE
2025-10-20 17:56:29 - battery_monitor - INFO - Drone DRN-HW-001: Batería 100%, Estado: DroneState.IDLE
2025-10-20 17:56:29 - battery_monitor - INFO - Drone DRN-MW-002: Batería 85%, Estado: DroneState.IDLE
2025-10-20 17:56:29 - battery_monitor - INFO - Drone DRN-LW-003: Batería 15%, Estado: DroneState.IDLE
2025-10-20 17:56:29 - battery_monitor - INFO - Drone DRN-CW-004: Batería 70%, Estado: DroneState.LOADING
2025-10-20 17:56:29 - battery_monitor - INFO - Drone DRN-MW-005: Batería 55%, Estado: DroneState.DELIVERING
2025-10-20 17:56:29 - battery_monitor - INFO - Drone DRN-HW-006: Batería 30%, Estado: DroneState.RETURNING
2025-10-20 17:56:29 - battery_monitor - INFO - Drone DRN-LW-007: Batería 25%, Estado: DroneState.IDLE
2025-10-20 17:56:29 - battery_monitor - INFO - Drone DRN-CW-008: Batería 95%, Estado: DroneState.IDLE
2025-10-20 17:56:29 - battery_monitor - INFO - Drone DRN-MW-009: Batería 40%, Estado: DroneState.LOADED
2025-10-20 17:56:29 - battery_monitor - INFO - Drone DRN-LW-010: Batería 100%, Estado: DroneState.DELIVERED
2025-10-20 17:56:29 - battery_monitor - INFO - Drone DRN-LW-011: Batería 20%, Estado: DroneState.RETURNING
2025-10-20 17:56:29 - battery_monitor - INFO - Drone 500: Batería 30%, Estado: DroneState.IDLE
2025-10-20 17:56:29 - battery_monitor - INFO - Drone DRN-001-XYZ: Batería 100%, Estado: DroneState.IDLE
2025-10-20 17:56:29 - battery_monitor - INFO - Drone 4: Batería 90%, Estado: DroneState.IDLE
2025-10-20 17:56:29 - battery_monitor - INFO - Drone 5: Batería 90%, Estado: DroneState.IDLE
2025-10-20 17:56:29 - battery_monitor - INFO - Drone 6: Batería 90%, Estado: DroneState.IDLE
2025-10-20 17:56:29 - battery_monitor - INFO - Drone 7: Batería 90%, Estado: DroneState.IDLE
2025-10-20 17:56:29 - battery_monitor - INFO - Drone 10: Batería 80%, Estado: DroneState.IDLE
2025-10-20 17:56:29 - battery_monitor - INFO - Drone 25: Batería 80%, Estado: DroneState.IDLE
2025-10-20 17:56:29 - battery_monitor - INFO - No se encontraron drones con batería baja en estado LOADING para actualizar
2025-10-20 17:56:59 - battery_monitor - INFO - Iniciando verificación de niveles de batería
2025-10-20 17:56:59 - battery_monitor - INFO - === REPORTE DE BATERÍA - 21 drones ===
2025-10-20 17:56:59 - battery_monitor - INFO - Drone 1: Batería 90%, Estado: DroneState.IDLE
2025-10-20 17:56:59 - battery_monitor - INFO - Drone 2: Batería 90%, Estado: DroneState.IDLE
2025-10-20 17:56:59 - battery_monitor - INFO - Drone DRN-HW-001: Batería 100%, Estado: DroneState.IDLE
2025-10-20 17:56:59 - battery_monitor - INFO - Drone DRN-MW-002: Batería 85%, Estado: DroneState.IDLE
2025-10-20 17:56:59 - battery_monitor - INFO - Drone DRN-LW-003: Batería 15%, Estado: DroneState.IDLE
2025-10-20 17:56:59 - battery_monitor - INFO - Drone DRN-CW-004: Batería 70%, Estado: DroneState.LOADING
2025-10-20 17:56:59 - battery_monitor - INFO - Drone DRN-MW-005: Batería 55%, Estado: DroneState.DELIVERING
2025-10-20 17:56:59 - battery_monitor - INFO - Drone DRN-HW-006: Batería 30%, Estado: DroneState.RETURNING
2025-10-20 17:56:59 - battery_monitor - INFO - Drone DRN-LW-007: Batería 25%, Estado: DroneState.IDLE
2025-10-20 17:56:59 - battery_monitor - INFO - Drone DRN-CW-008: Batería 95%, Estado: DroneState.IDLE
2025-10-20 17:56:59 - battery_monitor - INFO - Drone DRN-MW-009: Batería 40%, Estado: DroneState.LOADED
2025-10-20 17:56:59 - battery_monitor - INFO - Drone DRN-LW-010: Batería 100%, Estado: DroneState.DELIVERED
2025-10-20 17:56:59 - battery_monitor - INFO - Drone DRN-LW-011: Batería 20%, Estado: DroneState.RETURNING
2025-10-20 17:56:59 - battery_monitor - INFO - Drone 500: Batería 30%, Estado: DroneState.IDLE
2025-10-20 17:56:59 - battery_monitor - INFO - Drone DRN-001-XYZ: Batería 100%, Estado: DroneState.IDLE
2025-10-20 17:56:59 - battery_monitor - INFO - Drone 4: Batería 90%, Estado: DroneState.IDLE
2025-10-20 17:56:59 - battery_monitor - INFO - Drone 5: Batería 90%, Estado: DroneState.IDLE
2025-10-20 17:56:59 - battery_monitor - INFO - Drone 6: Batería 90%, Estado: DroneState.IDLE
2025-10-20 17:56:59 - battery_monitor - INFO - Drone 7: Batería 90%, Estado: DroneState.IDLE
2025-10-20 17:56:59 - battery_monitor - INFO - Drone 10: Batería 80%, Estado: DroneState.IDLE
2025-10-20 17:56:59 - battery_monitor - INFO - Drone 25: Batería 80%, Estado: DroneState.IDLE
2025-10-20 17:56:59 - battery_monitor - INFO - No se encontraron drones con batería baja en estado LOADING para actualizar
2025-10-20 17:57:29 - battery_monitor - INFO - Iniciando verificación de niveles de batería
2025-10-20 17:57:29 - battery_monitor - INFO - === REPORTE DE BATERÍA - 21 drones ===
2025-10-20 17:57:29 - battery_monitor - INFO - Drone 1: Batería 90%, Estado: DroneState.IDLE
2025-10-20 17:57:29 - battery_monitor - INFO - Drone 2: Batería 90%, Estado: DroneState.IDLE
2025-10-20 17:57:29 - battery_monitor - INFO - Drone DRN-HW-001: Batería 100%, Estado: DroneState.IDLE
2025-10-20 17:57:29 - battery_monitor - INFO - Drone DRN-MW-002: Batería 85%, Estado: DroneState.IDLE
2025-10-20 17:57:29 - battery_monitor - INFO - Drone DRN-LW-003: Batería 15%, Estado: DroneState.IDLE
2025-10-20 17:57:29 - battery_monitor - INFO - Drone DRN-CW-004: Batería 70%, Estado: DroneState.LOADING
2025-10-20 17:57:29 - battery_monitor - INFO - Drone DRN-MW-005: Batería 55%, Estado: DroneState.DELIVERING
2025-10-20 17:57:29 - battery_monitor - INFO - Drone DRN-HW-006: Batería 30%, Estado: DroneState.RETURNING
2025-10-20 17:57:29 - battery_monitor - INFO - Drone DRN-LW-007: Batería 25%, Estado: DroneState.IDLE
2025-10-20 17:57:29 - battery_monitor - INFO - Drone DRN-CW-008: Batería 95%, Estado: DroneState.IDLE
2025-10-20 17:57:29 - battery_monitor - INFO - Drone DRN-MW-009: Batería 40%, Estado: DroneState.LOADED
2025-10-20 17:57:29 - battery_monitor - INFO - Drone DRN-LW-010: Batería 100%, Estado: DroneState.DELIVERED
2025-10-20 17:57:29 - battery_monitor - INFO - Drone DRN-LW-011: Batería 20%, Estado: DroneState.RETURNING
2025-10-20 17:57:29 - battery_monitor - INFO - Drone 500: Batería 30%, Estado: DroneState.IDLE
2025-10-20 17:57:29 - battery_monitor - INFO - Drone DRN-001-XYZ: Batería 100%, Estado: DroneState.IDLE
2025-10-20 17:57:29 - battery_monitor - INFO - Drone 4: Batería 90%, Estado: DroneState.IDLE
2025-10-20 17:57:29 - battery_monitor - INFO - Drone 5: Batería 90%, Estado: DroneState.IDLE
2025-10-20 17:57:29 - battery_monitor - INFO - Drone 6: Batería 90%, Estado: DroneState.IDLE
2025-10-20 17:57:29 - battery_monitor - INFO - Drone 7: Batería 90%, Estado: DroneState.IDLE
2025-10-20 17:57:29 - battery_monitor - INFO - Drone 10: Batería 80%, Estado: DroneState.IDLE
2025-10-20 17:57:29 - battery_monitor - INFO - Drone 25: Batería 80%, Estado: DroneState.IDLE
2025-10-20 17:57:29 - battery_monitor - INFO - No se encontraron drones con batería baja en estado LOADING para actualizar
2025-10-20 17:57:59 - battery_monitor - INFO - Iniciando verificación de niveles de batería
2025-10-20 17:57:59 - battery_monitor - INFO - === REPORTE DE BATERÍA - 21 drones ===
2025-10-20 17:57:59 - battery_monitor - INFO - Drone 1: Batería 90%, Estado: DroneState.IDLE
2025-10-20 17:57:59 - battery_monitor - INFO - Drone 2: Batería 90%, Estado: DroneState.IDLE
2025-10-20 17:57:59 - battery_monitor - INFO - Drone DRN-HW-001: Batería 100%, Estado: DroneState.IDLE
2025-10-20 17:57:59 - battery_monitor - INFO - Drone DRN-MW-002: Batería 85%, Estado: DroneState.IDLE
2025-10-20 17:57:59 - battery_monitor - INFO - Drone DRN-LW-003: Batería 15%, Estado: DroneState.IDLE
2025-10-20 17:57:59 - battery_monitor - INFO - Drone DRN-CW-004: Batería 70%, Estado: DroneState.LOADING
2025-10-20 17:57:59 - battery_monitor - INFO - Drone DRN-MW-005: Batería 55%, Estado: DroneState.DELIVERING
2025-10-20 17:57:59 - battery_monitor - INFO - Drone DRN-HW-006: Batería 30%, Estado: DroneState.RETURNING
2025-10-20 17:57:59 - battery_monitor - INFO - Drone DRN-LW-007: Batería 25%, Estado: DroneState.IDLE
2025-10-20 17:57:59 - battery_monitor - INFO - Drone DRN-CW-008: Batería 95%, Estado: DroneState.IDLE
2025-10-20 17:57:59 - battery_monitor - INFO - Drone DRN-MW-009: Batería 40%, Estado: DroneState.LOADED
2025-10-20 17:57:59 - battery_monitor - INFO - Drone DRN-LW-010: Batería 100%, Estado: DroneState.DELIVERED
2025-10-20 17:57:59 - battery_monitor - INFO - Drone DRN-LW-011: Batería 20%, Estado: DroneState.RETURNING
2025-10-20 17:57:59 - battery_monitor - INFO - Drone 500: Batería 30%, Estado: DroneState.IDLE
2025-10-20 17:57:59 - battery_monitor - INFO - Drone DRN-001-XYZ: Batería 100%, Estado: DroneState.IDLE
2025-10-20 17:57:59 - battery_monitor - INFO - Drone 4: Batería 90%, Estado: DroneState.IDLE
2025-10-20 17:57:59 - battery_monitor - INFO - Drone 5: Batería 90%, Estado: DroneState.IDLE
2025-10-20 17:57:59 - battery_monitor - INFO - Drone 6: Batería 90%, Estado: DroneState.IDLE
2025-10-20 17:57:59 - battery_monitor - INFO - Drone 7: Batería 90%, Estado: DroneState.IDLE
2025-10-20 17:57:59 - battery_monitor - INFO - Drone 10: Batería 80%, Estado: DroneState.IDLE
2025-10-20 17:57:59 - battery_monitor - INFO - Drone 25: Batería 80%, Estado: DroneState.IDLE
2025-10-20 17:57:59 - battery_monitor - INFO - No se encontraron drones con batería baja en estado LOADING para actualizar
2025-10-20 17:58:29 - battery_monitor - INFO - Iniciando verificación de niveles de batería
2025-10-20 17:58:29 - battery_monitor - INFO - === REPORTE DE BATERÍA - 21 drones ===
2025-10-20 17:58:29 - battery_monitor - INFO - Drone 1: Batería 90%, Estado: DroneState.IDLE
2025-10-20 17:58:29 - battery_monitor - INFO - Drone 2: Batería 90%, Estado: DroneState.IDLE
2025-10-20 17:58:29 - battery_monitor - INFO - Drone DRN-HW-001: Batería 100%, Estado: DroneState.IDLE
2025-10-20 17:58:29 - battery_monitor - INFO - Drone DRN-MW-002: Batería 85%, Estado: DroneState.IDLE
2025-10-20 17:58:29 - battery_monitor - INFO - Drone DRN-LW-003: Batería 15%, Estado: DroneState.IDLE
2025-10-20 17:58:29 - battery_monitor - INFO - Drone DRN-CW-004: Batería 70%, Estado: DroneState.LOADING
2025-10-20 17:58:29 - battery_monitor - INFO - Drone DRN-MW-005: Batería 55%, Estado: DroneState.DELIVERING
2025-10-20 17:58:29 - battery_monitor - INFO - Drone DRN-HW-006: Batería 30%, Estado: DroneState.RETURNING
2025-10-20 17:58:29 - battery_monitor - INFO - Drone DRN-LW-007: Batería 25%, Estado: DroneState.IDLE
2025-10-20 17:58:29 - battery_monitor - INFO - Drone DRN-CW-008: Batería 95%, Estado: DroneState.IDLE
2025-10-20 17:58:29 - battery_monitor - INFO - Drone DRN-MW-009: Batería 40%, Estado: DroneState.LOADED
2025-10-20 17:58:29 - battery_monitor - INFO - Drone DRN-LW-010: Batería 100%, Estado: DroneState.DELIVERED
2025-10-20 17:58:29 - battery_monitor - INFO - Drone DRN-LW-011: Batería 20%, Estado: DroneState.RETURNING
2025-10-20 17:58:29 - battery_monitor - INFO - Drone 500: Batería 30%, Estado: DroneState.IDLE
2025-10-20 17:58:29 - battery_monitor - INFO - Drone DRN-001-XYZ: Batería 100%, Estado: DroneState.IDLE
2025-10-20 17:58:29 - battery_monitor - INFO - Drone 4: Batería 90%, Estado: DroneState.IDLE
2025-10-20 17:58:29 - battery_monitor - INFO - Drone 5: Batería 90%, Estado: DroneState.IDLE
2025-10-20 17:58:29 - battery_monitor - INFO - Drone 6: Batería 90%, Estado: DroneState.IDLE
2025-10-20 17:58:29 - battery_monitor - INFO - Drone 7: Batería 90%, Estado: DroneState.IDLE
2025-10-20 17:58:29 - battery_monitor - INFO - Drone 10: Batería 80%, Estado: DroneState.IDLE
2025-10-20 17:58:29 - battery_monitor - INFO - Drone 25: Batería 80%, Estado: DroneState.IDLE
2025-10-20 17:58:29 - battery_monitor - INFO - No se encontraron drones con batería baja en estado LOADING para actualizar
2025-10-20 17:58:59 - battery_monitor - INFO - Iniciando verificación de niveles de batería
2025-10-20 17:58:59 - battery_monitor - INFO - === REPORTE DE BATERÍA - 21 drones ===
2025-10-20 17:58:59 - battery_monitor - INFO - Drone 1: Batería 90%, Estado: DroneState.IDLE
2025-10-20 17:58:59 - battery_monitor - INFO - Drone 2: Batería 90%, Estado: DroneState.IDLE
2025-10-20 17:58:59 - battery_monitor - INFO - Drone DRN-HW-001: Batería 100%, Estado: DroneState.IDLE
2025-10-20 17:58:59 - battery_monitor - INFO - Drone DRN-MW-002: Batería 85%, Estado: DroneState.IDLE
2025-10-20 17:58:59 - battery_monitor - INFO - Drone DRN-LW-003: Batería 15%, Estado: DroneState.IDLE
2025-10-20 17:58:59 - battery_monitor - INFO - Drone DRN-CW-004: Batería 70%, Estado: DroneState.LOADING
2025-10-20 17:58:59 - battery_monitor - INFO - Drone DRN-MW-005: Batería 55%, Estado: DroneState.DELIVERING
2025-10-20 17:58:59 - battery_monitor - INFO - Drone DRN-HW-006: Batería 30%, Estado: DroneState.RETURNING
2025-10-20 17:58:59 - battery_monitor - INFO - Drone DRN-LW-007: Batería 25%, Estado: DroneState.IDLE
2025-10-20 17:58:59 - battery_monitor - INFO - Drone DRN-CW-008: Batería 95%, Estado: DroneState.IDLE
2025-10-20 17:58:59 - battery_monitor - INFO - Drone DRN-MW-009: Batería 40%, Estado: DroneState.LOADED
2025-10-20 17:58:59 - battery_monitor - INFO - Drone DRN-LW-010: Batería 100%, Estado: DroneState.DELIVERED
2025-10-20 17:58:59 - battery_monitor - INFO - Drone DRN-LW-011: Batería 20%, Estado: DroneState.RETURNING
2025-10-20 17:58:59 - battery_monitor - INFO - Drone 500: Batería 30%, Estado: DroneState.IDLE
2025-10-20 17:58:59 - battery_monitor - INFO - Drone DRN-001-XYZ: Batería 100%, Estado: DroneState.IDLE
2025-10-20 17:58:59 - battery_monitor - INFO - Drone 4: Batería 90%, Estado: DroneState.IDLE
2025-10-20 17:58:59 - battery_monitor - INFO - Drone 5: Batería 90%, Estado: DroneState.IDLE
2025-10-20 17:58:59 - battery_monitor - INFO - Drone 6: Batería 90%, Estado: DroneState.IDLE
2025-10-20 17:58:59 - battery_monitor - INFO - Drone 7: Batería 90%, Estado: DroneState.IDLE
2025-10-20 17:58:59 - battery_monitor - INFO - Drone 10: Batería 80%, Estado: DroneState.IDLE
2025-10-20 17:58:59 - battery_monitor - INFO - Drone 25: Batería 80%, Estado: DroneState.IDLE
2025-10-20 17:58:59 - battery_monitor - INFO - No se encontraron drones con batería baja en estado LOADING para actualizar
2025-10-20 17:59:29 - battery_monitor - INFO - Iniciando verificación de niveles de batería
2025-10-20 17:59:29 - battery_monitor - INFO - === REPORTE DE BATERÍA - 21 drones ===
2025-10-20 17:59:29 - battery_monitor - INFO - Drone 1: Batería 90%, Estado: DroneState.IDLE
2025-10-20 17:59:29 - battery_monitor - INFO - Drone 2: Batería 90%, Estado: DroneState.IDLE
2025-10-20 17:59:29 - battery_monitor - INFO - Drone DRN-HW-001: Batería 100%, Estado: DroneState.IDLE
2025-10-20 17:59:29 - battery_monitor - INFO - Drone DRN-MW-002: Batería 85%, Estado: DroneState.IDLE
2025-10-20 17:59:29 - battery_monitor - INFO - Drone DRN-LW-003: Batería 15%, Estado: DroneState.IDLE
2025-10-20 17:59:29 - battery_monitor - INFO - Drone DRN-CW-004: Batería 70%, Estado: DroneState.LOADING
2025-10-20 17:59:29 - battery_monitor - INFO - Drone DRN-MW-005: Batería 55%, Estado: DroneState.DELIVERING
2025-10-20 17:59:29 - battery_monitor - INFO - Drone DRN-HW-006: Batería 30%, Estado: DroneState.RETURNING
2025-10-20 17:59:29 - battery_monitor - INFO - Drone DRN-LW-007: Batería 25%, Estado: DroneState.IDLE
2025-10-20 17:59:29 - battery_monitor - INFO - Drone DRN-CW-008: Batería 95%, Estado: DroneState.IDLE
2025-10-20 17:59:29 - battery_monitor - INFO - Drone DRN-MW-009: Batería 40%, Estado: DroneState.LOADED
2025-10-20 17:59:29 - battery_monitor - INFO - Drone DRN-LW-010: Batería 100%, Estado: DroneState.DELIVERED
2025-10-20 17:59:29 - battery_monitor - INFO - Drone DRN-LW-011: Batería 20%, Estado: DroneState.RETURNING
2025-10-20 17:59:29 - battery_monitor - INFO - Drone 500: Batería 30%, Estado: DroneState.IDLE
2025-10-20 17:59:29 - battery_monitor - INFO - Drone DRN-001-XYZ: Batería 100%, Estado: DroneState.IDLE
2025-10-20 17:59:29 - battery_monitor - INFO - Drone 4: Batería 90%, Estado: DroneState.IDLE
2025-10-20 17:59:29 - battery_monitor - INFO - Drone 5: Batería 90%, Estado: DroneState.IDLE
2025-10-20 17:59:29 - battery_monitor - INFO - Drone 6: Batería 90%, Estado: DroneState.IDLE
2025-10-20 17:59:29 - battery_monitor - INFO - Drone 7: Batería 90%, Estado: DroneState.IDLE
2025-10-20 17:59:29 - battery_monitor - INFO - Drone 10: Batería 80%, Estado: DroneState.IDLE
2025-10-20 17:59:29 - battery_monitor - INFO - Drone 25: Batería 80%, Estado: DroneState.IDLE
2025-10-20 17:59:29 - battery_monitor - INFO - No se encontraron drones con batería baja en estado LOADING para actualizar
2025-10-20 17:59:59 - battery_monitor - INFO - Iniciando verificación de niveles de batería
2025-10-20 17:59:59 - battery_monitor - INFO - === REPORTE DE BATERÍA - 21 drones ===
2025-10-20 17:59:59 - battery_monitor - INFO - Drone 1: Batería 90%, Estado: DroneState.IDLE
2025-10-20 17:59:59 - battery_monitor - INFO - Drone 2: Batería 90%, Estado: DroneState.IDLE
2025-10-20 17:59:59 - battery_monitor - INFO - Drone DRN-HW-001: Batería 100%, Estado: DroneState.IDLE
2025-10-20 17:59:59 - battery_monitor - INFO - Drone DRN-MW-002: Batería 85%, Estado: DroneState.IDLE
2025-10-20 17:59:59 - battery_monitor - INFO - Drone DRN-LW-003: Batería 15%, Estado: DroneState.IDLE
2025-10-20 17:59:59 - battery_monitor - INFO - Drone DRN-CW-004: Batería 70%, Estado: DroneState.LOADING
2025-10-20 17:59:59 - battery_monitor - INFO - Drone DRN-MW-005: Batería 55%, Estado: DroneState.DELIVERING
2025-10-20 17:59:59 - battery_monitor - INFO - Drone DRN-HW-006: Batería 30%, Estado: DroneState.RETURNING
2025-10-20 17:59:59 - battery_monitor - INFO - Drone DRN-LW-007: Batería 25%, Estado: DroneState.IDLE
2025-10-20 17:59:59 - battery_monitor - INFO - Drone DRN-CW-008: Batería 95%, Estado: DroneState.IDLE
2025-10-20 17:59:59 - battery_monitor - INFO - Drone DRN-MW-009: Batería 40%, Estado: DroneState.LOADED
2025-10-20 17:59:59 - battery_monitor - INFO - Drone DRN-LW-010: Batería 100%, Estado: DroneState.DELIVERED
2025-10-20 17:59:59 - battery_monitor - INFO - Drone DRN-LW-011: Batería 20%, Estado: DroneState.RETURNING
2025-10-20 17:59:59 - battery_monitor - INFO - Drone 500: Batería 30%, Estado: DroneState.IDLE
2025-10-20 17:59:59 - battery_monitor - INFO - Drone DRN-001-XYZ: Batería 100%, Estado: DroneState.IDLE
2025-10-20 17:59:59 - battery_monitor - INFO - Drone 4: Batería 90%, Estado: DroneState.IDLE
2025-10-20 17:59:59 - battery_monitor - INFO - Drone 5: Batería 90%, Estado: DroneState.IDLE
2025-10-20 17:59:59 - battery_monitor - INFO - Drone 6: Batería 90%, Estado: DroneState.IDLE
2025-10-20 17:59:59 - battery_monitor - INFO - Drone 7: Batería 90%, Estado: DroneState.IDLE
2025-10-20 17:59:59 - battery_monitor - INFO - Drone 10: Batería 80%, Estado: DroneState.IDLE
2025-10-20 17:59:59 - battery_monitor - INFO - Drone 25: Batería 80%, Estado: DroneState.IDLE
2025-10-20 17:59:59 - battery_monitor - INFO - No se encontraron drones con batería baja en estado LOADING para actualizar
2025-10-20 18:00:29 - battery_monitor - INFO - Iniciando verificación de niveles de batería
2025-10-20 18:00:29 - battery_monitor - INFO - === REPORTE DE BATERÍA - 21 drones ===
2025-10-20 18:00:29 - battery_monitor - INFO - Drone 1: Batería 90%, Estado: DroneState.IDLE
2025-10-20 18:00:29 - battery_monitor - INFO - Drone 2: Batería 90%, Estado: DroneState.IDLE
2025-10-20 18:00:29 - battery_monitor - INFO - Drone DRN-HW-001: Batería 100%, Estado: DroneState.IDLE
2025-10-20 18:00:29 - battery_monitor - INFO - Drone DRN-MW-002: Batería 85%, Estado: DroneState.IDLE
2025-10-20 18:00:29 - battery_monitor - INFO - Drone DRN-LW-003: Batería 15%, Estado: DroneState.IDLE
2025-10-20 18:00:29 - battery_monitor - INFO - Drone DRN-CW-004: Batería 70%, Estado: DroneState.LOADING
2025-10-20 18:00:29 - battery_monitor - INFO - Drone DRN-MW-005: Batería 55%, Estado: DroneState.DELIVERING
2025-10-20 18:00:29 - battery_monitor - INFO - Drone DRN-HW-006: Batería 30%, Estado: DroneState.RETURNING
2025-10-20 18:00:29 - battery_monitor - INFO - Drone DRN-LW-007: Batería 25%, Estado: DroneState.IDLE
2025-10-20 18:00:29 - battery_monitor - INFO - Drone DRN-CW-008: Batería 95%, Estado: DroneState.IDLE
2025-10-20 18:00:29 - battery_monitor - INFO - Drone DRN-MW-009: Batería 40%, Estado: DroneState.LOADED
2025-10-20 18:00:29 - battery_monitor - INFO - Drone DRN-LW-010: Batería 100%, Estado: DroneState.DELIVERED
2025-10-20 18:00:29 - battery_monitor - INFO - Drone DRN-LW-011: Batería 20%, Estado: DroneState.RETURNING
2025-10-20 18:00:29 - battery_monitor - INFO - Drone 500: Batería 30%, Estado: DroneState.IDLE
2025-10-20 18:00:29 - battery_monitor - INFO - Drone DRN-001-XYZ: Batería 100%, Estado: DroneState.IDLE
2025-10-20 18:00:29 - battery_monitor - INFO - Drone 4: Batería 90%, Estado: DroneState.IDLE
2025-10-20 18:00:29 - battery_monitor - INFO - Drone 5: Batería 90%, Estado: DroneState.IDLE
2025-10-20 18:00:29 - battery_monitor - INFO - Drone 6: Batería 90%, Estado: DroneState.IDLE
2025-10-20 18:00:29 - battery_monitor - INFO - Drone 7: Batería 90%, Estado: DroneState.IDLE
2025-10-20 18:00:29 - battery_monitor - INFO - Drone 10: Batería 80%, Estado: DroneState.IDLE
2025-10-20 18:00:29 - battery_monitor - INFO - Drone 25: Batería 80%, Estado: DroneState.IDLE
2025-10-20 18:00:29 - battery_monitor - INFO - No se encontraron drones con batería baja en estado LOADING para actualizar
2025-10-20 18:00:59 - battery_monitor - INFO - Iniciando verificación de niveles de batería
2025-10-20 18:00:59 - battery_monitor - INFO - === REPORTE DE BATERÍA - 21 drones ===
2025-10-20 18:00:59 - battery_monitor - INFO - Drone 1: Batería 90%, Estado: DroneState.IDLE
2025-10-20 18:00:59 - battery_monitor - INFO - Drone 2: Batería 90%, Estado: DroneState.IDLE
2025-10-20 18:00:59 - battery_monitor - INFO - Drone DRN-HW-001: Batería 100%, Estado: DroneState.IDLE
2025-10-20 18:00:59 - battery_monitor - INFO - Drone DRN-MW-002: Batería 85%, Estado: DroneState.IDLE
2025-10-20 18:00:59 - battery_monitor - INFO - Drone DRN-LW-003: Batería 15%, Estado: DroneState.IDLE
2025-10-20 18:00:59 - battery_monitor - INFO - Drone DRN-CW-004: Batería 70%, Estado: DroneState.LOADING
2025-10-20 18:00:59 - battery_monitor - INFO - Drone DRN-MW-005: Batería 55%, Estado: DroneState.DELIVERING
2025-10-20 18:00:59 - battery_monitor - INFO - Drone DRN-HW-006: Batería 30%, Estado: DroneState.RETURNING
2025-10-20 18:00:59 - battery_monitor - INFO - Drone DRN-LW-007: Batería 25%, Estado: DroneState.IDLE
2025-10-20 18:00:59 - battery_monitor - INFO - Drone DRN-CW-008: Batería 95%, Estado: DroneState.IDLE
2025-10-20 18:00:59 - battery_monitor - INFO - Drone DRN-MW-009: Batería 40%, Estado: DroneState.LOADED
2025-10-20 18:00:59 - battery_monitor - INFO - Drone DRN-LW-010: Batería 100%, Estado: DroneState.DELIVERED
2025-10-20 18:00:59 - battery_monitor - INFO - Drone DRN-LW-011: Batería 20%, Estado: DroneState.RETURNING
2025-10-20 18:00:59 - battery_monitor - INFO - Drone 500: Batería 30%, Estado: DroneState.IDLE
2025-10-20 18:00:59 - battery_monitor - INFO - Drone DRN-001-XYZ: Batería 100%, Estado: DroneState.IDLE
2025-10-20 18:00:59 - battery_monitor - INFO - Drone 4: Batería 90%, Estado: DroneState.IDLE
2025-10-20 18:00:59 - battery_monitor - INFO - Drone 5: Batería 90%, Estado: DroneState.IDLE
2025-10-20 18:00:59 - battery_monitor - INFO - Drone 6: Batería 90%, Estado: DroneState.IDLE
2025-10-20 18:00:59 - battery_monitor - INFO - Drone 7: Batería 90%, Estado: DroneState.IDLE
2025-10-20 18:00:59 - battery_monitor - INFO - Drone 10: Batería 80%, Estado: DroneState.IDLE
2025-10-20 18:00:59 - battery_monitor - INFO - Drone 25: Batería 80%, Estado: DroneState.IDLE
2025-10-20 18:00:59 - battery_monitor - INFO - No se encontraron drones con batería baja en estado LOADING para actualizar
2025-10-20 18:01:29 - battery_monitor - INFO - Iniciando verificación de niveles de batería
2025-10-20 18:01:29 - battery_monitor - INFO - === REPORTE DE BATERÍA - 21 drones ===
2025-10-20 18:01:29 - battery_monitor - INFO - Drone 1: Batería 90%, Estado: DroneState.IDLE
2025-10-20 18:01:29 - battery_monitor - INFO - Drone 2: Batería 90%, Estado: DroneState.IDLE
2025-10-20 18:01:29 - battery_monitor - INFO - Drone DRN-HW-001: Batería 100%, Estado: DroneState.IDLE
2025-10-20 18:01:29 - battery_monitor - INFO - Drone DRN-MW-002: Batería 85%, Estado: DroneState.IDLE
2025-10-20 18:01:29 - battery_monitor - INFO - Drone DRN-LW-003: Batería 15%, Estado: DroneState.IDLE
2025-10-20 18:01:29 - battery_monitor - INFO - Drone DRN-CW-004: Batería 70%, Estado: DroneState.LOADING
2025-10-20 18:01:29 - battery_monitor - INFO - Drone DRN-MW-005: Batería 55%, Estado: DroneState.DELIVERING
2025-10-20 18:01:29 - battery_monitor - INFO - Drone DRN-HW-006: Batería 30%, Estado: DroneState.RETURNING
2025-10-20 18:01:29 - battery_monitor - INFO - Drone DRN-LW-007: Batería 25%, Estado: DroneState.IDLE
2025-10-20 18:01:29 - battery_monitor - INFO - Drone DRN-CW-008: Batería 95%, Estado: DroneState.IDLE
2025-10-20 18:01:29 - battery_monitor - INFO - Drone DRN-MW-009: Batería 40%, Estado: DroneState.LOADED
2025-10-20 18:01:29 - battery_monitor - INFO - Drone DRN-LW-010: Batería 100%, Estado: DroneState.DELIVERED
2025-10-20 18:01:29 - battery_monitor - INFO - Drone DRN-LW-011: Batería 20%, Estado: DroneState.RETURNING
2025-10-20 18:01:29 - battery_monitor - INFO - Drone 500: Batería 30%, Estado: DroneState.IDLE
2025-10-20 18:01:29 - battery_monitor - INFO - Drone DRN-001-XYZ: Batería 100%, Estado: DroneState.IDLE
2025-10-20 18:01:29 - battery_monitor - INFO - Drone 4: Batería 90%, Estado: DroneState.IDLE
2025-10-20 18:01:29 - battery_monitor - INFO - Drone 5: Batería 90%, Estado: DroneState.IDLE
2025-10-20 18:01:29 - battery_monitor - INFO - Drone 6: Batería 90%, Estado: DroneState.IDLE
2025-10-20 18:01:29 - battery_monitor - INFO - Drone 7: Batería 90%, Estado: DroneState.IDLE
2025-10-20 18:01:29 - battery_monitor - INFO - Drone 10: Batería 80%, Estado: DroneState.IDLE
2025-10-20 18:01:29 - battery_monitor - INFO - Drone 25: Batería 80%, Estado: DroneState.IDLE
2025-10-20 18:01:29 - battery_monitor - INFO - No se encontraron drones con batería baja en estado LOADING para actualizar
2025-10-20 18:17:29 - battery_monitor - INFO - Iniciando verificación de niveles de batería
2025-10-20 18:17:31 - battery_monitor - INFO - === REPORTE DE BATERÍA - 21 drones ===
2025-10-20 18:17:31 - battery_monitor - INFO - Drone 1: Batería 90%, Estado: DroneState.IDLE
2025-10-20 18:17:31 - battery_monitor - INFO - Drone 2: Batería 90%, Estado: DroneState.IDLE
2025-10-20 18:17:31 - battery_monitor - INFO - Drone DRN-HW-001: Batería 100%, Estado: DroneState.IDLE
2025-10-20 18:17:31 - battery_monitor - INFO - Drone DRN-MW-002: Batería 85%, Estado: DroneState.IDLE
2025-10-20 18:17:31 - battery_monitor - INFO - Drone DRN-LW-003: Batería 15%, Estado: DroneState.IDLE
2025-10-20 18:17:31 - battery_monitor - INFO - Drone DRN-CW-004: Batería 70%, Estado: DroneState.LOADING
2025-10-20 18:17:31 - battery_monitor - INFO - Drone DRN-MW-005: Batería 55%, Estado: DroneState.DELIVERING
2025-10-20 18:17:31 - battery_monitor - INFO - Drone DRN-HW-006: Batería 30%, Estado: DroneState.RETURNING
2025-10-20 18:17:31 - battery_monitor - INFO - Drone DRN-LW-007: Batería 25%, Estado: DroneState.IDLE
2025-10-20 18:17:31 - battery_monitor - INFO - Drone DRN-CW-008: Batería 95%, Estado: DroneState.IDLE
2025-10-20 18:17:31 - battery_monitor - INFO - Drone DRN-MW-009: Batería 40%, Estado: DroneState.LOADED
2025-10-20 18:17:31 - battery_monitor - INFO - Drone DRN-LW-010: Batería 100%, Estado: DroneState.DELIVERED
2025-10-20 18:17:31 - battery_monitor - INFO - Drone DRN-LW-011: Batería 20%, Estado: DroneState.RETURNING
2025-10-20 18:17:31 - battery_monitor - INFO - Drone 500: Batería 30%, Estado: DroneState.IDLE
2025-10-20 18:17:31 - battery_monitor - INFO - Drone DRN-001-XYZ: Batería 100%, Estado: DroneState.IDLE
2025-10-20 18:17:31 - battery_monitor - INFO - Drone 4: Batería 90%, Estado: DroneState.IDLE
2025-10-20 18:17:31 - battery_monitor - INFO - Drone 5: Batería 90%, Estado: DroneState.IDLE
2025-10-20 18:17:31 - battery_monitor - INFO - Drone 6: Batería 90%, Estado: DroneState.IDLE
2025-10-20 18:17:31 - battery_monitor - INFO - Drone 7: Batería 90%, Estado: DroneState.IDLE
2025-10-20 18:17:31 - battery_monitor - INFO - Drone 10: Batería 80%, Estado: DroneState.IDLE
2025-10-20 18:17:31 - battery_monitor - INFO - Drone 25: Batería 80%, Estado: DroneState.IDLE
2025-10-20 18:17:31 - battery_monitor - INFO - No se encontraron drones con batería baja en estado LOADING para actualizar
2025-10-20 18:41:18 - battery_monitor - INFO - Iniciando verificación de niveles de batería
2025-10-20 18:41:19 - battery_monitor - INFO - === REPORTE DE BATERÍA - 21 drones ===
2025-10-20 18:41:19 - battery_monitor - INFO - Drone 1: Batería 90%, Estado: DroneState.IDLE
2025-10-20 18:41:19 - battery_monitor - INFO - Drone 2: Batería 90%, Estado: DroneState.IDLE
2025-10-20 18:41:19 - battery_monitor - INFO - Drone DRN-HW-001: Batería 100%, Estado: DroneState.IDLE
2025-10-20 18:41:19 - battery_monitor - INFO - Drone DRN-MW-002: Batería 85%, Estado: DroneState.IDLE
2025-10-20 18:41:19 - battery_monitor - INFO - Drone DRN-LW-003: Batería 15%, Estado: DroneState.IDLE
2025-10-20 18:41:19 - battery_monitor - INFO - Drone DRN-CW-004: Batería 70%, Estado: DroneState.LOADING
2025-10-20 18:41:19 - battery_monitor - INFO - Drone DRN-MW-005: Batería 55%, Estado: DroneState.DELIVERING
2025-10-20 18:41:19 - battery_monitor - INFO - Drone DRN-HW-006: Batería 30%, Estado: DroneState.RETURNING
2025-10-20 18:41:19 - battery_monitor - INFO - Drone DRN-LW-007: Batería 25%, Estado: DroneState.IDLE
2025-10-20 18:41:19 - battery_monitor - INFO - Drone DRN-CW-008: Batería 95%, Estado: DroneState.IDLE
2025-10-20 18:41:19 - battery_monitor - INFO - Drone DRN-MW-009: Batería 40%, Estado: DroneState.LOADED
2025-10-20 18:41:19 - battery_monitor - INFO - Drone DRN-LW-010: Batería 100%, Estado: DroneState.DELIVERED
2025-10-20 18:41:19 - battery_monitor - INFO - Drone DRN-LW-011: Batería 20%, Estado: DroneState.RETURNING
2025-10-20 18:41:19 - battery_monitor - INFO - Drone 500: Batería 30%, Estado: DroneState.IDLE
2025-10-20 18:41:19 - battery_monitor - INFO - Drone DRN-001-XYZ: Batería 100%, Estado: DroneState.IDLE
2025-10-20 18:41:19 - battery_monitor - INFO - Drone 4: Batería 90%, Estado: DroneState.IDLE
2025-10-20 18:41:19 - battery_monitor - INFO - Drone 5: Batería 90%, Estado: DroneState.IDLE
2025-10-20 18:41:19 - battery_monitor - INFO - Drone 6: Batería 90%, Estado: DroneState.IDLE
2025-10-20 18:41:19 - battery_monitor - INFO - Drone 7: Batería 90%, Estado: DroneState.IDLE
2025-10-20 18:41:19 - battery_monitor - INFO - Drone 10: Batería 80%, Estado: DroneState.IDLE
2025-10-20 18:41:19 - battery_monitor - INFO - Drone 25: Batería 80%, Estado: DroneState.IDLE
2025-10-20 18:41:19 - battery_monitor - INFO - No se encontraron drones con batería baja en estado LOADING para actualizar
2025-10-20 18:41:49 - battery_monitor - INFO - Iniciando verificación de niveles de batería
2025-10-20 18:41:49 - battery_monitor - INFO - === REPORTE DE BATERÍA - 21 drones ===
2025-10-20 18:41:49 - battery_monitor - INFO - Drone 1: Batería 90%, Estado: DroneState.IDLE
2025-10-20 18:41:49 - battery_monitor - INFO - Drone 2: Batería 90%, Estado: DroneState.IDLE
2025-10-20 18:41:49 - battery_monitor - INFO - Drone DRN-HW-001: Batería 100%, Estado: DroneState.IDLE
2025-10-20 18:41:49 - battery_monitor - INFO - Drone DRN-MW-002: Batería 85%, Estado: DroneState.IDLE
2025-10-20 18:41:49 - battery_monitor - INFO - Drone DRN-LW-003: Batería 15%, Estado: DroneState.IDLE
2025-10-20 18:41:49 - battery_monitor - INFO - Drone DRN-CW-004: Batería 70%, Estado: DroneState.LOADING
2025-10-20 18:41:49 - battery_monitor - INFO - Drone DRN-MW-005: Batería 55%, Estado: DroneState.DELIVERING
2025-10-20 18:41:49 - battery_monitor - INFO - Drone DRN-HW-006: Batería 30%, Estado: DroneState.RETURNING
2025-10-20 18:41:49 - battery_monitor - INFO - Drone DRN-LW-007: Batería 25%, Estado: DroneState.IDLE
2025-10-20 18:41:49 - battery_monitor - INFO - Drone DRN-CW-008: Batería 95%, Estado: DroneState.IDLE
2025-10-20 18:41:49 - battery_monitor - INFO - Drone DRN-MW-009: Batería 40%, Estado: DroneState.LOADED
2025-10-20 18:41:49 - battery_monitor - INFO - Drone DRN-LW-010: Batería 100%, Estado: DroneState.DELIVERED
2025-10-20 18:41:49 - battery_monitor - INFO - Drone DRN-LW-011: Batería 20%, Estado: DroneState.RETURNING
2025-10-20 18:41:49 - battery_monitor - INFO - Drone 500: Batería 30%, Estado: DroneState.IDLE
2025-10-20 18:41:49 - battery_monitor - INFO - Drone DRN-001-XYZ: Batería 100%, Estado: DroneState.IDLE
2025-10-20 18:41:49 - battery_monitor - INFO - Drone 4: Batería 90%, Estado: DroneState.IDLE
2025-10-20 18:41:49 - battery_monitor - INFO - Drone 5: Batería 90%, Estado: DroneState.IDLE
2025-10-20 18:41:49 - battery_monitor - INFO - Drone 6: Batería 90%, Estado: DroneState.IDLE
2025-10-20 18:41:49 - battery_monitor - INFO - Drone 7: Batería 90%, Estado: DroneState.IDLE
2025-10-20 18:41:49 - battery_monitor - INFO - Drone 10: Batería 80%, Estado: DroneState.IDLE
2025-10-20 18:41:49 - battery_monitor - INFO - Drone 25: Batería 80%, Estado: DroneState.IDLE
2025-10-20 18:41:49 - battery_monitor - INFO - No se encontraron drones con batería baja en estado LOADING para actualizar
2025-10-20 18:42:19 - battery_monitor - INFO - Scheduler de monitoreo de batería cancelado
2025-10-20 18:42:19 - battery_monitor - INFO - Scheduler de monitoreo de batería detenido
2025-10-20 18:42:19 - battery_monitor - INFO - Monitor de batería detenido
2025-10-20 18:42:27 - battery_monitor - INFO - Monitor de batería iniciado. Verificando cada 30 segundos
2025-10-20 18:42:27 - battery_monitor - INFO - Iniciando scheduler asíncrono de monitoreo de batería
2025-10-20 18:42:27 - battery_monitor - INFO - Iniciando verificación de niveles de batería
2025-10-20 18:42:27 - battery_monitor - INFO - === REPORTE DE BATERÍA - 21 drones ===
2025-10-20 18:42:27 - battery_monitor - INFO - Drone 1: Batería 90%, Estado: DroneState.IDLE
2025-10-20 18:42:27 - battery_monitor - INFO - Drone 2: Batería 90%, Estado: DroneState.IDLE
2025-10-20 18:42:27 - battery_monitor - INFO - Drone DRN-HW-001: Batería 100%, Estado: DroneState.IDLE
2025-10-20 18:42:27 - battery_monitor - INFO - Drone DRN-MW-002: Batería 85%, Estado: DroneState.IDLE
2025-10-20 18:42:27 - battery_monitor - INFO - Drone DRN-LW-003: Batería 15%, Estado: DroneState.IDLE
2025-10-20 18:42:27 - battery_monitor - INFO - Drone DRN-CW-004: Batería 70%, Estado: DroneState.LOADING
2025-10-20 18:42:27 - battery_monitor - INFO - Drone DRN-MW-005: Batería 55%, Estado: DroneState.DELIVERING
2025-10-20 18:42:27 - battery_monitor - INFO - Drone DRN-HW-006: Batería 30%, Estado: DroneState.RETURNING
2025-10-20 18:42:27 - battery_monitor - INFO - Drone DRN-LW-007: Batería 25%, Estado: DroneState.IDLE
2025-10-20 18:42:27 - battery_monitor - INFO - Drone DRN-CW-008: Batería 95%, Estado: DroneState.IDLE
2025-10-20 18:42:27 - battery_monitor - INFO - Drone DRN-MW-009: Batería 40%, Estado: DroneState.LOADED
2025-10-20 18:42:27 - battery_monitor - INFO - Drone DRN-LW-010: Batería 100%, Estado: DroneState.DELIVERED
2025-10-20 18:42:27 - battery_monitor - INFO - Drone DRN-LW-011: Batería 20%, Estado: DroneState.RETURNING
2025-10-20 18:42:27 - battery_monitor - INFO - Drone 500: Batería 30%, Estado: DroneState.IDLE
2025-10-20 18:42:27 - battery_monitor - INFO - Drone DRN-001-XYZ: Batería 100%, Estado: DroneState.IDLE
2025-10-20 18:42:27 - battery_monitor - INFO - Drone 4: Batería 90%, Estado: DroneState.IDLE
2025-10-20 18:42:27 - battery_monitor - INFO - Drone 5: Batería 90%, Estado: DroneState.IDLE
2025-10-20 18:42:27 - battery_monitor - INFO - Drone 6: Batería 90%, Estado: DroneState.IDLE
2025-10-20 18:42:27 - battery_monitor - INFO - Drone 7: Batería 90%, Estado: DroneState.IDLE
2025-10-20 18:42:27 - battery_monitor - INFO - Drone 10: Batería 80%, Estado: DroneState.IDLE
2025-10-20 18:42:27 - battery_monitor - INFO - Drone 25: Batería 80%, Estado: DroneState.IDLE
2025-10-20 18:42:27 - battery_monitor - INFO - No se encontraron drones con batería baja en estado LOADING para actualizar
2025-10-20 18:42:57 - battery_monitor - INFO - Iniciando verificación de niveles de batería
2025-10-20 18:42:57 - battery_monitor - INFO - === REPORTE DE BATERÍA - 21 drones ===
2025-10-20 18:42:57 - battery_monitor - INFO - Drone 1: Batería 90%, Estado: DroneState.IDLE
2025-10-20 18:42:57 - battery_monitor - INFO - Drone 2: Batería 90%, Estado: DroneState.IDLE
2025-10-20 18:42:57 - battery_monitor - INFO - Drone DRN-HW-001: Batería 100%, Estado: DroneState.IDLE
2025-10-20 18:42:57 - battery_monitor - INFO - Drone DRN-MW-002: Batería 85%, Estado: DroneState.IDLE
2025-10-20 18:42:57 - battery_monitor - INFO - Drone DRN-LW-003: Batería 15%, Estado: DroneState.IDLE
2025-10-20 18:42:57 - battery_monitor - INFO - Drone DRN-CW-004: Batería 70%, Estado: DroneState.LOADING
2025-10-20 18:42:57 - battery_monitor - INFO - Drone DRN-MW-005: Batería 55%, Estado: DroneState.DELIVERING
2025-10-20 18:42:57 - battery_monitor - INFO - Drone DRN-HW-006: Batería 30%, Estado: DroneState.RETURNING
2025-10-20 18:42:57 - battery_monitor - INFO - Drone DRN-LW-007: Batería 25%, Estado: DroneState.IDLE
2025-10-20 18:42:57 - battery_monitor - INFO - Drone DRN-CW-008: Batería 95%, Estado: DroneState.IDLE
2025-10-20 18:42:57 - battery_monitor - INFO - Drone DRN-MW-009: Batería 40%, Estado: DroneState.LOADED
2025-10-20 18:42:57 - battery_monitor - INFO - Drone DRN-LW-010: Batería 100%, Estado: DroneState.DELIVERED
2025-10-20 18:42:57 - battery_monitor - INFO - Drone DRN-LW-011: Batería 20%, Estado: DroneState.RETURNING
2025-10-20 18:42:57 - battery_monitor - INFO - Drone 500: Batería 30%, Estado: DroneState.IDLE
2025-10-20 18:42:57 - battery_monitor - INFO - Drone DRN-001-XYZ: Batería 100%, Estado: DroneState.IDLE
2025-10-20 18:42:57 - battery_monitor - INFO - Drone 4: Batería 90%, Estado: DroneState.IDLE
2025-10-20 18:42:57 - battery_monitor - INFO - Drone 5: Batería 90%, Estado: DroneState.IDLE
2025-10-20 18:42:57 - battery_monitor - INFO - Drone 6: Batería 90%, Estado: DroneState.IDLE
2025-10-20 18:42:57 - battery_monitor - INFO - Drone 7: Batería 90%, Estado: DroneState.IDLE
2025-10-20 18:42:57 - battery_monitor - INFO - Drone 10: Batería 80%, Estado: DroneState.IDLE
2025-10-20 18:42:57 - battery_monitor - INFO - Drone 25: Batería 80%, Estado: DroneState.IDLE
2025-10-20 18:42:57 - battery_monitor - INFO - No se encontraron drones con batería baja en estado LOADING para actualizar
2025-10-20 18:43:27 - battery_monitor - INFO - Iniciando verificación de niveles de batería
2025-10-20 18:43:27 - battery_monitor - INFO - === REPORTE DE BATERÍA - 21 drones ===
2025-10-20 18:43:27 - battery_monitor - INFO - Drone 1: Batería 90%, Estado: DroneState.IDLE
2025-10-20 18:43:27 - battery_monitor - INFO - Drone 2: Batería 90%, Estado: DroneState.IDLE
2025-10-20 18:43:27 - battery_monitor - INFO - Drone DRN-HW-001: Batería 100%, Estado: DroneState.IDLE
2025-10-20 18:43:27 - battery_monitor - INFO - Drone DRN-MW-002: Batería 85%, Estado: DroneState.IDLE
2025-10-20 18:43:27 - battery_monitor - INFO - Drone DRN-LW-003: Batería 15%, Estado: DroneState.IDLE
2025-10-20 18:43:27 - battery_monitor - INFO - Drone DRN-CW-004: Batería 70%, Estado: DroneState.LOADING
2025-10-20 18:43:27 - battery_monitor - INFO - Drone DRN-MW-005: Batería 55%, Estado: DroneState.DELIVERING
2025-10-20 18:43:27 - battery_monitor - INFO - Drone DRN-HW-006: Batería 30%, Estado: DroneState.RETURNING
2025-10-20 18:43:27 - battery_monitor - INFO - Drone DRN-LW-007: Batería 25%, Estado: DroneState.IDLE
2025-10-20 18:43:27 - battery_monitor - INFO - Drone DRN-CW-008: Batería 95%, Estado: DroneState.IDLE
2025-10-20 18:43:27 - battery_monitor - INFO - Drone DRN-MW-009: Batería 40%, Estado: DroneState.LOADED
2025-10-20 18:43:27 - battery_monitor - INFO - Drone DRN-LW-010: Batería 100%, Estado: DroneState.DELIVERED
2025-10-20 18:43:27 - battery_monitor - INFO - Drone DRN-LW-011: Batería 20%, Estado: DroneState.RETURNING
2025-10-20 18:43:27 - battery_monitor - INFO - Drone 500: Batería 30%, Estado: DroneState.IDLE
2025-10-20 18:43:27 - battery_monitor - INFO - Drone DRN-001-XYZ: Batería 100%, Estado: DroneState.IDLE
2025-10-20 18:43:27 - battery_monitor - INFO - Drone 4: Batería 90%, Estado: DroneState.IDLE
2025-10-20 18:43:27 - battery_monitor - INFO - Drone 5: Batería 90%, Estado: DroneState.IDLE
2025-10-20 18:43:27 - battery_monitor - INFO - Drone 6: Batería 90%, Estado: DroneState.IDLE
2025-10-20 18:43:27 - battery_monitor - INFO - Drone 7: Batería 90%, Estado: DroneState.IDLE
2025-10-20 18:43:27 - battery_monitor - INFO - Drone 10: Batería 80%, Estado: DroneState.IDLE
2025-10-20 18:43:27 - battery_monitor - INFO - Drone 25: Batería 80%, Estado: DroneState.IDLE
2025-10-20 18:43:27 - battery_monitor - INFO - No se encontraron drones con batería baja en estado LOADING para actualizar
2025-10-20 18:43:57 - battery_monitor - INFO - Iniciando verificación de niveles de batería
2025-10-20 18:43:57 - battery_monitor - INFO - === REPORTE DE BATERÍA - 21 drones ===
2025-10-20 18:43:57 - battery_monitor - INFO - Drone 1: Batería 90%, Estado: DroneState.IDLE
2025-10-20 18:43:57 - battery_monitor - INFO - Drone 2: Batería 90%, Estado: DroneState.IDLE
2025-10-20 18:43:57 - battery_monitor - INFO - Drone DRN-HW-001: Batería 100%, Estado: DroneState.IDLE
2025-10-20 18:43:57 - battery_monitor - INFO - Drone DRN-MW-002: Batería 85%, Estado: DroneState.IDLE
2025-10-20 18:43:57 - battery_monitor - INFO - Drone DRN-LW-003: Batería 15%, Estado: DroneState.IDLE
2025-10-20 18:43:57 - battery_monitor - INFO - Drone DRN-CW-004: Batería 70%, Estado: DroneState.LOADING
2025-10-20 18:43:57 - battery_monitor - INFO - Drone DRN-MW-005: Batería 55%, Estado: DroneState.DELIVERING
2025-10-20 18:43:57 - battery_monitor - INFO - Drone DRN-HW-006: Batería 30%, Estado: DroneState.RETURNING
2025-10-20 18:43:57 - battery_monitor - INFO - Drone DRN-LW-007: Batería 25%, Estado: DroneState.IDLE
2025-10-20 18:43:57 - battery_monitor - INFO - Drone DRN-CW-008: Batería 95%, Estado: DroneState.IDLE
2025-10-20 18:43:57 - battery_monitor - INFO - Drone DRN-MW-009: Batería 40%, Estado: DroneState.LOADED
2025-10-20 18:43:57 - battery_monitor - INFO - Drone DRN-LW-010: Batería 100%, Estado: DroneState.DELIVERED
2025-10-20 18:43:57 - battery_monitor - INFO - Drone DRN-LW-011: Batería 20%, Estado: DroneState.RETURNING
2025-10-20 18:43:57 - battery_monitor - INFO - Drone 500: Batería 30%, Estado: DroneState.IDLE
2025-10-20 18:43:57 - battery_monitor - INFO - Drone DRN-001-XYZ: Batería 100%, Estado: DroneState.IDLE
2025-10-20 18:43:57 - battery_monitor - INFO - Drone 4: Batería 90%, Estado: DroneState.IDLE
2025-10-20 18:43:57 - battery_monitor - INFO - Drone 5: Batería 90%, Estado: DroneState.IDLE
2025-10-20 18:43:57 - battery_monitor - INFO - Drone 6: Batería 90%, Estado: DroneState.IDLE
2025-10-20 18:43:57 - battery_monitor - INFO - Drone 7: Batería 90%, Estado: DroneState.IDLE
2025-10-20 18:43:57 - battery_monitor - INFO - Drone 10: Batería 80%, Estado: DroneState.IDLE
2025-10-20 18:43:57 - battery_monitor - INFO - Drone 25: Batería 80%, Estado: DroneState.IDLE
2025-10-20 18:43:57 - battery_monitor - INFO - No se encontraron drones con batería baja en estado LOADING para actualizar
2025-10-20 18:44:27 - battery_monitor - INFO - Iniciando verificación de niveles de batería
2025-10-20 18:44:27 - battery_monitor - INFO - === REPORTE DE BATERÍA - 21 drones ===
2025-10-20 18:44:27 - battery_monitor - INFO - Drone 1: Batería 90%, Estado: DroneState.IDLE
2025-10-20 18:44:27 - battery_monitor - INFO - Drone 2: Batería 90%, Estado: DroneState.IDLE
2025-10-20 18:44:27 - battery_monitor - INFO - Drone DRN-HW-001: Batería 100%, Estado: DroneState.IDLE
2025-10-20 18:44:27 - battery_monitor - INFO - Drone DRN-MW-002: Batería 85%, Estado: DroneState.IDLE
2025-10-20 18:44:27 - battery_monitor - INFO - Drone DRN-LW-003: Batería 15%, Estado: DroneState.IDLE
2025-10-20 18:44:27 - battery_monitor - INFO - Drone DRN-CW-004: Batería 70%, Estado: DroneState.LOADING
2025-10-20 18:44:27 - battery_monitor - INFO - Drone DRN-MW-005: Batería 55%, Estado: DroneState.DELIVERING
2025-10-20 18:44:27 - battery_monitor - INFO - Drone DRN-HW-006: Batería 30%, Estado: DroneState.RETURNING
2025-10-20 18:44:27 - battery_monitor - INFO - Drone DRN-LW-007: Batería 25%, Estado: DroneState.IDLE
2025-10-20 18:44:27 - battery_monitor - INFO - Drone DRN-CW-008: Batería 95%, Estado: DroneState.IDLE
2025-10-20 18:44:27 - battery_monitor - INFO - Drone DRN-MW-009: Batería 40%, Estado: DroneState.LOADED
2025-10-20 18:44:27 - battery_monitor - INFO - Drone DRN-LW-010: Batería 100%, Estado: DroneState.DELIVERED
2025-10-20 18:44:27 - battery_monitor - INFO - Drone DRN-LW-011: Batería 20%, Estado: DroneState.RETURNING
2025-10-20 18:44:27 - battery_monitor - INFO - Drone 500: Batería 30%, Estado: DroneState.IDLE
2025-10-20 18:44:27 - battery_monitor - INFO - Drone DRN-001-XYZ: Batería 100%, Estado: DroneState.IDLE
2025-10-20 18:44:27 - battery_monitor - INFO - Drone 4: Batería 90%, Estado: DroneState.IDLE
2025-10-20 18:44:27 - battery_monitor - INFO - Drone 5: Batería 90%, Estado: DroneState.IDLE
2025-10-20 18:44:27 - battery_monitor - INFO - Drone 6: Batería 90%, Estado: DroneState.IDLE
2025-10-20 18:44:27 - battery_monitor - INFO - Drone 7: Batería 90%, Estado: DroneState.IDLE
2025-10-20 18:44:27 - battery_monitor - INFO - Drone 10: Batería 80%, Estado: DroneState.IDLE
2025-10-20 18:44:27 - battery_monitor - INFO - Drone 25: Batería 80%, Estado: DroneState.IDLE
2025-10-20 18:44:27 - battery_monitor - INFO - No se encontraron drones con batería baja en estado LOADING para actualizar
2025-10-20 18:44:57 - battery_monitor - INFO - Iniciando verificación de niveles de batería
2025-10-20 18:44:57 - battery_monitor - INFO - === REPORTE DE BATERÍA - 21 drones ===
2025-10-20 18:44:57 - battery_monitor - INFO - Drone 1: Batería 90%, Estado: DroneState.IDLE
2025-10-20 18:44:57 - battery_monitor - INFO - Drone 2: Batería 90%, Estado: DroneState.IDLE
2025-10-20 18:44:57 - battery_monitor - INFO - Drone DRN-HW-001: Batería 100%, Estado: DroneState.IDLE
2025-10-20 18:44:57 - battery_monitor - INFO - Drone DRN-MW-002: Batería 85%, Estado: DroneState.IDLE
2025-10-20 18:44:57 - battery_monitor - INFO - Drone DRN-LW-003: Batería 15%, Estado: DroneState.IDLE
2025-10-20 18:44:57 - battery_monitor - INFO - Drone DRN-CW-004: Batería 70%, Estado: DroneState.LOADING
2025-10-20 18:44:57 - battery_monitor - INFO - Drone DRN-MW-005: Batería 55%, Estado: DroneState.DELIVERING
2025-10-20 18:44:57 - battery_monitor - INFO - Drone DRN-HW-006: Batería 30%, Estado: DroneState.RETURNING
2025-10-20 18:44:57 - battery_monitor - INFO - Drone DRN-LW-007: Batería 25%, Estado: DroneState.IDLE
2025-10-20 18:44:57 - battery_monitor - INFO - Drone DRN-CW-008: Batería 95%, Estado: DroneState.IDLE
2025-10-20 18:44:57 - battery_monitor - INFO - Drone DRN-MW-009: Batería 40%, Estado: DroneState.LOADED
2025-10-20 18:44:57 - battery_monitor - INFO - Drone DRN-LW-010: Batería 100%, Estado: DroneState.DELIVERED
2025-10-20 18:44:57 - battery_monitor - INFO - Drone DRN-LW-011: Batería 20%, Estado: DroneState.RETURNING
2025-10-20 18:44:57 - battery_monitor - INFO - Drone 500: Batería 30%, Estado: DroneState.IDLE
2025-10-20 18:44:57 - battery_monitor - INFO - Drone DRN-001-XYZ: Batería 100%, Estado: DroneState.IDLE
2025-10-20 18:44:57 - battery_monitor - INFO - Drone 4: Batería 90%, Estado: DroneState.IDLE
2025-10-20 18:44:57 - battery_monitor - INFO - Drone 5: Batería 90%, Estado: DroneState.IDLE
2025-10-20 18:44:57 - battery_monitor - INFO - Drone 6: Batería 90%, Estado: DroneState.IDLE
2025-10-20 18:44:57 - battery_monitor - INFO - Drone 7: Batería 90%, Estado: DroneState.IDLE
2025-10-20 18:44:57 - battery_monitor - INFO - Drone 10: Batería 80%, Estado: DroneState.IDLE
2025-10-20 18:44:57 - battery_monitor - INFO - Drone 25: Batería 80%, Estado: DroneState.IDLE
2025-10-20 18:44:57 - battery_monitor - INFO - No se encontraron drones con batería baja en estado LOADING para actualizar
2025-10-20 18:45:27 - battery_monitor - INFO - Iniciando verificación de niveles de batería
2025-10-20 18:45:27 - battery_monitor - INFO - === REPORTE DE BATERÍA - 21 drones ===
2025-10-20 18:45:27 - battery_monitor - INFO - Drone 1: Batería 90%, Estado: DroneState.IDLE
2025-10-20 18:45:27 - battery_monitor - INFO - Drone 2: Batería 90%, Estado: DroneState.IDLE
2025-10-20 18:45:27 - battery_monitor - INFO - Drone DRN-HW-001: Batería 100%, Estado: DroneState.IDLE
2025-10-20 18:45:27 - battery_monitor - INFO - Drone DRN-MW-002: Batería 85%, Estado: DroneState.IDLE
2025-10-20 18:45:27 - battery_monitor - INFO - Drone DRN-LW-003: Batería 15%, Estado: DroneState.IDLE
2025-10-20 18:45:27 - battery_monitor - INFO - Drone DRN-CW-004: Batería 70%, Estado: DroneState.LOADING
2025-10-20 18:45:27 - battery_monitor - INFO - Drone DRN-MW-005: Batería 55%, Estado: DroneState.DELIVERING
2025-10-20 18:45:27 - battery_monitor - INFO - Drone DRN-HW-006: Batería 30%, Estado: DroneState.RETURNING
2025-10-20 18:45:27 - battery_monitor - INFO - Drone DRN-LW-007: Batería 25%, Estado: DroneState.IDLE
2025-10-20 18:45:27 - battery_monitor - INFO - Drone DRN-CW-008: Batería 95%, Estado: DroneState.IDLE
2025-10-20 18:45:27 - battery_monitor - INFO - Drone DRN-MW-009: Batería 40%, Estado: DroneState.LOADED
2025-10-20 18:45:27 - battery_monitor - INFO - Drone DRN-LW-010: Batería 100%, Estado: DroneState.DELIVERED
2025-10-20 18:45:27 - battery_monitor - INFO - Drone DRN-LW-011: Batería 20%, Estado: DroneState.RETURNING
2025-10-20 18:45:27 - battery_monitor - INFO - Drone 500: Batería 30%, Estado: DroneState.IDLE
2025-10-20 18:45:27 - battery_monitor - INFO - Drone DRN-001-XYZ: Batería 100%, Estado: DroneState.IDLE
2025-10-20 18:45:27 - battery_monitor - INFO - Drone 4: Batería 90%, Estado: DroneState.IDLE
2025-10-20 18:45:27 - battery_monitor - INFO - Drone 5: Batería 90%, Estado: DroneState.IDLE
2025-10-20 18:45:27 - battery_monitor - INFO - Drone 6: Batería 90%, Estado: DroneState.IDLE
2025-10-20 18:45:27 - battery_monitor - INFO - Drone 7: Batería 90%, Estado: DroneState.IDLE
2025-10-20 18:45:27 - battery_monitor - INFO - Drone 10: Batería 80%, Estado: DroneState.IDLE
2025-10-20 18:45:27 - battery_monitor - INFO - Drone 25: Batería 80%, Estado: DroneState.IDLE
2025-10-20 18:45:27 - battery_monitor - INFO - No se encontraron drones con batería baja en estado LOADING para actualizar
2025-10-20 18:45:57 - battery_monitor - INFO - Iniciando verificación de niveles de batería
2025-10-20 18:45:57 - battery_monitor - INFO - === REPORTE DE BATERÍA - 21 drones ===
2025-10-20 18:45:57 - battery_monitor - INFO - Drone 1: Batería 90%, Estado: DroneState.IDLE
2025-10-20 18:45:57 - battery_monitor - INFO - Drone 2: Batería 90%, Estado: DroneState.IDLE
2025-10-20 18:45:57 - battery_monitor - INFO - Drone DRN-HW-001: Batería 100%, Estado: DroneState.IDLE
2025-10-20 18:45:57 - battery_monitor - INFO - Drone DRN-MW-002: Batería 85%, Estado: DroneState.IDLE
2025-10-20 18:45:57 - battery_monitor - INFO - Drone DRN-LW-003: Batería 15%, Estado: DroneState.IDLE
2025-10-20 18:45:57 - battery_monitor - INFO - Drone DRN-CW-004: Batería 70%, Estado: DroneState.LOADING
2025-10-20 18:45:57 - battery_monitor - INFO - Drone DRN-MW-005: Batería 55%, Estado: DroneState.DELIVERING
2025-10-20 18:45:57 - battery_monitor - INFO - Drone DRN-HW-006: Batería 30%, Estado: DroneState.RETURNING
2025-10-20 18:45:57 - battery_monitor - INFO - Drone DRN-LW-007: Batería 25%, Estado: DroneState.IDLE
2025-10-20 18:45:57 - battery_monitor - INFO - Drone DRN-CW-008: Batería 95%, Estado: DroneState.IDLE
2025-10-20 18:45:57 - battery_monitor - INFO - Drone DRN-MW-009: Batería 40%, Estado: DroneState.LOADED
2025-10-20 18:45:57 - battery_monitor - INFO - Drone DRN-LW-010: Batería 100%, Estado: DroneState.DELIVERED
2025-10-20 18:45:57 - battery_monitor - INFO - Drone DRN-LW-011: Batería 20%, Estado: DroneState.RETURNING
2025-10-20 18:45:57 - battery_monitor - INFO - Drone 500: Batería 30%, Estado: DroneState.IDLE
2025-10-20 18:45:57 - battery_monitor - INFO - Drone DRN-001-XYZ: Batería 100%, Estado: DroneState.IDLE
2025-10-20 18:45:57 - battery_monitor - INFO - Drone 4: Batería 90%, Estado: DroneState.IDLE
2025-10-20 18:45:57 - battery_monitor - INFO - Drone 5: Batería 90%, Estado: DroneState.IDLE
2025-10-20 18:45:57 - battery_monitor - INFO - Drone 6: Batería 90%, Estado: DroneState.IDLE
2025-10-20 18:45:57 - battery_monitor - INFO - Drone 7: Batería 90%, Estado: DroneState.IDLE
2025-10-20 18:45:57 - battery_monitor - INFO - Drone 10: Batería 80%, Estado: DroneState.IDLE
2025-10-20 18:45:57 - battery_monitor - INFO - Drone 25: Batería 80%, Estado: DroneState.IDLE
2025-10-20 18:45:57 - battery_monitor - INFO - No se encontraron drones con batería baja en estado LOADING para actualizar
2025-10-20 18:46:27 - battery_monitor - INFO - Iniciando verificación de niveles de batería
2025-10-20 18:46:27 - battery_monitor - INFO - === REPORTE DE BATERÍA - 21 drones ===
2025-10-20 18:46:27 - battery_monitor - INFO - Drone 1: Batería 90%, Estado: DroneState.IDLE
2025-10-20 18:46:27 - battery_monitor - INFO - Drone 2: Batería 90%, Estado: DroneState.IDLE
2025-10-20 18:46:27 - battery_monitor - INFO - Drone DRN-HW-001: Batería 100%, Estado: DroneState.IDLE
2025-10-20 18:46:27 - battery_monitor - INFO - Drone DRN-MW-002: Batería 85%, Estado: DroneState.IDLE
2025-10-20 18:46:27 - battery_monitor - INFO - Drone DRN-LW-003: Batería 15%, Estado: DroneState.IDLE
2025-10-20 18:46:27 - battery_monitor - INFO - Drone DRN-CW-004: Batería 70%, Estado: DroneState.LOADING
2025-10-20 18:46:27 - battery_monitor - INFO - Drone DRN-MW-005: Batería 55%, Estado: DroneState.DELIVERING
2025-10-20 18:46:27 - battery_monitor - INFO - Drone DRN-HW-006: Batería 30%, Estado: DroneState.RETURNING
2025-10-20 18:46:27 - battery_monitor - INFO - Drone DRN-LW-007: Batería 25%, Estado: DroneState.IDLE
2025-10-20 18:46:27 - battery_monitor - INFO - Drone DRN-CW-008: Batería 95%, Estado: DroneState.IDLE
2025-10-20 18:46:27 - battery_monitor - INFO - Drone DRN-MW-009: Batería 40%, Estado: DroneState.LOADED
2025-10-20 18:46:27 - battery_monitor - INFO - Drone DRN-LW-010: Batería 100%, Estado: DroneState.DELIVERED
2025-10-20 18:46:27 - battery_monitor - INFO - Drone DRN-LW-011: Batería 20%, Estado: DroneState.RETURNING
2025-10-20 18:46:27 - battery_monitor - INFO - Drone 500: Batería 30%, Estado: DroneState.IDLE
2025-10-20 18:46:27 - battery_monitor - INFO - Drone DRN-001-XYZ: Batería 100%, Estado: DroneState.IDLE
2025-10-20 18:46:27 - battery_monitor - INFO - Drone 4: Batería 90%, Estado: DroneState.IDLE
2025-10-20 18:46:27 - battery_monitor - INFO - Drone 5: Batería 90%, Estado: DroneState.IDLE
2025-10-20 18:46:27 - battery_monitor - INFO - Drone 6: Batería 90%, Estado: DroneState.IDLE
2025-10-20 18:46:27 - battery_monitor - INFO - Drone 7: Batería 90%, Estado: DroneState.IDLE
2025-10-20 18:46:27 - battery_monitor - INFO - Drone 10: Batería 80%, Estado: DroneState.IDLE
2025-10-20 18:46:27 - battery_monitor - INFO - Drone 25: Batería 80%, Estado: DroneState.IDLE
2025-10-20 18:46:27 - battery_monitor - INFO - No se encontraron drones con batería baja en estado LOADING para actualizar
2025-10-20 18:46:57 - battery_monitor - INFO - Iniciando verificación de niveles de batería
2025-10-20 18:46:57 - battery_monitor - INFO - === REPORTE DE BATERÍA - 21 drones ===
2025-10-20 18:46:57 - battery_monitor - INFO - Drone 1: Batería 90%, Estado: DroneState.IDLE
2025-10-20 18:46:57 - battery_monitor - INFO - Drone 2: Batería 90%, Estado: DroneState.IDLE
2025-10-20 18:46:57 - battery_monitor - INFO - Drone DRN-HW-001: Batería 100%, Estado: DroneState.IDLE
2025-10-20 18:46:57 - battery_monitor - INFO - Drone DRN-MW-002: Batería 85%, Estado: DroneState.IDLE
2025-10-20 18:46:57 - battery_monitor - INFO - Drone DRN-LW-003: Batería 15%, Estado: DroneState.IDLE
2025-10-20 18:46:57 - battery_monitor - INFO - Drone DRN-CW-004: Batería 70%, Estado: DroneState.LOADING
2025-10-20 18:46:57 - battery_monitor - INFO - Drone DRN-MW-005: Batería 55%, Estado: DroneState.DELIVERING
2025-10-20 18:46:57 - battery_monitor - INFO - Drone DRN-HW-006: Batería 30%, Estado: DroneState.RETURNING
2025-10-20 18:46:57 - battery_monitor - INFO - Drone DRN-LW-007: Batería 25%, Estado: DroneState.IDLE
2025-10-20 18:46:57 - battery_monitor - INFO - Drone DRN-CW-008: Batería 95%, Estado: DroneState.IDLE
2025-10-20 18:46:57 - battery_monitor - INFO - Drone DRN-MW-009: Batería 40%, Estado: DroneState.LOADED
2025-10-20 18:46:57 - battery_monitor - INFO - Drone DRN-LW-010: Batería 100%, Estado: DroneState.DELIVERED
2025-10-20 18:46:57 - battery_monitor - INFO - Drone DRN-LW-011: Batería 20%, Estado: DroneState.RETURNING
2025-10-20 18:46:57 - battery_monitor - INFO - Drone 500: Batería 30%, Estado: DroneState.IDLE
2025-10-20 18:46:57 - battery_monitor - INFO - Drone DRN-001-XYZ: Batería 100%, Estado: DroneState.IDLE
2025-10-20 18:46:57 - battery_monitor - INFO - Drone 4: Batería 90%, Estado: DroneState.IDLE
2025-10-20 18:46:57 - battery_monitor - INFO - Drone 5: Batería 90%, Estado: DroneState.IDLE
2025-10-20 18:46:57 - battery_monitor - INFO - Drone 6: Batería 90%, Estado: DroneState.IDLE
2025-10-20 18:46:57 - battery_monitor - INFO - Drone 7: Batería 90%, Estado: DroneState.IDLE
2025-10-20 18:46:57 - battery_monitor - INFO - Drone 10: Batería 80%, Estado: DroneState.IDLE
2025-10-20 18:46:57 - battery_monitor - INFO - Drone 25: Batería 80%, Estado: DroneState.IDLE
2025-10-20 18:46:57 - battery_monitor - INFO - No se encontraron drones con batería baja en estado LOADING para actualizar
2025-10-20 18:47:27 - battery_monitor - INFO - Iniciando verificación de niveles de batería
2025-10-20 18:47:27 - battery_monitor - INFO - === REPORTE DE BATERÍA - 21 drones ===
2025-10-20 18:47:27 - battery_monitor - INFO - Drone 1: Batería 90%, Estado: DroneState.IDLE
2025-10-20 18:47:27 - battery_monitor - INFO - Drone 2: Batería 90%, Estado: DroneState.IDLE
2025-10-20 18:47:27 - battery_monitor - INFO - Drone DRN-HW-001: Batería 100%, Estado: DroneState.IDLE
2025-10-20 18:47:27 - battery_monitor - INFO - Drone DRN-MW-002: Batería 85%, Estado: DroneState.IDLE
2025-10-20 18:47:27 - battery_monitor - INFO - Drone DRN-LW-003: Batería 15%, Estado: DroneState.IDLE
2025-10-20 18:47:27 - battery_monitor - INFO - Drone DRN-CW-004: Batería 70%, Estado: DroneState.LOADING
2025-10-20 18:47:27 - battery_monitor - INFO - Drone DRN-MW-005: Batería 55%, Estado: DroneState.DELIVERING
2025-10-20 18:47:27 - battery_monitor - INFO - Drone DRN-HW-006: Batería 30%, Estado: DroneState.RETURNING
2025-10-20 18:47:27 - battery_monitor - INFO - Drone DRN-LW-007: Batería 25%, Estado: DroneState.IDLE
2025-10-20 18:47:27 - battery_monitor - INFO - Drone DRN-CW-008: Batería 95%, Estado: DroneState.IDLE
2025-10-20 18:47:27 - battery_monitor - INFO - Drone DRN-MW-009: Batería 40%, Estado: DroneState.LOADED
2025-10-20 18:47:27 - battery_monitor - INFO - Drone DRN-LW-010: Batería 100%, Estado: DroneState.DELIVERED
2025-10-20 18:47:27 - battery_monitor - INFO - Drone DRN-LW-011: Batería 20%, Estado: DroneState.RETURNING
2025-10-20 18:47:27 - battery_monitor - INFO - Drone 500: Batería 30%, Estado: DroneState.IDLE
2025-10-20 18:47:27 - battery_monitor - INFO - Drone DRN-001-XYZ: Batería 100%, Estado: DroneState.IDLE
2025-10-20 18:47:27 - battery_monitor - INFO - Drone 4: Batería 90%, Estado: DroneState.IDLE
2025-10-20 18:47:27 - battery_monitor - INFO - Drone 5: Batería 90%, Estado: DroneState.IDLE
2025-10-20 18:47:27 - battery_monitor - INFO - Drone 6: Batería 90%, Estado: DroneState.IDLE
2025-10-20 18:47:27 - battery_monitor - INFO - Drone 7: Batería 90%, Estado: DroneState.IDLE
2025-10-20 18:47:27 - battery_monitor - INFO - Drone 10: Batería 80%, Estado: DroneState.IDLE
2025-10-20 18:47:27 - battery_monitor - INFO - Drone 25: Batería 80%, Estado: DroneState.IDLE
2025-10-20 18:47:27 - battery_monitor - INFO - No se encontraron drones con batería baja en estado LOADING para actualizar
2025-10-20 18:47:57 - battery_monitor - INFO - Iniciando verificación de niveles de batería
2025-10-20 18:47:57 - battery_monitor - INFO - === REPORTE DE BATERÍA - 21 drones ===
2025-10-20 18:47:57 - battery_monitor - INFO - Drone 1: Batería 90%, Estado: DroneState.IDLE
2025-10-20 18:47:57 - battery_monitor - INFO - Drone 2: Batería 90%, Estado: DroneState.IDLE
2025-10-20 18:47:57 - battery_monitor - INFO - Drone DRN-HW-001: Batería 100%, Estado: DroneState.IDLE
2025-10-20 18:47:57 - battery_monitor - INFO - Drone DRN-MW-002: Batería 85%, Estado: DroneState.IDLE
2025-10-20 18:47:57 - battery_monitor - INFO - Drone DRN-LW-003: Batería 15%, Estado: DroneState.IDLE
2025-10-20 18:47:57 - battery_monitor - INFO - Drone DRN-CW-004: Batería 70%, Estado: DroneState.LOADING
2025-10-20 18:47:57 - battery_monitor - INFO - Drone DRN-MW-005: Batería 55%, Estado: DroneState.DELIVERING
2025-10-20 18:47:57 - battery_monitor - INFO - Drone DRN-HW-006: Batería 30%, Estado: DroneState.RETURNING
2025-10-20 18:47:57 - battery_monitor - INFO - Drone DRN-LW-007: Batería 25%, Estado: DroneState.IDLE
2025-10-20 18:47:57 - battery_monitor - INFO - Drone DRN-CW-008: Batería 95%, Estado: DroneState.IDLE
2025-10-20 18:47:57 - battery_monitor - INFO - Drone DRN-MW-009: Batería 40%, Estado: DroneState.LOADED
2025-10-20 18:47:57 - battery_monitor - INFO - Drone DRN-LW-010: Batería 100%, Estado: DroneState.DELIVERED
2025-10-20 18:47:57 - battery_monitor - INFO - Drone DRN-LW-011: Batería 20%, Estado: DroneState.RETURNING
2025-10-20 18:47:57 - battery_monitor - INFO - Drone 500: Batería 30%, Estado: DroneState.IDLE
2025-10-20 18:47:57 - battery_monitor - INFO - Drone DRN-001-XYZ: Batería 100%, Estado: DroneState.IDLE
2025-10-20 18:47:57 - battery_monitor - INFO - Drone 4: Batería 90%, Estado: DroneState.IDLE
2025-10-20 18:47:57 - battery_monitor - INFO - Drone 5: Batería 90%, Estado: DroneState.IDLE
2025-10-20 18:47:57 - battery_monitor - INFO - Drone 6: Batería 90%, Estado: DroneState.IDLE
2025-10-20 18:47:57 - battery_monitor - INFO - Drone 7: Batería 90%, Estado: DroneState.IDLE
2025-10-20 18:47:57 - battery_monitor - INFO - Drone 10: Batería 80%, Estado: DroneState.IDLE
2025-10-20 18:47:57 - battery_monitor - INFO - Drone 25: Batería 80%, Estado: DroneState.IDLE
2025-10-20 18:47:57 - battery_monitor - INFO - No se encontraron drones con batería baja en estado LOADING para actualizar
2025-10-20 18:48:27 - battery_monitor - INFO - Iniciando verificación de niveles de batería
2025-10-20 18:48:27 - battery_monitor - INFO - === REPORTE DE BATERÍA - 21 drones ===
2025-10-20 18:48:27 - battery_monitor - INFO - Drone 1: Batería 90%, Estado: DroneState.IDLE
2025-10-20 18:48:27 - battery_monitor - INFO - Drone 2: Batería 90%, Estado: DroneState.IDLE
2025-10-20 18:48:27 - battery_monitor - INFO - Drone DRN-HW-001: Batería 100%, Estado: DroneState.IDLE
2025-10-20 18:48:27 - battery_monitor - INFO - Drone DRN-MW-002: Batería 85%, Estado: DroneState.IDLE
2025-10-20 18:48:27 - battery_monitor - INFO - Drone DRN-LW-003: Batería 15%, Estado: DroneState.IDLE
2025-10-20 18:48:27 - battery_monitor - INFO - Drone DRN-CW-004: Batería 70%, Estado: DroneState.LOADING
2025-10-20 18:48:27 - battery_monitor - INFO - Drone DRN-MW-005: Batería 55%, Estado: DroneState.DELIVERING
2025-10-20 18:48:27 - battery_monitor - INFO - Drone DRN-HW-006: Batería 30%, Estado: DroneState.RETURNING
2025-10-20 18:48:27 - battery_monitor - INFO - Drone DRN-LW-007: Batería 25%, Estado: DroneState.IDLE
2025-10-20 18:48:27 - battery_monitor - INFO - Drone DRN-CW-008: Batería 95%, Estado: DroneState.IDLE
2025-10-20 18:48:27 - battery_monitor - INFO - Drone DRN-MW-009: Batería 40%, Estado: DroneState.LOADED
2025-10-20 18:48:27 - battery_monitor - INFO - Drone DRN-LW-010: Batería 100%, Estado: DroneState.DELIVERED
2025-10-20 18:48:27 - battery_monitor - INFO - Drone DRN-LW-011: Batería 20%, Estado: DroneState.RETURNING
2025-10-20 18:48:27 - battery_monitor - INFO - Drone 500: Batería 30%, Estado: DroneState.IDLE
2025-10-20 18:48:27 - battery_monitor - INFO - Drone DRN-001-XYZ: Batería 100%, Estado: DroneState.IDLE
2025-10-20 18:48:27 - battery_monitor - INFO - Drone 4: Batería 90%, Estado: DroneState.IDLE
2025-10-20 18:48:27 - battery_monitor - INFO - Drone 5: Batería 90%, Estado: DroneState.IDLE
2025-10-20 18:48:27 - battery_monitor - INFO - Drone 6: Batería 90%, Estado: DroneState.IDLE
2025-10-20 18:48:27 - battery_monitor - INFO - Drone 7: Batería 90%, Estado: DroneState.IDLE
2025-10-20 18:48:27 - battery_monitor - INFO - Drone 10: Batería 80%, Estado: DroneState.IDLE
2025-10-20 18:48:27 - battery_monitor - INFO - Drone 25: Batería 80%, Estado: DroneState.IDLE
2025-10-20 18:48:27 - battery_monitor - INFO - No se encontraron drones con batería baja en estado LOADING para actualizar
2025-10-20 18:48:57 - battery_monitor - INFO - Iniciando verificación de niveles de batería
2025-10-20 18:48:57 - battery_monitor - INFO - === REPORTE DE BATERÍA - 21 drones ===
2025-10-20 18:48:57 - battery_monitor - INFO - Drone 1: Batería 90%, Estado: DroneState.IDLE
2025-10-20 18:48:57 - battery_monitor - INFO - Drone 2: Batería 90%, Estado: DroneState.IDLE
2025-10-20 18:48:57 - battery_monitor - INFO - Drone DRN-HW-001: Batería 100%, Estado: DroneState.IDLE
2025-10-20 18:48:57 - battery_monitor - INFO - Drone DRN-MW-002: Batería 85%, Estado: DroneState.IDLE
2025-10-20 18:48:57 - battery_monitor - INFO - Drone DRN-LW-003: Batería 15%, Estado: DroneState.IDLE
2025-10-20 18:48:57 - battery_monitor - INFO - Drone DRN-CW-004: Batería 70%, Estado: DroneState.LOADING
2025-10-20 18:48:57 - battery_monitor - INFO - Drone DRN-MW-005: Batería 55%, Estado: DroneState.DELIVERING
2025-10-20 18:48:57 - battery_monitor - INFO - Drone DRN-HW-006: Batería 30%, Estado: DroneState.RETURNING
2025-10-20 18:48:57 - battery_monitor - INFO - Drone DRN-LW-007: Batería 25%, Estado: DroneState.IDLE
2025-10-20 18:48:57 - battery_monitor - INFO - Drone DRN-CW-008: Batería 95%, Estado: DroneState.IDLE
2025-10-20 18:48:57 - battery_monitor - INFO - Drone DRN-MW-009: Batería 40%, Estado: DroneState.LOADED
2025-10-20 18:48:57 - battery_monitor - INFO - Drone DRN-LW-010: Batería 100%, Estado: DroneState.DELIVERED
2025-10-20 18:48:57 - battery_monitor - INFO - Drone DRN-LW-011: Batería 20%, Estado: DroneState.RETURNING
2025-10-20 18:48:57 - battery_monitor - INFO - Drone 500: Batería 30%, Estado: DroneState.IDLE
2025-10-20 18:48:57 - battery_monitor - INFO - Drone DRN-001-XYZ: Batería 100%, Estado: DroneState.IDLE
2025-10-20 18:48:57 - battery_monitor - INFO - Drone 4: Batería 90%, Estado: DroneState.IDLE
2025-10-20 18:48:57 - battery_monitor - INFO - Drone 5: Batería 90%, Estado: DroneState.IDLE
2025-10-20 18:48:57 - battery_monitor - INFO - Drone 6: Batería 90%, Estado: DroneState.IDLE
2025-10-20 18:48:57 - battery_monitor - INFO - Drone 7: Batería 90%, Estado: DroneState.IDLE
2025-10-20 18:48:57 - battery_monitor - INFO - Drone 10: Batería 80%, Estado: DroneState.IDLE
2025-10-20 18:48:57 - battery_monitor - INFO - Drone 25: Batería 80%, Estado: DroneState.IDLE
2025-10-20 18:48:57 - battery_monitor - INFO - No se encontraron drones con batería baja en estado LOADING para actualizar
2025-10-20 18:49:27 - battery_monitor - INFO - Iniciando verificación de niveles de batería
2025-10-20 18:49:27 - battery_monitor - INFO - === REPORTE DE BATERÍA - 21 drones ===
2025-10-20 18:49:27 - battery_monitor - INFO - Drone 1: Batería 90%, Estado: DroneState.IDLE
2025-10-20 18:49:27 - battery_monitor - INFO - Drone 2: Batería 90%, Estado: DroneState.IDLE
2025-10-20 18:49:27 - battery_monitor - INFO - Drone DRN-HW-001: Batería 100%, Estado: DroneState.IDLE
2025-10-20 18:49:27 - battery_monitor - INFO - Drone DRN-MW-002: Batería 85%, Estado: DroneState.IDLE
2025-10-20 18:49:27 - battery_monitor - INFO - Drone DRN-LW-003: Batería 15%, Estado: DroneState.IDLE
2025-10-20 18:49:27 - battery_monitor - INFO - Drone DRN-CW-004: Batería 70%, Estado: DroneState.LOADING
2025-10-20 18:49:27 - battery_monitor - INFO - Drone DRN-MW-005: Batería 55%, Estado: DroneState.DELIVERING
2025-10-20 18:49:27 - battery_monitor - INFO - Drone DRN-HW-006: Batería 30%, Estado: DroneState.RETURNING
2025-10-20 18:49:27 - battery_monitor - INFO - Drone DRN-LW-007: Batería 25%, Estado: DroneState.IDLE
2025-10-20 18:49:27 - battery_monitor - INFO - Drone DRN-CW-008: Batería 95%, Estado: DroneState.IDLE
2025-10-20 18:49:27 - battery_monitor - INFO - Drone DRN-MW-009: Batería 40%, Estado: DroneState.LOADED
2025-10-20 18:49:27 - battery_monitor - INFO - Drone DRN-LW-010: Batería 100%, Estado: DroneState.DELIVERED
2025-10-20 18:49:27 - battery_monitor - INFO - Drone DRN-LW-011: Batería 20%, Estado: DroneState.RETURNING
2025-10-20 18:49:27 - battery_monitor - INFO - Drone 500: Batería 30%, Estado: DroneState.IDLE
2025-10-20 18:49:27 - battery_monitor - INFO - Drone DRN-001-XYZ: Batería 100%, Estado: DroneState.IDLE
2025-10-20 18:49:27 - battery_monitor - INFO - Drone 4: Batería 90%, Estado: DroneState.IDLE
2025-10-20 18:49:27 - battery_monitor - INFO - Drone 5: Batería 90%, Estado: DroneState.IDLE
2025-10-20 18:49:27 - battery_monitor - INFO - Drone 6: Batería 90%, Estado: DroneState.IDLE
2025-10-20 18:49:27 - battery_monitor - INFO - Drone 7: Batería 90%, Estado: DroneState.IDLE
2025-10-20 18:49:27 - battery_monitor - INFO - Drone 10: Batería 80%, Estado: DroneState.IDLE
2025-10-20 18:49:27 - battery_monitor - INFO - Drone 25: Batería 80%, Estado: DroneState.IDLE
2025-10-20 18:49:27 - battery_monitor - INFO - No se encontraron drones con batería baja en estado LOADING para actualizar
2025-10-20 18:49:57 - battery_monitor - INFO - Iniciando verificación de niveles de batería
2025-10-20 18:49:57 - battery_monitor - INFO - === REPORTE DE BATERÍA - 21 drones ===
2025-10-20 18:49:57 - battery_monitor - INFO - Drone 1: Batería 90%, Estado: DroneState.IDLE
2025-10-20 18:49:57 - battery_monitor - INFO - Drone 2: Batería 90%, Estado: DroneState.IDLE
2025-10-20 18:49:57 - battery_monitor - INFO - Drone DRN-HW-001: Batería 100%, Estado: DroneState.IDLE
2025-10-20 18:49:57 - battery_monitor - INFO - Drone DRN-MW-002: Batería 85%, Estado: DroneState.IDLE
2025-10-20 18:49:57 - battery_monitor - INFO - Drone DRN-LW-003: Batería 15%, Estado: DroneState.IDLE
2025-10-20 18:49:57 - battery_monitor - INFO - Drone DRN-CW-004: Batería 70%, Estado: DroneState.LOADING
2025-10-20 18:49:57 - battery_monitor - INFO - Drone DRN-MW-005: Batería 55%, Estado: DroneState.DELIVERING
2025-10-20 18:49:57 - battery_monitor - INFO - Drone DRN-HW-006: Batería 30%, Estado: DroneState.RETURNING
2025-10-20 18:49:57 - battery_monitor - INFO - Drone DRN-LW-007: Batería 25%, Estado: DroneState.IDLE
2025-10-20 18:49:57 - battery_monitor - INFO - Drone DRN-CW-008: Batería 95%, Estado: DroneState.IDLE
2025-10-20 18:49:57 - battery_monitor - INFO - Drone DRN-MW-009: Batería 40%, Estado: DroneState.LOADED
2025-10-20 18:49:57 - battery_monitor - INFO - Drone DRN-LW-010: Batería 100%, Estado: DroneState.DELIVERED
2025-10-20 18:49:57 - battery_monitor - INFO - Drone DRN-LW-011: Batería 20%, Estado: DroneState.RETURNING
2025-10-20 18:49:57 - battery_monitor - INFO - Drone 500: Batería 30%, Estado: DroneState.IDLE
2025-10-20 18:49:57 - battery_monitor - INFO - Drone DRN-001-XYZ: Batería 100%, Estado: DroneState.IDLE
2025-10-20 18:49:57 - battery_monitor - INFO - Drone 4: Batería 90%, Estado: DroneState.IDLE
2025-10-20 18:49:57 - battery_monitor - INFO - Drone 5: Batería 90%, Estado: DroneState.IDLE
2025-10-20 18:49:57 - battery_monitor - INFO - Drone 6: Batería 90%, Estado: DroneState.IDLE
2025-10-20 18:49:57 - battery_monitor - INFO - Drone 7: Batería 90%, Estado: DroneState.IDLE
2025-10-20 18:49:57 - battery_monitor - INFO - Drone 10: Batería 80%, Estado: DroneState.IDLE
2025-10-20 18:49:57 - battery_monitor - INFO - Drone 25: Batería 80%, Estado: DroneState.IDLE
2025-10-20 18:49:57 - battery_monitor - INFO - No se encontraron drones con batería baja en estado LOADING para actualizar
2025-10-20 18:50:27 - battery_monitor - INFO - Iniciando verificación de niveles de batería
2025-10-20 18:50:27 - battery_monitor - INFO - === REPORTE DE BATERÍA - 21 drones ===
2025-10-20 18:50:27 - battery_monitor - INFO - Drone 1: Batería 90%, Estado: DroneState.IDLE
2025-10-20 18:50:27 - battery_monitor - INFO - Drone 2: Batería 90%, Estado: DroneState.IDLE
2025-10-20 18:50:27 - battery_monitor - INFO - Drone DRN-HW-001: Batería 100%, Estado: DroneState.IDLE
2025-10-20 18:50:27 - battery_monitor - INFO - Drone DRN-MW-002: Batería 85%, Estado: DroneState.IDLE
2025-10-20 18:50:27 - battery_monitor - INFO - Drone DRN-LW-003: Batería 15%, Estado: DroneState.IDLE
2025-10-20 18:50:27 - battery_monitor - INFO - Drone DRN-CW-004: Batería 70%, Estado: DroneState.LOADING
2025-10-20 18:50:27 - battery_monitor - INFO - Drone DRN-MW-005: Batería 55%, Estado: DroneState.DELIVERING
2025-10-20 18:50:27 - battery_monitor - INFO - Drone DRN-HW-006: Batería 30%, Estado: DroneState.RETURNING
2025-10-20 18:50:27 - battery_monitor - INFO - Drone DRN-LW-007: Batería 25%, Estado: DroneState.IDLE
2025-10-20 18:50:27 - battery_monitor - INFO - Drone DRN-CW-008: Batería 95%, Estado: DroneState.IDLE
2025-10-20 18:50:27 - battery_monitor - INFO - Drone DRN-MW-009: Batería 40%, Estado: DroneState.LOADED
2025-10-20 18:50:27 - battery_monitor - INFO - Drone DRN-LW-010: Batería 100%, Estado: DroneState.DELIVERED
2025-10-20 18:50:27 - battery_monitor - INFO - Drone DRN-LW-011: Batería 20%, Estado: DroneState.RETURNING
2025-10-20 18:50:27 - battery_monitor - INFO - Drone 500: Batería 30%, Estado: DroneState.IDLE
2025-10-20 18:50:27 - battery_monitor - INFO - Drone DRN-001-XYZ: Batería 100%, Estado: DroneState.IDLE
2025-10-20 18:50:27 - battery_monitor - INFO - Drone 4: Batería 90%, Estado: DroneState.IDLE
2025-10-20 18:50:27 - battery_monitor - INFO - Drone 5: Batería 90%, Estado: DroneState.IDLE
2025-10-20 18:50:27 - battery_monitor - INFO - Drone 6: Batería 90%, Estado: DroneState.IDLE
2025-10-20 18:50:27 - battery_monitor - INFO - Drone 7: Batería 90%, Estado: DroneState.IDLE
2025-10-20 18:50:27 - battery_monitor - INFO - Drone 10: Batería 80%, Estado: DroneState.IDLE
2025-10-20 18:50:27 - battery_monitor - INFO - Drone 25: Batería 80%, Estado: DroneState.IDLE
2025-10-20 18:50:27 - battery_monitor - INFO - No se encontraron drones con batería baja en estado LOADING para actualizar
2025-10-20 18:50:57 - battery_monitor - INFO - Iniciando verificación de niveles de batería
2025-10-20 18:50:57 - battery_monitor - INFO - === REPORTE DE BATERÍA - 21 drones ===
2025-10-20 18:50:57 - battery_monitor - INFO - Drone 1: Batería 90%, Estado: DroneState.IDLE
2025-10-20 18:50:57 - battery_monitor - INFO - Drone 2: Batería 90%, Estado: DroneState.IDLE
2025-10-20 18:50:57 - battery_monitor - INFO - Drone DRN-HW-001: Batería 100%, Estado: DroneState.IDLE
2025-10-20 18:50:57 - battery_monitor - INFO - Drone DRN-MW-002: Batería 85%, Estado: DroneState.IDLE
2025-10-20 18:50:57 - battery_monitor - INFO - Drone DRN-LW-003: Batería 15%, Estado: DroneState.IDLE
2025-10-20 18:50:57 - battery_monitor - INFO - Drone DRN-CW-004: Batería 70%, Estado: DroneState.LOADING
2025-10-20 18:50:57 - battery_monitor - INFO - Drone DRN-MW-005: Batería 55%, Estado: DroneState.DELIVERING
2025-10-20 18:50:57 - battery_monitor - INFO - Drone DRN-HW-006: Batería 30%, Estado: DroneState.RETURNING
2025-10-20 18:50:57 - battery_monitor - INFO - Drone DRN-LW-007: Batería 25%, Estado: DroneState.IDLE
2025-10-20 18:50:57 - battery_monitor - INFO - Drone DRN-CW-008: Batería 95%, Estado: DroneState.IDLE
2025-10-20 18:50:57 - battery_monitor - INFO - Drone DRN-MW-009: Batería 40%, Estado: DroneState.LOADED
2025-10-20 18:50:57 - battery_monitor - INFO - Drone DRN-LW-010: Batería 100%, Estado: DroneState.DELIVERED
2025-10-20 18:50:57 - battery_monitor - INFO - Drone DRN-LW-011: Batería 20%, Estado: DroneState.RETURNING
2025-10-20 18:50:57 - battery_monitor - INFO - Drone 500: Batería 30%, Estado: DroneState.IDLE
2025-10-20 18:50:57 - battery_monitor - INFO - Drone DRN-001-XYZ: Batería 100%, Estado: DroneState.IDLE
2025-10-20 18:50:57 - battery_monitor - INFO - Drone 4: Batería 90%, Estado: DroneState.IDLE
2025-10-20 18:50:57 - battery_monitor - INFO - Drone 5: Batería 90%, Estado: DroneState.IDLE
2025-10-20 18:50:57 - battery_monitor - INFO - Drone 6: Batería 90%, Estado: DroneState.IDLE
2025-10-20 18:50:57 - battery_monitor - INFO - Drone 7: Batería 90%, Estado: DroneState.IDLE
2025-10-20 18:50:57 - battery_monitor - INFO - Drone 10: Batería 80%, Estado: DroneState.IDLE
2025-10-20 18:50:57 - battery_monitor - INFO - Drone 25: Batería 80%, Estado: DroneState.IDLE
2025-10-20 18:50:57 - battery_monitor - INFO - No se encontraron drones con batería baja en estado LOADING para actualizar
2025-10-20 18:51:27 - battery_monitor - INFO - Iniciando verificación de niveles de batería
2025-10-20 18:51:27 - battery_monitor - INFO - === REPORTE DE BATERÍA - 21 drones ===
2025-10-20 18:51:27 - battery_monitor - INFO - Drone 1: Batería 90%, Estado: DroneState.IDLE
2025-10-20 18:51:27 - battery_monitor - INFO - Drone 2: Batería 90%, Estado: DroneState.IDLE
2025-10-20 18:51:27 - battery_monitor - INFO - Drone DRN-HW-001: Batería 100%, Estado: DroneState.IDLE
2025-10-20 18:51:27 - battery_monitor - INFO - Drone DRN-MW-002: Batería 85%, Estado: DroneState.IDLE
2025-10-20 18:51:27 - battery_monitor - INFO - Drone DRN-LW-003: Batería 15%, Estado: DroneState.IDLE
2025-10-20 18:51:27 - battery_monitor - INFO - Drone DRN-CW-004: Batería 70%, Estado: DroneState.LOADING
2025-10-20 18:51:27 - battery_monitor - INFO - Drone DRN-MW-005: Batería 55%, Estado: DroneState.DELIVERING
2025-10-20 18:51:27 - battery_monitor - INFO - Drone DRN-HW-006: Batería 30%, Estado: DroneState.RETURNING
2025-10-20 18:51:27 - battery_monitor - INFO - Drone DRN-LW-007: Batería 25%, Estado: DroneState.IDLE
2025-10-20 18:51:27 - battery_monitor - INFO - Drone DRN-CW-008: Batería 95%, Estado: DroneState.IDLE
2025-10-20 18:51:27 - battery_monitor - INFO - Drone DRN-MW-009: Batería 40%, Estado: DroneState.LOADED
2025-10-20 18:51:27 - battery_monitor - INFO - Drone DRN-LW-010: Batería 100%, Estado: DroneState.DELIVERED
2025-10-20 18:51:27 - battery_monitor - INFO - Drone DRN-LW-011: Batería 20%, Estado: DroneState.RETURNING
2025-10-20 18:51:27 - battery_monitor - INFO - Drone 500: Batería 30%, Estado: DroneState.IDLE
2025-10-20 18:51:27 - battery_monitor - INFO - Drone DRN-001-XYZ: Batería 100%, Estado: DroneState.IDLE
2025-10-20 18:51:27 - battery_monitor - INFO - Drone 4: Batería 90%, Estado: DroneState.IDLE
2025-10-20 18:51:27 - battery_monitor - INFO - Drone 5: Batería 90%, Estado: DroneState.IDLE
2025-10-20 18:51:27 - battery_monitor - INFO - Drone 6: Batería 90%, Estado: DroneState.IDLE
2025-10-20 18:51:27 - battery_monitor - INFO - Drone 7: Batería 90%, Estado: DroneState.IDLE
2025-10-20 18:51:27 - battery_monitor - INFO - Drone 10: Batería 80%, Estado: DroneState.IDLE
2025-10-20 18:51:27 - battery_monitor - INFO - Drone 25: Batería 80%, Estado: DroneState.IDLE
2025-10-20 18:51:27 - battery_monitor - INFO - No se encontraron drones con batería baja en estado LOADING para actualizar
2025-10-20 18:51:57 - battery_monitor - INFO - Iniciando verificación de niveles de batería
2025-10-20 18:51:57 - battery_monitor - INFO - === REPORTE DE BATERÍA - 21 drones ===
2025-10-20 18:51:57 - battery_monitor - INFO - Drone 1: Batería 90%, Estado: DroneState.IDLE
2025-10-20 18:51:57 - battery_monitor - INFO - Drone 2: Batería 90%, Estado: DroneState.IDLE
2025-10-20 18:51:57 - battery_monitor - INFO - Drone DRN-HW-001: Batería 100%, Estado: DroneState.IDLE
2025-10-20 18:51:57 - battery_monitor - INFO - Drone DRN-MW-002: Batería 85%, Estado: DroneState.IDLE
2025-10-20 18:51:57 - battery_monitor - INFO - Drone DRN-LW-003: Batería 15%, Estado: DroneState.IDLE
2025-10-20 18:51:57 - battery_monitor - INFO - Drone DRN-CW-004: Batería 70%, Estado: DroneState.LOADING
2025-10-20 18:51:57 - battery_monitor - INFO - Drone DRN-MW-005: Batería 55%, Estado: DroneState.DELIVERING
2025-10-20 18:51:57 - battery_monitor - INFO - Drone DRN-HW-006: Batería 30%, Estado: DroneState.RETURNING
2025-10-20 18:51:57 - battery_monitor - INFO - Drone DRN-LW-007: Batería 25%, Estado: DroneState.IDLE
2025-10-20 18:51:57 - battery_monitor - INFO - Drone DRN-CW-008: Batería 95%, Estado: DroneState.IDLE
2025-10-20 18:51:57 - battery_monitor - INFO - Drone DRN-MW-009: Batería 40%, Estado: DroneState.LOADED
2025-10-20 18:51:57 - battery_monitor - INFO - Drone DRN-LW-010: Batería 100%, Estado: DroneState.DELIVERED
2025-10-20 18:51:57 - battery_monitor - INFO - Drone DRN-LW-011: Batería 20%, Estado: DroneState.RETURNING
2025-10-20 18:51:57 - battery_monitor - INFO - Drone 500: Batería 30%, Estado: DroneState.IDLE
2025-10-20 18:51:57 - battery_monitor - INFO - Drone DRN-001-XYZ: Batería 100%, Estado: DroneState.IDLE
2025-10-20 18:51:57 - battery_monitor - INFO - Drone 4: Batería 90%, Estado: DroneState.IDLE
2025-10-20 18:51:57 - battery_monitor - INFO - Drone 5: Batería 90%, Estado: DroneState.IDLE
2025-10-20 18:51:57 - battery_monitor - INFO - Drone 6: Batería 90%, Estado: DroneState.IDLE
2025-10-20 18:51:57 - battery_monitor - INFO - Drone 7: Batería 90%, Estado: DroneState.IDLE
2025-10-20 18:51:57 - battery_monitor - INFO - Drone 10: Batería 80%, Estado: DroneState.IDLE
2025-10-20 18:51:57 - battery_monitor - INFO - Drone 25: Batería 80%, Estado: DroneState.IDLE
2025-10-20 18:51:57 - battery_monitor - INFO - No se encontraron drones con batería baja en estado LOADING para actualizar
2025-10-20 18:52:24 - battery_monitor - INFO - Scheduler de monitoreo de batería cancelado
2025-10-20 18:52:24 - battery_monitor - INFO - Scheduler de monitoreo de batería detenido
2025-10-20 18:52:24 - battery_monitor - INFO - Monitor de batería detenido
2025-10-20 18:52:27 - battery_monitor - INFO - Monitor de batería iniciado. Verificando cada 30 segundos
2025-10-20 18:52:27 - battery_monitor - INFO - Iniciando scheduler asíncrono de monitoreo de batería
2025-10-20 18:52:27 - battery_monitor - INFO - Iniciando verificación de niveles de batería
2025-10-20 18:52:27 - battery_monitor - INFO - === REPORTE DE BATERÍA - 21 drones ===
2025-10-20 18:52:27 - battery_monitor - INFO - Drone 1: Batería 90%, Estado: DroneState.IDLE
2025-10-20 18:52:27 - battery_monitor - INFO - Drone 2: Batería 90%, Estado: DroneState.IDLE
2025-10-20 18:52:27 - battery_monitor - INFO - Drone DRN-HW-001: Batería 100%, Estado: DroneState.IDLE
2025-10-20 18:52:27 - battery_monitor - INFO - Drone DRN-MW-002: Batería 85%, Estado: DroneState.IDLE
2025-10-20 18:52:27 - battery_monitor - INFO - Drone DRN-LW-003: Batería 15%, Estado: DroneState.IDLE
2025-10-20 18:52:27 - battery_monitor - INFO - Drone DRN-CW-004: Batería 70%, Estado: DroneState.LOADING
2025-10-20 18:52:27 - battery_monitor - INFO - Drone DRN-MW-005: Batería 55%, Estado: DroneState.DELIVERING
2025-10-20 18:52:27 - battery_monitor - INFO - Drone DRN-HW-006: Batería 30%, Estado: DroneState.RETURNING
2025-10-20 18:52:27 - battery_monitor - INFO - Drone DRN-LW-007: Batería 25%, Estado: DroneState.IDLE
2025-10-20 18:52:27 - battery_monitor - INFO - Drone DRN-CW-008: Batería 95%, Estado: DroneState.IDLE
2025-10-20 18:52:27 - battery_monitor - INFO - Drone DRN-MW-009: Batería 40%, Estado: DroneState.LOADED
2025-10-20 18:52:27 - battery_monitor - INFO - Drone DRN-LW-010: Batería 100%, Estado: DroneState.DELIVERED
2025-10-20 18:52:27 - battery_monitor - INFO - Drone DRN-LW-011: Batería 20%, Estado: DroneState.RETURNING
2025-10-20 18:52:27 - battery_monitor - INFO - Drone 500: Batería 30%, Estado: DroneState.IDLE
2025-10-20 18:52:27 - battery_monitor - INFO - Drone DRN-001-XYZ: Batería 100%, Estado: DroneState.IDLE
2025-10-20 18:52:27 - battery_monitor - INFO - Drone 4: Batería 90%, Estado: DroneState.IDLE
2025-10-20 18:52:27 - battery_monitor - INFO - Drone 5: Batería 90%, Estado: DroneState.IDLE
2025-10-20 18:52:27 - battery_monitor - INFO - Drone 6: Batería 90%, Estado: DroneState.IDLE
2025-10-20 18:52:27 - battery_monitor - INFO - Drone 7: Batería 90%, Estado: DroneState.IDLE
2025-10-20 18:52:27 - battery_monitor - INFO - Drone 10: Batería 80%, Estado: DroneState.IDLE
2025-10-20 18:52:27 - battery_monitor - INFO - Drone 25: Batería 80%, Estado: DroneState.IDLE
2025-10-20 18:52:27 - battery_monitor - INFO - No se encontraron drones con batería baja en estado LOADING para actualizar
2025-10-20 18:52:57 - battery_monitor - INFO - Iniciando verificación de niveles de batería
2025-10-20 18:52:57 - battery_monitor - INFO - === REPORTE DE BATERÍA - 21 drones ===
2025-10-20 18:52:57 - battery_monitor - INFO - Drone 1: Batería 90%, Estado: DroneState.IDLE
2025-10-20 18:52:57 - battery_monitor - INFO - Drone 2: Batería 90%, Estado: DroneState.IDLE
2025-10-20 18:52:57 - battery_monitor - INFO - Drone DRN-HW-001: Batería 100%, Estado: DroneState.IDLE
2025-10-20 18:52:57 - battery_monitor - INFO - Drone DRN-MW-002: Batería 85%, Estado: DroneState.IDLE
2025-10-20 18:52:57 - battery_monitor - INFO - Drone DRN-LW-003: Batería 15%, Estado: DroneState.IDLE
2025-10-20 18:52:57 - battery_monitor - INFO - Drone DRN-CW-004: Batería 70%, Estado: DroneState.LOADING
2025-10-20 18:52:57 - battery_monitor - INFO - Drone DRN-MW-005: Batería 55%, Estado: DroneState.DELIVERING
2025-10-20 18:52:57 - battery_monitor - INFO - Drone DRN-HW-006: Batería 30%, Estado: DroneState.RETURNING
2025-10-20 18:52:57 - battery_monitor - INFO - Drone DRN-LW-007: Batería 25%, Estado: DroneState.IDLE
2025-10-20 18:52:57 - battery_monitor - INFO - Drone DRN-CW-008: Batería 95%, Estado: DroneState.IDLE
2025-10-20 18:52:57 - battery_monitor - INFO - Drone DRN-MW-009: Batería 40%, Estado: DroneState.LOADED
2025-10-20 18:52:57 - battery_monitor - INFO - Drone DRN-LW-010: Batería 100%, Estado: DroneState.DELIVERED
2025-10-20 18:52:57 - battery_monitor - INFO - Drone DRN-LW-011: Batería 20%, Estado: DroneState.RETURNING
2025-10-20 18:52:57 - battery_monitor - INFO - Drone 500: Batería 30%, Estado: DroneState.IDLE
2025-10-20 18:52:57 - battery_monitor - INFO - Drone DRN-001-XYZ: Batería 100%, Estado: DroneState.IDLE
2025-10-20 18:52:57 - battery_monitor - INFO - Drone 4: Batería 90%, Estado: DroneState.IDLE
2025-10-20 18:52:57 - battery_monitor - INFO - Drone 5: Batería 90%, Estado: DroneState.IDLE
2025-10-20 18:52:57 - battery_monitor - INFO - Drone 6: Batería 90%, Estado: DroneState.IDLE
2025-10-20 18:52:57 - battery_monitor - INFO - Drone 7: Batería 90%, Estado: DroneState.IDLE
2025-10-20 18:52:57 - battery_monitor - INFO - Drone 10: Batería 80%, Estado: DroneState.IDLE
2025-10-20 18:52:57 - battery_monitor - INFO - Drone 25: Batería 80%, Estado: DroneState.IDLE
2025-10-20 18:52:57 - battery_monitor - INFO - No se encontraron drones con batería baja en estado LOADING para actualizar
2025-10-20 18:53:27 - battery_monitor - INFO - Iniciando verificación de niveles de batería
2025-10-20 18:53:27 - battery_monitor - INFO - === REPORTE DE BATERÍA - 21 drones ===
2025-10-20 18:53:27 - battery_monitor - INFO - Drone 1: Batería 90%, Estado: DroneState.IDLE
2025-10-20 18:53:27 - battery_monitor - INFO - Drone 2: Batería 90%, Estado: DroneState.IDLE
2025-10-20 18:53:27 - battery_monitor - INFO - Drone DRN-HW-001: Batería 100%, Estado: DroneState.IDLE
2025-10-20 18:53:27 - battery_monitor - INFO - Drone DRN-MW-002: Batería 85%, Estado: DroneState.IDLE
2025-10-20 18:53:27 - battery_monitor - INFO - Drone DRN-LW-003: Batería 15%, Estado: DroneState.IDLE
2025-10-20 18:53:27 - battery_monitor - INFO - Drone DRN-CW-004: Batería 70%, Estado: DroneState.LOADING
2025-10-20 18:53:27 - battery_monitor - INFO - Drone DRN-MW-005: Batería 55%, Estado: DroneState.DELIVERING
2025-10-20 18:53:27 - battery_monitor - INFO - Drone DRN-HW-006: Batería 30%, Estado: DroneState.RETURNING
2025-10-20 18:53:27 - battery_monitor - INFO - Drone DRN-LW-007: Batería 25%, Estado: DroneState.IDLE
2025-10-20 18:53:27 - battery_monitor - INFO - Drone DRN-CW-008: Batería 95%, Estado: DroneState.IDLE
2025-10-20 18:53:27 - battery_monitor - INFO - Drone DRN-MW-009: Batería 40%, Estado: DroneState.LOADED
2025-10-20 18:53:27 - battery_monitor - INFO - Drone DRN-LW-010: Batería 100%, Estado: DroneState.DELIVERED
2025-10-20 18:53:27 - battery_monitor - INFO - Drone DRN-LW-011: Batería 20%, Estado: DroneState.RETURNING
2025-10-20 18:53:27 - battery_monitor - INFO - Drone 500: Batería 30%, Estado: DroneState.IDLE
2025-10-20 18:53:27 - battery_monitor - INFO - Drone DRN-001-XYZ: Batería 100%, Estado: DroneState.IDLE
2025-10-20 18:53:27 - battery_monitor - INFO - Drone 4: Batería 90%, Estado: DroneState.IDLE
2025-10-20 18:53:27 - battery_monitor - INFO - Drone 5: Batería 90%, Estado: DroneState.IDLE
2025-10-20 18:53:27 - battery_monitor - INFO - Drone 6: Batería 90%, Estado: DroneState.IDLE
2025-10-20 18:53:27 - battery_monitor - INFO - Drone 7: Batería 90%, Estado: DroneState.IDLE
2025-10-20 18:53:27 - battery_monitor - INFO - Drone 10: Batería 80%, Estado: DroneState.IDLE
2025-10-20 18:53:27 - battery_monitor - INFO - Drone 25: Batería 80%, Estado: DroneState.IDLE
2025-10-20 18:53:27 - battery_monitor - INFO - No se encontraron drones con batería baja en estado LOADING para actualizar
2025-10-20 18:53:57 - battery_monitor - INFO - Iniciando verificación de niveles de batería
2025-10-20 18:53:57 - battery_monitor - INFO - === REPORTE DE BATERÍA - 21 drones ===
2025-10-20 18:53:57 - battery_monitor - INFO - Drone 1: Batería 90%, Estado: DroneState.IDLE
2025-10-20 18:53:57 - battery_monitor - INFO - Drone 2: Batería 90%, Estado: DroneState.IDLE
2025-10-20 18:53:57 - battery_monitor - INFO - Drone DRN-HW-001: Batería 100%, Estado: DroneState.IDLE
2025-10-20 18:53:57 - battery_monitor - INFO - Drone DRN-MW-002: Batería 85%, Estado: DroneState.IDLE
2025-10-20 18:53:57 - battery_monitor - INFO - Drone DRN-LW-003: Batería 15%, Estado: DroneState.IDLE
2025-10-20 18:53:57 - battery_monitor - INFO - Drone DRN-CW-004: Batería 70%, Estado: DroneState.LOADING
2025-10-20 18:53:57 - battery_monitor - INFO - Drone DRN-MW-005: Batería 55%, Estado: DroneState.DELIVERING
2025-10-20 18:53:57 - battery_monitor - INFO - Drone DRN-HW-006: Batería 30%, Estado: DroneState.RETURNING
2025-10-20 18:53:57 - battery_monitor - INFO - Drone DRN-LW-007: Batería 25%, Estado: DroneState.IDLE
2025-10-20 18:53:57 - battery_monitor - INFO - Drone DRN-CW-008: Batería 95%, Estado: DroneState.IDLE
2025-10-20 18:53:57 - battery_monitor - INFO - Drone DRN-MW-009: Batería 40%, Estado: DroneState.LOADED
2025-10-20 18:53:57 - battery_monitor - INFO - Drone DRN-LW-010: Batería 100%, Estado: DroneState.DELIVERED
2025-10-20 18:53:57 - battery_monitor - INFO - Drone DRN-LW-011: Batería 20%, Estado: DroneState.RETURNING
2025-10-20 18:53:57 - battery_monitor - INFO - Drone 500: Batería 30%, Estado: DroneState.IDLE
2025-10-20 18:53:57 - battery_monitor - INFO - Drone DRN-001-XYZ: Batería 100%, Estado: DroneState.IDLE
2025-10-20 18:53:57 - battery_monitor - INFO - Drone 4: Batería 90%, Estado: DroneState.IDLE
2025-10-20 18:53:57 - battery_monitor - INFO - Drone 5: Batería 90%, Estado: DroneState.IDLE
2025-10-20 18:53:57 - battery_monitor - INFO - Drone 6: Batería 90%, Estado: DroneState.IDLE
2025-10-20 18:53:57 - battery_monitor - INFO - Drone 7: Batería 90%, Estado: DroneState.IDLE
2025-10-20 18:53:57 - battery_monitor - INFO - Drone 10: Batería 80%, Estado: DroneState.IDLE
2025-10-20 18:53:57 - battery_monitor - INFO - Drone 25: Batería 80%, Estado: DroneState.IDLE
2025-10-20 18:53:57 - battery_monitor - INFO - No se encontraron drones con batería baja en estado LOADING para actualizar
2025-10-20 18:54:27 - battery_monitor - INFO - Iniciando verificación de niveles de batería
2025-10-20 18:54:27 - battery_monitor - INFO - === REPORTE DE BATERÍA - 21 drones ===
2025-10-20 18:54:27 - battery_monitor - INFO - Drone 1: Batería 90%, Estado: DroneState.IDLE
2025-10-20 18:54:27 - battery_monitor - INFO - Drone 2: Batería 90%, Estado: DroneState.IDLE
2025-10-20 18:54:27 - battery_monitor - INFO - Drone DRN-HW-001: Batería 100%, Estado: DroneState.IDLE
2025-10-20 18:54:27 - battery_monitor - INFO - Drone DRN-MW-002: Batería 85%, Estado: DroneState.IDLE
2025-10-20 18:54:27 - battery_monitor - INFO - Drone DRN-LW-003: Batería 15%, Estado: DroneState.IDLE
2025-10-20 18:54:27 - battery_monitor - INFO - Drone DRN-CW-004: Batería 70%, Estado: DroneState.LOADING
2025-10-20 18:54:27 - battery_monitor - INFO - Drone DRN-MW-005: Batería 55%, Estado: DroneState.DELIVERING
2025-10-20 18:54:27 - battery_monitor - INFO - Drone DRN-HW-006: Batería 30%, Estado: DroneState.RETURNING
2025-10-20 18:54:27 - battery_monitor - INFO - Drone DRN-LW-007: Batería 25%, Estado: DroneState.IDLE
2025-10-20 18:54:27 - battery_monitor - INFO - Drone DRN-CW-008: Batería 95%, Estado: DroneState.IDLE
2025-10-20 18:54:27 - battery_monitor - INFO - Drone DRN-MW-009: Batería 40%, Estado: DroneState.LOADED
2025-10-20 18:54:27 - battery_monitor - INFO - Drone DRN-LW-010: Batería 100%, Estado: DroneState.DELIVERED
2025-10-20 18:54:27 - battery_monitor - INFO - Drone DRN-LW-011: Batería 20%, Estado: DroneState.RETURNING
2025-10-20 18:54:27 - battery_monitor - INFO - Drone 500: Batería 30%, Estado: DroneState.IDLE
2025-10-20 18:54:27 - battery_monitor - INFO - Drone DRN-001-XYZ: Batería 100%, Estado: DroneState.IDLE
2025-10-20 18:54:27 - battery_monitor - INFO - Drone 4: Batería 90%, Estado: DroneState.IDLE
2025-10-20 18:54:27 - battery_monitor - INFO - Drone 5: Batería 90%, Estado: DroneState.IDLE
2025-10-20 18:54:27 - battery_monitor - INFO - Drone 6: Batería 90%, Estado: DroneState.IDLE
2025-10-20 18:54:27 - battery_monitor - INFO - Drone 7: Batería 90%, Estado: DroneState.IDLE
2025-10-20 18:54:27 - battery_monitor - INFO - Drone 10: Batería 80%, Estado: DroneState.IDLE
2025-10-20 18:54:27 - battery_monitor - INFO - Drone 25: Batería 80%, Estado: DroneState.IDLE
2025-10-20 18:54:27 - battery_monitor - INFO - No se encontraron drones con batería baja en estado LOADING para actualizar
2025-10-20 18:54:57 - battery_monitor - INFO - Iniciando verificación de niveles de batería
2025-10-20 18:54:57 - battery_monitor - INFO - === REPORTE DE BATERÍA - 21 drones ===
2025-10-20 18:54:57 - battery_monitor - INFO - Drone 1: Batería 90%, Estado: DroneState.IDLE
2025-10-20 18:54:57 - battery_monitor - INFO - Drone 2: Batería 90%, Estado: DroneState.IDLE
2025-10-20 18:54:57 - battery_monitor - INFO - Drone DRN-HW-001: Batería 100%, Estado: DroneState.IDLE
2025-10-20 18:54:57 - battery_monitor - INFO - Drone DRN-MW-002: Batería 85%, Estado: DroneState.IDLE
2025-10-20 18:54:57 - battery_monitor - INFO - Drone DRN-LW-003: Batería 15%, Estado: DroneState.IDLE
2025-10-20 18:54:57 - battery_monitor - INFO - Drone DRN-CW-004: Batería 70%, Estado: DroneState.LOADING
2025-10-20 18:54:57 - battery_monitor - INFO - Drone DRN-MW-005: Batería 55%, Estado: DroneState.DELIVERING
2025-10-20 18:54:57 - battery_monitor - INFO - Drone DRN-HW-006: Batería 30%, Estado: DroneState.RETURNING
2025-10-20 18:54:57 - battery_monitor - INFO - Drone DRN-LW-007: Batería 25%, Estado: DroneState.IDLE
2025-10-20 18:54:57 - battery_monitor - INFO - Drone DRN-CW-008: Batería 95%, Estado: DroneState.IDLE
2025-10-20 18:54:57 - battery_monitor - INFO - Drone DRN-MW-009: Batería 40%, Estado: DroneState.LOADED
2025-10-20 18:54:57 - battery_monitor - INFO - Drone DRN-LW-010: Batería 100%, Estado: DroneState.DELIVERED
2025-10-20 18:54:57 - battery_monitor - INFO - Drone DRN-LW-011: Batería 20%, Estado: DroneState.RETURNING
2025-10-20 18:54:57 - battery_monitor - INFO - Drone 500: Batería 30%, Estado: DroneState.IDLE
2025-10-20 18:54:57 - battery_monitor - INFO - Drone DRN-001-XYZ: Batería 100%, Estado: DroneState.IDLE
2025-10-20 18:54:57 - battery_monitor - INFO - Drone 4: Batería 90%, Estado: DroneState.IDLE
2025-10-20 18:54:57 - battery_monitor - INFO - Drone 5: Batería 90%, Estado: DroneState.IDLE
2025-10-20 18:54:57 - battery_monitor - INFO - Drone 6: Batería 90%, Estado: DroneState.IDLE
2025-10-20 18:54:57 - battery_monitor - INFO - Drone 7: Batería 90%, Estado: DroneState.IDLE
2025-10-20 18:54:57 - battery_monitor - INFO - Drone 10: Batería 80%, Estado: DroneState.IDLE
2025-10-20 18:54:57 - battery_monitor - INFO - Drone 25: Batería 80%, Estado: DroneState.IDLE
2025-10-20 18:54:57 - battery_monitor - INFO - No se encontraron drones con batería baja en estado LOADING para actualizar
2025-10-20 18:55:27 - battery_monitor - INFO - Iniciando verificación de niveles de batería
2025-10-20 18:55:27 - battery_monitor - INFO - === REPORTE DE BATERÍA - 21 drones ===
2025-10-20 18:55:27 - battery_monitor - INFO - Drone 1: Batería 90%, Estado: DroneState.IDLE
2025-10-20 18:55:27 - battery_monitor - INFO - Drone 2: Batería 90%, Estado: DroneState.IDLE
2025-10-20 18:55:27 - battery_monitor - INFO - Drone DRN-HW-001: Batería 100%, Estado: DroneState.IDLE
2025-10-20 18:55:27 - battery_monitor - INFO - Drone DRN-MW-002: Batería 85%, Estado: DroneState.IDLE
2025-10-20 18:55:27 - battery_monitor - INFO - Drone DRN-LW-003: Batería 15%, Estado: DroneState.IDLE
2025-10-20 18:55:27 - battery_monitor - INFO - Drone DRN-CW-004: Batería 70%, Estado: DroneState.LOADING
2025-10-20 18:55:27 - battery_monitor - INFO - Drone DRN-MW-005: Batería 55%, Estado: DroneState.DELIVERING
2025-10-20 18:55:27 - battery_monitor - INFO - Drone DRN-HW-006: Batería 30%, Estado: DroneState.RETURNING
2025-10-20 18:55:27 - battery_monitor - INFO - Drone DRN-LW-007: Batería 25%, Estado: DroneState.IDLE
2025-10-20 18:55:27 - battery_monitor - INFO - Drone DRN-CW-008: Batería 95%, Estado: DroneState.IDLE
2025-10-20 18:55:27 - battery_monitor - INFO - Drone DRN-MW-009: Batería 40%, Estado: DroneState.LOADED
2025-10-20 18:55:27 - battery_monitor - INFO - Drone DRN-LW-010: Batería 100%, Estado: DroneState.DELIVERED
2025-10-20 18:55:27 - battery_monitor - INFO - Drone DRN-LW-011: Batería 20%, Estado: DroneState.RETURNING
2025-10-20 18:55:27 - battery_monitor - INFO - Drone 500: Batería 30%, Estado: DroneState.IDLE
2025-10-20 18:55:27 - battery_monitor - INFO - Drone DRN-001-XYZ: Batería 100%, Estado: DroneState.IDLE
2025-10-20 18:55:27 - battery_monitor - INFO - Drone 4: Batería 90%, Estado: DroneState.IDLE
2025-10-20 18:55:27 - battery_monitor - INFO - Drone 5: Batería 90%, Estado: DroneState.IDLE
2025-10-20 18:55:27 - battery_monitor - INFO - Drone 6: Batería 90%, Estado: DroneState.IDLE
2025-10-20 18:55:27 - battery_monitor - INFO - Drone 7: Batería 90%, Estado: DroneState.IDLE
2025-10-20 18:55:27 - battery_monitor - INFO - Drone 10: Batería 80%, Estado: DroneState.IDLE
2025-10-20 18:55:27 - battery_monitor - INFO - Drone 25: Batería 80%, Estado: DroneState.IDLE
2025-10-20 18:55:27 - battery_monitor - INFO - No se encontraron drones con batería baja en estado LOADING para actualizar
2025-10-20 18:55:57 - battery_monitor - INFO - Iniciando verificación de niveles de batería
2025-10-20 18:55:57 - battery_monitor - INFO - === REPORTE DE BATERÍA - 21 drones ===
2025-10-20 18:55:57 - battery_monitor - INFO - Drone 1: Batería 90%, Estado: DroneState.IDLE
2025-10-20 18:55:57 - battery_monitor - INFO - Drone 2: Batería 90%, Estado: DroneState.IDLE
2025-10-20 18:55:57 - battery_monitor - INFO - Drone DRN-HW-001: Batería 100%, Estado: DroneState.IDLE
2025-10-20 18:55:57 - battery_monitor - INFO - Drone DRN-MW-002: Batería 85%, Estado: DroneState.IDLE
2025-10-20 18:55:57 - battery_monitor - INFO - Drone DRN-LW-003: Batería 15%, Estado: DroneState.IDLE
2025-10-20 18:55:57 - battery_monitor - INFO - Drone DRN-CW-004: Batería 70%, Estado: DroneState.LOADING
2025-10-20 18:55:57 - battery_monitor - INFO - Drone DRN-MW-005: Batería 55%, Estado: DroneState.DELIVERING
2025-10-20 18:55:57 - battery_monitor - INFO - Drone DRN-HW-006: Batería 30%, Estado: DroneState.RETURNING
2025-10-20 18:55:57 - battery_monitor - INFO - Drone DRN-LW-007: Batería 25%, Estado: DroneState.IDLE
2025-10-20 18:55:57 - battery_monitor - INFO - Drone DRN-CW-008: Batería 95%, Estado: DroneState.IDLE
2025-10-20 18:55:57 - battery_monitor - INFO - Drone DRN-MW-009: Batería 40%, Estado: DroneState.LOADED
2025-10-20 18:55:57 - battery_monitor - INFO - Drone DRN-LW-010: Batería 100%, Estado: DroneState.DELIVERED
2025-10-20 18:55:57 - battery_monitor - INFO - Drone DRN-LW-011: Batería 20%, Estado: DroneState.RETURNING
2025-10-20 18:55:57 - battery_monitor - INFO - Drone 500: Batería 30%, Estado: DroneState.IDLE
2025-10-20 18:55:57 - battery_monitor - INFO - Drone DRN-001-XYZ: Batería 100%, Estado: DroneState.IDLE
2025-10-20 18:55:57 - battery_monitor - INFO - Drone 4: Batería 90%, Estado: DroneState.IDLE
2025-10-20 18:55:57 - battery_monitor - INFO - Drone 5: Batería 90%, Estado: DroneState.IDLE
2025-10-20 18:55:57 - battery_monitor - INFO - Drone 6: Batería 90%, Estado: DroneState.IDLE
2025-10-20 18:55:57 - battery_monitor - INFO - Drone 7: Batería 90%, Estado: DroneState.IDLE
2025-10-20 18:55:57 - battery_monitor - INFO - Drone 10: Batería 80%, Estado: DroneState.IDLE
2025-10-20 18:55:57 - battery_monitor - INFO - Drone 25: Batería 80%, Estado: DroneState.IDLE
2025-10-20 18:55:57 - battery_monitor - INFO - No se encontraron drones con batería baja en estado LOADING para actualizar
2025-10-20 18:56:27 - battery_monitor - INFO - Iniciando verificación de niveles de batería
2025-10-20 18:56:27 - battery_monitor - INFO - === REPORTE DE BATERÍA - 21 drones ===
2025-10-20 18:56:27 - battery_monitor - INFO - Drone 1: Batería 90%, Estado: DroneState.IDLE
2025-10-20 18:56:27 - battery_monitor - INFO - Drone 2: Batería 90%, Estado: DroneState.IDLE
2025-10-20 18:56:27 - battery_monitor - INFO - Drone DRN-HW-001: Batería 100%, Estado: DroneState.IDLE
2025-10-20 18:56:27 - battery_monitor - INFO - Drone DRN-MW-002: Batería 85%, Estado: DroneState.IDLE
2025-10-20 18:56:27 - battery_monitor - INFO - Drone DRN-LW-003: Batería 15%, Estado: DroneState.IDLE
2025-10-20 18:56:27 - battery_monitor - INFO - Drone DRN-CW-004: Batería 70%, Estado: DroneState.LOADING
2025-10-20 18:56:27 - battery_monitor - INFO - Drone DRN-MW-005: Batería 55%, Estado: DroneState.DELIVERING
2025-10-20 18:56:27 - battery_monitor - INFO - Drone DRN-HW-006: Batería 30%, Estado: DroneState.RETURNING
2025-10-20 18:56:27 - battery_monitor - INFO - Drone DRN-LW-007: Batería 25%, Estado: DroneState.IDLE
2025-10-20 18:56:27 - battery_monitor - INFO - Drone DRN-CW-008: Batería 95%, Estado: DroneState.IDLE
2025-10-20 18:56:27 - battery_monitor - INFO - Drone DRN-MW-009: Batería 40%, Estado: DroneState.LOADED
2025-10-20 18:56:27 - battery_monitor - INFO - Drone DRN-LW-010: Batería 100%, Estado: DroneState.DELIVERED
2025-10-20 18:56:27 - battery_monitor - INFO - Drone DRN-LW-011: Batería 20%, Estado: DroneState.RETURNING
2025-10-20 18:56:27 - battery_monitor - INFO - Drone 500: Batería 30%, Estado: DroneState.IDLE
2025-10-20 18:56:27 - battery_monitor - INFO - Drone DRN-001-XYZ: Batería 100%, Estado: DroneState.IDLE
2025-10-20 18:56:27 - battery_monitor - INFO - Drone 4: Batería 90%, Estado: DroneState.IDLE
2025-10-20 18:56:27 - battery_monitor - INFO - Drone 5: Batería 90%, Estado: DroneState.IDLE
2025-10-20 18:56:27 - battery_monitor - INFO - Drone 6: Batería 90%, Estado: DroneState.IDLE
2025-10-20 18:56:27 - battery_monitor - INFO - Drone 7: Batería 90%, Estado: DroneState.IDLE
2025-10-20 18:56:27 - battery_monitor - INFO - Drone 10: Batería 80%, Estado: DroneState.IDLE
2025-10-20 18:56:27 - battery_monitor - INFO - Drone 25: Batería 80%, Estado: DroneState.IDLE
2025-10-20 18:56:27 - battery_monitor - INFO - No se encontraron drones con batería baja en estado LOADING para actualizar
2025-10-20 18:56:57 - battery_monitor - INFO - Iniciando verificación de niveles de batería
2025-10-20 18:56:57 - battery_monitor - INFO - === REPORTE DE BATERÍA - 21 drones ===
2025-10-20 18:56:57 - battery_monitor - INFO - Drone 1: Batería 90%, Estado: DroneState.IDLE
2025-10-20 18:56:57 - battery_monitor - INFO - Drone 2: Batería 90%, Estado: DroneState.IDLE
2025-10-20 18:56:57 - battery_monitor - INFO - Drone DRN-HW-001: Batería 100%, Estado: DroneState.IDLE
2025-10-20 18:56:57 - battery_monitor - INFO - Drone DRN-MW-002: Batería 85%, Estado: DroneState.IDLE
2025-10-20 18:56:57 - battery_monitor - INFO - Drone DRN-LW-003: Batería 15%, Estado: DroneState.IDLE
2025-10-20 18:56:57 - battery_monitor - INFO - Drone DRN-CW-004: Batería 70%, Estado: DroneState.LOADING
2025-10-20 18:56:57 - battery_monitor - INFO - Drone DRN-MW-005: Batería 55%, Estado: DroneState.DELIVERING
2025-10-20 18:56:57 - battery_monitor - INFO - Drone DRN-HW-006: Batería 30%, Estado: DroneState.RETURNING
2025-10-20 18:56:57 - battery_monitor - INFO - Drone DRN-LW-007: Batería 25%, Estado: DroneState.IDLE
2025-10-20 18:56:57 - battery_monitor - INFO - Drone DRN-CW-008: Batería 95%, Estado: DroneState.IDLE
2025-10-20 18:56:57 - battery_monitor - INFO - Drone DRN-MW-009: Batería 40%, Estado: DroneState.LOADED
2025-10-20 18:56:57 - battery_monitor - INFO - Drone DRN-LW-010: Batería 100%, Estado: DroneState.DELIVERED
2025-10-20 18:56:57 - battery_monitor - INFO - Drone DRN-LW-011: Batería 20%, Estado: DroneState.RETURNING
2025-10-20 18:56:57 - battery_monitor - INFO - Drone 500: Batería 30%, Estado: DroneState.IDLE
2025-10-20 18:56:57 - battery_monitor - INFO - Drone DRN-001-XYZ: Batería 100%, Estado: DroneState.IDLE
2025-10-20 18:56:57 - battery_monitor - INFO - Drone 4: Batería 90%, Estado: DroneState.IDLE
2025-10-20 18:56:57 - battery_monitor - INFO - Drone 5: Batería 90%, Estado: DroneState.IDLE
2025-10-20 18:56:57 - battery_monitor - INFO - Drone 6: Batería 90%, Estado: DroneState.IDLE
2025-10-20 18:56:57 - battery_monitor - INFO - Drone 7: Batería 90%, Estado: DroneState.IDLE
2025-10-20 18:56:57 - battery_monitor - INFO - Drone 10: Batería 80%, Estado: DroneState.IDLE
2025-10-20 18:56:57 - battery_monitor - INFO - Drone 25: Batería 80%, Estado: DroneState.IDLE
2025-10-20 18:56:57 - battery_monitor - INFO - No se encontraron drones con batería baja en estado LOADING para actualizar
2025-10-20 18:57:27 - battery_monitor - INFO - Iniciando verificación de niveles de batería
2025-10-20 18:57:27 - battery_monitor - INFO - === REPORTE DE BATERÍA - 21 drones ===
2025-10-20 18:57:27 - battery_monitor - INFO - Drone 1: Batería 90%, Estado: DroneState.IDLE
2025-10-20 18:57:27 - battery_monitor - INFO - Drone 2: Batería 90%, Estado: DroneState.IDLE
2025-10-20 18:57:27 - battery_monitor - INFO - Drone DRN-HW-001: Batería 100%, Estado: DroneState.IDLE
2025-10-20 18:57:27 - battery_monitor - INFO - Drone DRN-MW-002: Batería 85%, Estado: DroneState.IDLE
2025-10-20 18:57:27 - battery_monitor - INFO - Drone DRN-LW-003: Batería 15%, Estado: DroneState.IDLE
2025-10-20 18:57:27 - battery_monitor - INFO - Drone DRN-CW-004: Batería 70%, Estado: DroneState.LOADING
2025-10-20 18:57:27 - battery_monitor - INFO - Drone DRN-MW-005: Batería 55%, Estado: DroneState.DELIVERING
2025-10-20 18:57:27 - battery_monitor - INFO - Drone DRN-HW-006: Batería 30%, Estado: DroneState.RETURNING
2025-10-20 18:57:27 - battery_monitor - INFO - Drone DRN-LW-007: Batería 25%, Estado: DroneState.IDLE
2025-10-20 18:57:27 - battery_monitor - INFO - Drone DRN-CW-008: Batería 95%, Estado: DroneState.IDLE
2025-10-20 18:57:27 - battery_monitor - INFO - Drone DRN-MW-009: Batería 40%, Estado: DroneState.LOADED
2025-10-20 18:57:27 - battery_monitor - INFO - Drone DRN-LW-010: Batería 100%, Estado: DroneState.DELIVERED
2025-10-20 18:57:27 - battery_monitor - INFO - Drone DRN-LW-011: Batería 20%, Estado: DroneState.RETURNING
2025-10-20 18:57:27 - battery_monitor - INFO - Drone 500: Batería 30%, Estado: DroneState.IDLE
2025-10-20 18:57:27 - battery_monitor - INFO - Drone DRN-001-XYZ: Batería 100%, Estado: DroneState.IDLE
2025-10-20 18:57:27 - battery_monitor - INFO - Drone 4: Batería 90%, Estado: DroneState.IDLE
2025-10-20 18:57:27 - battery_monitor - INFO - Drone 5: Batería 90%, Estado: DroneState.IDLE
2025-10-20 18:57:27 - battery_monitor - INFO - Drone 6: Batería 90%, Estado: DroneState.IDLE
2025-10-20 18:57:27 - battery_monitor - INFO - Drone 7: Batería 90%, Estado: DroneState.IDLE
2025-10-20 18:57:27 - battery_monitor - INFO - Drone 10: Batería 80%, Estado: DroneState.IDLE
2025-10-20 18:57:27 - battery_monitor - INFO - Drone 25: Batería 80%, Estado: DroneState.IDLE
2025-10-20 18:57:27 - battery_monitor - INFO - No se encontraron drones con batería baja en estado LOADING para actualizar
2025-10-20 18:57:57 - battery_monitor - INFO - Iniciando verificación de niveles de batería
2025-10-20 18:57:57 - battery_monitor - INFO - === REPORTE DE BATERÍA - 21 drones ===
2025-10-20 18:57:57 - battery_monitor - INFO - Drone 1: Batería 90%, Estado: DroneState.IDLE
2025-10-20 18:57:57 - battery_monitor - INFO - Drone 2: Batería 90%, Estado: DroneState.IDLE
2025-10-20 18:57:57 - battery_monitor - INFO - Drone DRN-HW-001: Batería 100%, Estado: DroneState.IDLE
2025-10-20 18:57:57 - battery_monitor - INFO - Drone DRN-MW-002: Batería 85%, Estado: DroneState.IDLE
2025-10-20 18:57:57 - battery_monitor - INFO - Drone DRN-LW-003: Batería 15%, Estado: DroneState.IDLE
2025-10-20 18:57:57 - battery_monitor - INFO - Drone DRN-CW-004: Batería 70%, Estado: DroneState.LOADING
2025-10-20 18:57:57 - battery_monitor - INFO - Drone DRN-MW-005: Batería 55%, Estado: DroneState.DELIVERING
2025-10-20 18:57:57 - battery_monitor - INFO - Drone DRN-HW-006: Batería 30%, Estado: DroneState.RETURNING
2025-10-20 18:57:57 - battery_monitor - INFO - Drone DRN-LW-007: Batería 25%, Estado: DroneState.IDLE
2025-10-20 18:57:57 - battery_monitor - INFO - Drone DRN-CW-008: Batería 95%, Estado: DroneState.IDLE
2025-10-20 18:57:57 - battery_monitor - INFO - Drone DRN-MW-009: Batería 40%, Estado: DroneState.LOADED
2025-10-20 18:57:57 - battery_monitor - INFO - Drone DRN-LW-010: Batería 100%, Estado: DroneState.DELIVERED
2025-10-20 18:57:57 - battery_monitor - INFO - Drone DRN-LW-011: Batería 20%, Estado: DroneState.RETURNING
2025-10-20 18:57:57 - battery_monitor - INFO - Drone 500: Batería 30%, Estado: DroneState.IDLE
2025-10-20 18:57:57 - battery_monitor - INFO - Drone DRN-001-XYZ: Batería 100%, Estado: DroneState.IDLE
2025-10-20 18:57:57 - battery_monitor - INFO - Drone 4: Batería 90%, Estado: DroneState.IDLE
2025-10-20 18:57:57 - battery_monitor - INFO - Drone 5: Batería 90%, Estado: DroneState.IDLE
2025-10-20 18:57:57 - battery_monitor - INFO - Drone 6: Batería 90%, Estado: DroneState.IDLE
2025-10-20 18:57:57 - battery_monitor - INFO - Drone 7: Batería 90%, Estado: DroneState.IDLE
2025-10-20 18:57:57 - battery_monitor - INFO - Drone 10: Batería 80%, Estado: DroneState.IDLE
2025-10-20 18:57:57 - battery_monitor - INFO - Drone 25: Batería 80%, Estado: DroneState.IDLE
2025-10-20 18:57:57 - battery_monitor - INFO - No se encontraron drones con batería baja en estado LOADING para actualizar
2025-10-20 18:58:27 - battery_monitor - INFO - Iniciando verificación de niveles de batería
2025-10-20 18:58:27 - battery_monitor - INFO - === REPORTE DE BATERÍA - 21 drones ===
2025-10-20 18:58:27 - battery_monitor - INFO - Drone 1: Batería 90%, Estado: DroneState.IDLE
2025-10-20 18:58:27 - battery_monitor - INFO - Drone 2: Batería 90%, Estado: DroneState.IDLE
2025-10-20 18:58:27 - battery_monitor - INFO - Drone DRN-HW-001: Batería 100%, Estado: DroneState.IDLE
2025-10-20 18:58:27 - battery_monitor - INFO - Drone DRN-MW-002: Batería 85%, Estado: DroneState.IDLE
2025-10-20 18:58:27 - battery_monitor - INFO - Drone DRN-LW-003: Batería 15%, Estado: DroneState.IDLE
2025-10-20 18:58:27 - battery_monitor - INFO - Drone DRN-CW-004: Batería 70%, Estado: DroneState.LOADING
2025-10-20 18:58:27 - battery_monitor - INFO - Drone DRN-MW-005: Batería 55%, Estado: DroneState.DELIVERING
2025-10-20 18:58:27 - battery_monitor - INFO - Drone DRN-HW-006: Batería 30%, Estado: DroneState.RETURNING
2025-10-20 18:58:27 - battery_monitor - INFO - Drone DRN-LW-007: Batería 25%, Estado: DroneState.IDLE
2025-10-20 18:58:27 - battery_monitor - INFO - Drone DRN-CW-008: Batería 95%, Estado: DroneState.IDLE
2025-10-20 18:58:27 - battery_monitor - INFO - Drone DRN-MW-009: Batería 40%, Estado: DroneState.LOADED
2025-10-20 18:58:27 - battery_monitor - INFO - Drone DRN-LW-010: Batería 100%, Estado: DroneState.DELIVERED
2025-10-20 18:58:27 - battery_monitor - INFO - Drone DRN-LW-011: Batería 20%, Estado: DroneState.RETURNING
2025-10-20 18:58:27 - battery_monitor - INFO - Drone 500: Batería 30%, Estado: DroneState.IDLE
2025-10-20 18:58:27 - battery_monitor - INFO - Drone DRN-001-XYZ: Batería 100%, Estado: DroneState.IDLE
2025-10-20 18:58:27 - battery_monitor - INFO - Drone 4: Batería 90%, Estado: DroneState.IDLE
2025-10-20 18:58:27 - battery_monitor - INFO - Drone 5: Batería 90%, Estado: DroneState.IDLE
2025-10-20 18:58:27 - battery_monitor - INFO - Drone 6: Batería 90%, Estado: DroneState.IDLE
2025-10-20 18:58:27 - battery_monitor - INFO - Drone 7: Batería 90%, Estado: DroneState.IDLE
2025-10-20 18:58:27 - battery_monitor - INFO - Drone 10: Batería 80%, Estado: DroneState.IDLE
2025-10-20 18:58:27 - battery_monitor - INFO - Drone 25: Batería 80%, Estado: DroneState.IDLE
2025-10-20 18:58:27 - battery_monitor - INFO - No se encontraron drones con batería baja en estado LOADING para actualizar
2025-10-20 18:58:57 - battery_monitor - INFO - Iniciando verificación de niveles de batería
2025-10-20 18:58:57 - battery_monitor - INFO - === REPORTE DE BATERÍA - 21 drones ===
2025-10-20 18:58:57 - battery_monitor - INFO - Drone 1: Batería 90%, Estado: DroneState.IDLE
2025-10-20 18:58:57 - battery_monitor - INFO - Drone 2: Batería 90%, Estado: DroneState.IDLE
2025-10-20 18:58:57 - battery_monitor - INFO - Drone DRN-HW-001: Batería 100%, Estado: DroneState.IDLE
2025-10-20 18:58:57 - battery_monitor - INFO - Drone DRN-MW-002: Batería 85%, Estado: DroneState.IDLE
2025-10-20 18:58:57 - battery_monitor - INFO - Drone DRN-LW-003: Batería 15%, Estado: DroneState.IDLE
2025-10-20 18:58:57 - battery_monitor - INFO - Drone DRN-CW-004: Batería 70%, Estado: DroneState.LOADING
2025-10-20 18:58:57 - battery_monitor - INFO - Drone DRN-MW-005: Batería 55%, Estado: DroneState.DELIVERING
2025-10-20 18:58:57 - battery_monitor - INFO - Drone DRN-HW-006: Batería 30%, Estado: DroneState.RETURNING
2025-10-20 18:58:57 - battery_monitor - INFO - Drone DRN-LW-007: Batería 25%, Estado: DroneState.IDLE
2025-10-20 18:58:57 - battery_monitor - INFO - Drone DRN-CW-008: Batería 95%, Estado: DroneState.IDLE
2025-10-20 18:58:57 - battery_monitor - INFO - Drone DRN-MW-009: Batería 40%, Estado: DroneState.LOADED
2025-10-20 18:58:57 - battery_monitor - INFO - Drone DRN-LW-010: Batería 100%, Estado: DroneState.DELIVERED
2025-10-20 18:58:57 - battery_monitor - INFO - Drone DRN-LW-011: Batería 20%, Estado: DroneState.RETURNING
2025-10-20 18:58:57 - battery_monitor - INFO - Drone 500: Batería 30%, Estado: DroneState.IDLE
2025-10-20 18:58:57 - battery_monitor - INFO - Drone DRN-001-XYZ: Batería 100%, Estado: DroneState.IDLE
2025-10-20 18:58:57 - battery_monitor - INFO - Drone 4: Batería 90%, Estado: DroneState.IDLE
2025-10-20 18:58:57 - battery_monitor - INFO - Drone 5: Batería 90%, Estado: DroneState.IDLE
2025-10-20 18:58:57 - battery_monitor - INFO - Drone 6: Batería 90%, Estado: DroneState.IDLE
2025-10-20 18:58:57 - battery_monitor - INFO - Drone 7: Batería 90%, Estado: DroneState.IDLE
2025-10-20 18:58:57 - battery_monitor - INFO - Drone 10: Batería 80%, Estado: DroneState.IDLE
2025-10-20 18:58:57 - battery_monitor - INFO - Drone 25: Batería 80%, Estado: DroneState.IDLE
2025-10-20 18:58:57 - battery_monitor - INFO - No se encontraron drones con batería baja en estado LOADING para actualizar
2025-10-20 18:59:27 - battery_monitor - INFO - Iniciando verificación de niveles de batería
2025-10-20 18:59:27 - battery_monitor - INFO - === REPORTE DE BATERÍA - 21 drones ===
2025-10-20 18:59:27 - battery_monitor - INFO - Drone 1: Batería 90%, Estado: DroneState.IDLE
2025-10-20 18:59:27 - battery_monitor - INFO - Drone 2: Batería 90%, Estado: DroneState.IDLE
2025-10-20 18:59:27 - battery_monitor - INFO - Drone DRN-HW-001: Batería 100%, Estado: DroneState.IDLE
2025-10-20 18:59:27 - battery_monitor - INFO - Drone DRN-MW-002: Batería 85%, Estado: DroneState.IDLE
2025-10-20 18:59:27 - battery_monitor - INFO - Drone DRN-LW-003: Batería 15%, Estado: DroneState.IDLE
2025-10-20 18:59:27 - battery_monitor - INFO - Drone DRN-CW-004: Batería 70%, Estado: DroneState.LOADING
2025-10-20 18:59:27 - battery_monitor - INFO - Drone DRN-MW-005: Batería 55%, Estado: DroneState.DELIVERING
2025-10-20 18:59:27 - battery_monitor - INFO - Drone DRN-HW-006: Batería 30%, Estado: DroneState.RETURNING
2025-10-20 18:59:27 - battery_monitor - INFO - Drone DRN-LW-007: Batería 25%, Estado: DroneState.IDLE
2025-10-20 18:59:27 - battery_monitor - INFO - Drone DRN-CW-008: Batería 95%, Estado: DroneState.IDLE
2025-10-20 18:59:27 - battery_monitor - INFO - Drone DRN-MW-009: Batería 40%, Estado: DroneState.LOADED
2025-10-20 18:59:27 - battery_monitor - INFO - Drone DRN-LW-010: Batería 100%, Estado: DroneState.DELIVERED
2025-10-20 18:59:27 - battery_monitor - INFO - Drone DRN-LW-011: Batería 20%, Estado: DroneState.RETURNING
2025-10-20 18:59:27 - battery_monitor - INFO - Drone 500: Batería 30%, Estado: DroneState.IDLE
2025-10-20 18:59:27 - battery_monitor - INFO - Drone DRN-001-XYZ: Batería 100%, Estado: DroneState.IDLE
2025-10-20 18:59:27 - battery_monitor - INFO - Drone 4: Batería 90%, Estado: DroneState.IDLE
2025-10-20 18:59:27 - battery_monitor - INFO - Drone 5: Batería 90%, Estado: DroneState.IDLE
2025-10-20 18:59:27 - battery_monitor - INFO - Drone 6: Batería 90%, Estado: DroneState.IDLE
2025-10-20 18:59:27 - battery_monitor - INFO - Drone 7: Batería 90%, Estado: DroneState.IDLE
2025-10-20 18:59:27 - battery_monitor - INFO - Drone 10: Batería 80%, Estado: DroneState.IDLE
2025-10-20 18:59:27 - battery_monitor - INFO - Drone 25: Batería 80%, Estado: DroneState.IDLE
2025-10-20 18:59:27 - battery_monitor - INFO - No se encontraron drones con batería baja en estado LOADING para actualizar
2025-10-20 18:59:57 - battery_monitor - INFO - Iniciando verificación de niveles de batería
2025-10-20 18:59:57 - battery_monitor - INFO - === REPORTE DE BATERÍA - 21 drones ===
2025-10-20 18:59:57 - battery_monitor - INFO - Drone 1: Batería 90%, Estado: DroneState.IDLE
2025-10-20 18:59:57 - battery_monitor - INFO - Drone 2: Batería 90%, Estado: DroneState.IDLE
2025-10-20 18:59:57 - battery_monitor - INFO - Drone DRN-HW-001: Batería 100%, Estado: DroneState.IDLE
2025-10-20 18:59:57 - battery_monitor - INFO - Drone DRN-MW-002: Batería 85%, Estado: DroneState.IDLE
2025-10-20 18:59:57 - battery_monitor - INFO - Drone DRN-LW-003: Batería 15%, Estado: DroneState.IDLE
2025-10-20 18:59:57 - battery_monitor - INFO - Drone DRN-CW-004: Batería 70%, Estado: DroneState.LOADING
2025-10-20 18:59:57 - battery_monitor - INFO - Drone DRN-MW-005: Batería 55%, Estado: DroneState.DELIVERING
2025-10-20 18:59:57 - battery_monitor - INFO - Drone DRN-HW-006: Batería 30%, Estado: DroneState.RETURNING
2025-10-20 18:59:57 - battery_monitor - INFO - Drone DRN-LW-007: Batería 25%, Estado: DroneState.IDLE
2025-10-20 18:59:57 - battery_monitor - INFO - Drone DRN-CW-008: Batería 95%, Estado: DroneState.IDLE
2025-10-20 18:59:57 - battery_monitor - INFO - Drone DRN-MW-009: Batería 40%, Estado: DroneState.LOADED
2025-10-20 18:59:57 - battery_monitor - INFO - Drone DRN-LW-010: Batería 100%, Estado: DroneState.DELIVERED
2025-10-20 18:59:57 - battery_monitor - INFO - Drone DRN-LW-011: Batería 20%, Estado: DroneState.RETURNING
2025-10-20 18:59:57 - battery_monitor - INFO - Drone 500: Batería 30%, Estado: DroneState.IDLE
2025-10-20 18:59:57 - battery_monitor - INFO - Drone DRN-001-XYZ: Batería 100%, Estado: DroneState.IDLE
2025-10-20 18:59:57 - battery_monitor - INFO - Drone 4: Batería 90%, Estado: DroneState.IDLE
2025-10-20 18:59:57 - battery_monitor - INFO - Drone 5: Batería 90%, Estado: DroneState.IDLE
2025-10-20 18:59:57 - battery_monitor - INFO - Drone 6: Batería 90%, Estado: DroneState.IDLE
2025-10-20 18:59:57 - battery_monitor - INFO - Drone 7: Batería 90%, Estado: DroneState.IDLE
2025-10-20 18:59:57 - battery_monitor - INFO - Drone 10: Batería 80%, Estado: DroneState.IDLE
2025-10-20 18:59:57 - battery_monitor - INFO - Drone 25: Batería 80%, Estado: DroneState.IDLE
2025-10-20 18:59:57 - battery_monitor - INFO - No se encontraron drones con batería baja en estado LOADING para actualizar
2025-10-20 19:00:27 - battery_monitor - INFO - Iniciando verificación de niveles de batería
2025-10-20 19:00:27 - battery_monitor - INFO - === REPORTE DE BATERÍA - 21 drones ===
2025-10-20 19:00:27 - battery_monitor - INFO - Drone 1: Batería 90%, Estado: DroneState.IDLE
2025-10-20 19:00:27 - battery_monitor - INFO - Drone 2: Batería 90%, Estado: DroneState.IDLE
2025-10-20 19:00:27 - battery_monitor - INFO - Drone DRN-HW-001: Batería 100%, Estado: DroneState.IDLE
2025-10-20 19:00:27 - battery_monitor - INFO - Drone DRN-MW-002: Batería 85%, Estado: DroneState.IDLE
2025-10-20 19:00:27 - battery_monitor - INFO - Drone DRN-LW-003: Batería 15%, Estado: DroneState.IDLE
2025-10-20 19:00:27 - battery_monitor - INFO - Drone DRN-CW-004: Batería 70%, Estado: DroneState.LOADING
2025-10-20 19:00:27 - battery_monitor - INFO - Drone DRN-MW-005: Batería 55%, Estado: DroneState.DELIVERING
2025-10-20 19:00:27 - battery_monitor - INFO - Drone DRN-HW-006: Batería 30%, Estado: DroneState.RETURNING
2025-10-20 19:00:27 - battery_monitor - INFO - Drone DRN-LW-007: Batería 25%, Estado: DroneState.IDLE
2025-10-20 19:00:27 - battery_monitor - INFO - Drone DRN-CW-008: Batería 95%, Estado: DroneState.IDLE
2025-10-20 19:00:27 - battery_monitor - INFO - Drone DRN-MW-009: Batería 40%, Estado: DroneState.LOADED
2025-10-20 19:00:27 - battery_monitor - INFO - Drone DRN-LW-010: Batería 100%, Estado: DroneState.DELIVERED
2025-10-20 19:00:27 - battery_monitor - INFO - Drone DRN-LW-011: Batería 20%, Estado: DroneState.RETURNING
2025-10-20 19:00:27 - battery_monitor - INFO - Drone 500: Batería 30%, Estado: DroneState.IDLE
2025-10-20 19:00:27 - battery_monitor - INFO - Drone DRN-001-XYZ: Batería 100%, Estado: DroneState.IDLE
2025-10-20 19:00:27 - battery_monitor - INFO - Drone 4: Batería 90%, Estado: DroneState.IDLE
2025-10-20 19:00:27 - battery_monitor - INFO - Drone 5: Batería 90%, Estado: DroneState.IDLE
2025-10-20 19:00:27 - battery_monitor - INFO - Drone 6: Batería 90%, Estado: DroneState.IDLE
2025-10-20 19:00:27 - battery_monitor - INFO - Drone 7: Batería 90%, Estado: DroneState.IDLE
2025-10-20 19:00:27 - battery_monitor - INFO - Drone 10: Batería 80%, Estado: DroneState.IDLE
2025-10-20 19:00:27 - battery_monitor - INFO - Drone 25: Batería 80%, Estado: DroneState.IDLE
2025-10-20 19:00:27 - battery_monitor - INFO - No se encontraron drones con batería baja en estado LOADING para actualizar
2025-10-20 19:00:57 - battery_monitor - INFO - Iniciando verificación de niveles de batería
2025-10-20 19:00:57 - battery_monitor - INFO - === REPORTE DE BATERÍA - 21 drones ===
2025-10-20 19:00:57 - battery_monitor - INFO - Drone 1: Batería 90%, Estado: DroneState.IDLE
2025-10-20 19:00:57 - battery_monitor - INFO - Drone 2: Batería 90%, Estado: DroneState.IDLE
2025-10-20 19:00:57 - battery_monitor - INFO - Drone DRN-HW-001: Batería 100%, Estado: DroneState.IDLE
2025-10-20 19:00:57 - battery_monitor - INFO - Drone DRN-MW-002: Batería 85%, Estado: DroneState.IDLE
2025-10-20 19:00:57 - battery_monitor - INFO - Drone DRN-LW-003: Batería 15%, Estado: DroneState.IDLE
2025-10-20 19:00:57 - battery_monitor - INFO - Drone DRN-CW-004: Batería 70%, Estado: DroneState.LOADING
2025-10-20 19:00:57 - battery_monitor - INFO - Drone DRN-MW-005: Batería 55%, Estado: DroneState.DELIVERING
2025-10-20 19:00:57 - battery_monitor - INFO - Drone DRN-HW-006: Batería 30%, Estado: DroneState.RETURNING
2025-10-20 19:00:57 - battery_monitor - INFO - Drone DRN-LW-007: Batería 25%, Estado: DroneState.IDLE
2025-10-20 19:00:57 - battery_monitor - INFO - Drone DRN-CW-008: Batería 95%, Estado: DroneState.IDLE
2025-10-20 19:00:57 - battery_monitor - INFO - Drone DRN-MW-009: Batería 40%, Estado: DroneState.LOADED
2025-10-20 19:00:57 - battery_monitor - INFO - Drone DRN-LW-010: Batería 100%, Estado: DroneState.DELIVERED
2025-10-20 19:00:57 - battery_monitor - INFO - Drone DRN-LW-011: Batería 20%, Estado: DroneState.RETURNING
2025-10-20 19:00:57 - battery_monitor - INFO - Drone 500: Batería 30%, Estado: DroneState.IDLE
2025-10-20 19:00:57 - battery_monitor - INFO - Drone DRN-001-XYZ: Batería 100%, Estado: DroneState.IDLE
2025-10-20 19:00:57 - battery_monitor - INFO - Drone 4: Batería 90%, Estado: DroneState.IDLE
2025-10-20 19:00:57 - battery_monitor - INFO - Drone 5: Batería 90%, Estado: DroneState.IDLE
2025-10-20 19:00:57 - battery_monitor - INFO - Drone 6: Batería 90%, Estado: DroneState.IDLE
2025-10-20 19:00:57 - battery_monitor - INFO - Drone 7: Batería 90%, Estado: DroneState.IDLE
2025-10-20 19:00:57 - battery_monitor - INFO - Drone 10: Batería 80%, Estado: DroneState.IDLE
2025-10-20 19:00:57 - battery_monitor - INFO - Drone 25: Batería 80%, Estado: DroneState.IDLE
2025-10-20 19:00:57 - battery_monitor - INFO - No se encontraron drones con batería baja en estado LOADING para actualizar
2025-10-20 19:01:27 - battery_monitor - INFO - Iniciando verificación de niveles de batería
2025-10-20 19:01:27 - battery_monitor - INFO - === REPORTE DE BATERÍA - 21 drones ===
2025-10-20 19:01:27 - battery_monitor - INFO - Drone 1: Batería 90%, Estado: DroneState.IDLE
2025-10-20 19:01:27 - battery_monitor - INFO - Drone 2: Batería 90%, Estado: DroneState.IDLE
2025-10-20 19:01:27 - battery_monitor - INFO - Drone DRN-HW-001: Batería 100%, Estado: DroneState.IDLE
2025-10-20 19:01:27 - battery_monitor - INFO - Drone DRN-MW-002: Batería 85%, Estado: DroneState.IDLE
2025-10-20 19:01:27 - battery_monitor - INFO - Drone DRN-LW-003: Batería 15%, Estado: DroneState.IDLE
2025-10-20 19:01:27 - battery_monitor - INFO - Drone DRN-CW-004: Batería 70%, Estado: DroneState.LOADING
2025-10-20 19:01:27 - battery_monitor - INFO - Drone DRN-MW-005: Batería 55%, Estado: DroneState.DELIVERING
2025-10-20 19:01:27 - battery_monitor - INFO - Drone DRN-HW-006: Batería 30%, Estado: DroneState.RETURNING
2025-10-20 19:01:27 - battery_monitor - INFO - Drone DRN-LW-007: Batería 25%, Estado: DroneState.IDLE
2025-10-20 19:01:27 - battery_monitor - INFO - Drone DRN-CW-008: Batería 95%, Estado: DroneState.IDLE
2025-10-20 19:01:27 - battery_monitor - INFO - Drone DRN-MW-009: Batería 40%, Estado: DroneState.LOADED
2025-10-20 19:01:27 - battery_monitor - INFO - Drone DRN-LW-010: Batería 100%, Estado: DroneState.DELIVERED
2025-10-20 19:01:27 - battery_monitor - INFO - Drone DRN-LW-011: Batería 20%, Estado: DroneState.RETURNING
2025-10-20 19:01:27 - battery_monitor - INFO - Drone 500: Batería 30%, Estado: DroneState.IDLE
2025-10-20 19:01:27 - battery_monitor - INFO - Drone DRN-001-XYZ: Batería 100%, Estado: DroneState.IDLE
2025-10-20 19:01:27 - battery_monitor - INFO - Drone 4: Batería 90%, Estado: DroneState.IDLE
2025-10-20 19:01:27 - battery_monitor - INFO - Drone 5: Batería 90%, Estado: DroneState.IDLE
2025-10-20 19:01:27 - battery_monitor - INFO - Drone 6: Batería 90%, Estado: DroneState.IDLE
2025-10-20 19:01:27 - battery_monitor - INFO - Drone 7: Batería 90%, Estado: DroneState.IDLE
2025-10-20 19:01:27 - battery_monitor - INFO - Drone 10: Batería 80%, Estado: DroneState.IDLE
2025-10-20 19:01:27 - battery_monitor - INFO - Drone 25: Batería 80%, Estado: DroneState.IDLE
2025-10-20 19:01:27 - battery_monitor - INFO - No se encontraron drones con batería baja en estado LOADING para actualizar
2025-10-20 19:01:57 - battery_monitor - INFO - Iniciando verificación de niveles de batería
2025-10-20 19:01:57 - battery_monitor - INFO - === REPORTE DE BATERÍA - 21 drones ===
2025-10-20 19:01:57 - battery_monitor - INFO - Drone 1: Batería 90%, Estado: DroneState.IDLE
2025-10-20 19:01:57 - battery_monitor - INFO - Drone 2: Batería 90%, Estado: DroneState.IDLE
2025-10-20 19:01:57 - battery_monitor - INFO - Drone DRN-HW-001: Batería 100%, Estado: DroneState.IDLE
2025-10-20 19:01:57 - battery_monitor - INFO - Drone DRN-MW-002: Batería 85%, Estado: DroneState.IDLE
2025-10-20 19:01:57 - battery_monitor - INFO - Drone DRN-LW-003: Batería 15%, Estado: DroneState.IDLE
2025-10-20 19:01:57 - battery_monitor - INFO - Drone DRN-CW-004: Batería 70%, Estado: DroneState.LOADING
2025-10-20 19:01:57 - battery_monitor - INFO - Drone DRN-MW-005: Batería 55%, Estado: DroneState.DELIVERING
2025-10-20 19:01:57 - battery_monitor - INFO - Drone DRN-HW-006: Batería 30%, Estado: DroneState.RETURNING
2025-10-20 19:01:57 - battery_monitor - INFO - Drone DRN-LW-007: Batería 25%, Estado: DroneState.IDLE
2025-10-20 19:01:57 - battery_monitor - INFO - Drone DRN-CW-008: Batería 95%, Estado: DroneState.IDLE
2025-10-20 19:01:57 - battery_monitor - INFO - Drone DRN-MW-009: Batería 40%, Estado: DroneState.LOADED
2025-10-20 19:01:57 - battery_monitor - INFO - Drone DRN-LW-010: Batería 100%, Estado: DroneState.DELIVERED
2025-10-20 19:01:57 - battery_monitor - INFO - Drone DRN-LW-011: Batería 20%, Estado: DroneState.RETURNING
2025-10-20 19:01:57 - battery_monitor - INFO - Drone 500: Batería 30%, Estado: DroneState.IDLE
2025-10-20 19:01:57 - battery_monitor - INFO - Drone DRN-001-XYZ: Batería 100%, Estado: DroneState.IDLE
2025-10-20 19:01:57 - battery_monitor - INFO - Drone 4: Batería 90%, Estado: DroneState.IDLE
2025-10-20 19:01:57 - battery_monitor - INFO - Drone 5: Batería 90%, Estado: DroneState.IDLE
2025-10-20 19:01:57 - battery_monitor - INFO - Drone 6: Batería 90%, Estado: DroneState.IDLE
2025-10-20 19:01:57 - battery_monitor - INFO - Drone 7: Batería 90%, Estado: DroneState.IDLE
2025-10-20 19:01:57 - battery_monitor - INFO - Drone 10: Batería 80%, Estado: DroneState.IDLE
2025-10-20 19:01:57 - battery_monitor - INFO - Drone 25: Batería 80%, Estado: DroneState.IDLE
2025-10-20 19:01:57 - battery_monitor - INFO - No se encontraron drones con batería baja en estado LOADING para actualizar
2025-10-20 19:02:27 - battery_monitor - INFO - Iniciando verificación de niveles de batería
2025-10-20 19:02:27 - battery_monitor - INFO - === REPORTE DE BATERÍA - 21 drones ===
2025-10-20 19:02:27 - battery_monitor - INFO - Drone 1: Batería 90%, Estado: DroneState.IDLE
2025-10-20 19:02:27 - battery_monitor - INFO - Drone 2: Batería 90%, Estado: DroneState.IDLE
2025-10-20 19:02:27 - battery_monitor - INFO - Drone DRN-HW-001: Batería 100%, Estado: DroneState.IDLE
2025-10-20 19:02:27 - battery_monitor - INFO - Drone DRN-MW-002: Batería 85%, Estado: DroneState.IDLE
2025-10-20 19:02:27 - battery_monitor - INFO - Drone DRN-LW-003: Batería 15%, Estado: DroneState.IDLE
2025-10-20 19:02:27 - battery_monitor - INFO - Drone DRN-CW-004: Batería 70%, Estado: DroneState.LOADING
2025-10-20 19:02:27 - battery_monitor - INFO - Drone DRN-MW-005: Batería 55%, Estado: DroneState.DELIVERING
2025-10-20 19:02:27 - battery_monitor - INFO - Drone DRN-HW-006: Batería 30%, Estado: DroneState.RETURNING
2025-10-20 19:02:27 - battery_monitor - INFO - Drone DRN-LW-007: Batería 25%, Estado: DroneState.IDLE
2025-10-20 19:02:27 - battery_monitor - INFO - Drone DRN-CW-008: Batería 95%, Estado: DroneState.IDLE
2025-10-20 19:02:27 - battery_monitor - INFO - Drone DRN-MW-009: Batería 40%, Estado: DroneState.LOADED
2025-10-20 19:02:27 - battery_monitor - INFO - Drone DRN-LW-010: Batería 100%, Estado: DroneState.DELIVERED
2025-10-20 19:02:27 - battery_monitor - INFO - Drone DRN-LW-011: Batería 20%, Estado: DroneState.RETURNING
2025-10-20 19:02:27 - battery_monitor - INFO - Drone 500: Batería 30%, Estado: DroneState.IDLE
2025-10-20 19:02:27 - battery_monitor - INFO - Drone DRN-001-XYZ: Batería 100%, Estado: DroneState.IDLE
2025-10-20 19:02:27 - battery_monitor - INFO - Drone 4: Batería 90%, Estado: DroneState.IDLE
2025-10-20 19:02:27 - battery_monitor - INFO - Drone 5: Batería 90%, Estado: DroneState.IDLE
2025-10-20 19:02:27 - battery_monitor - INFO - Drone 6: Batería 90%, Estado: DroneState.IDLE
2025-10-20 19:02:27 - battery_monitor - INFO - Drone 7: Batería 90%, Estado: DroneState.IDLE
2025-10-20 19:02:27 - battery_monitor - INFO - Drone 10: Batería 80%, Estado: DroneState.IDLE
2025-10-20 19:02:27 - battery_monitor - INFO - Drone 25: Batería 80%, Estado: DroneState.IDLE
2025-10-20 19:02:27 - battery_monitor - INFO - No se encontraron drones con batería baja en estado LOADING para actualizar
2025-10-20 19:02:57 - battery_monitor - INFO - Iniciando verificación de niveles de batería
2025-10-20 19:02:57 - battery_monitor - INFO - === REPORTE DE BATERÍA - 21 drones ===
2025-10-20 19:02:57 - battery_monitor - INFO - Drone 1: Batería 90%, Estado: DroneState.IDLE
2025-10-20 19:02:57 - battery_monitor - INFO - Drone 2: Batería 90%, Estado: DroneState.IDLE
2025-10-20 19:02:57 - battery_monitor - INFO - Drone DRN-HW-001: Batería 100%, Estado: DroneState.IDLE
2025-10-20 19:02:57 - battery_monitor - INFO - Drone DRN-MW-002: Batería 85%, Estado: DroneState.IDLE
2025-10-20 19:02:57 - battery_monitor - INFO - Drone DRN-LW-003: Batería 15%, Estado: DroneState.IDLE
2025-10-20 19:02:57 - battery_monitor - INFO - Drone DRN-CW-004: Batería 70%, Estado: DroneState.LOADING
2025-10-20 19:02:57 - battery_monitor - INFO - Drone DRN-MW-005: Batería 55%, Estado: DroneState.DELIVERING
2025-10-20 19:02:57 - battery_monitor - INFO - Drone DRN-HW-006: Batería 30%, Estado: DroneState.RETURNING
2025-10-20 19:02:57 - battery_monitor - INFO - Drone DRN-LW-007: Batería 25%, Estado: DroneState.IDLE
2025-10-20 19:02:57 - battery_monitor - INFO - Drone DRN-CW-008: Batería 95%, Estado: DroneState.IDLE
2025-10-20 19:02:57 - battery_monitor - INFO - Drone DRN-MW-009: Batería 40%, Estado: DroneState.LOADED
2025-10-20 19:02:57 - battery_monitor - INFO - Drone DRN-LW-010: Batería 100%, Estado: DroneState.DELIVERED
2025-10-20 19:02:57 - battery_monitor - INFO - Drone DRN-LW-011: Batería 20%, Estado: DroneState.RETURNING
2025-10-20 19:02:57 - battery_monitor - INFO - Drone 500: Batería 30%, Estado: DroneState.IDLE
2025-10-20 19:02:57 - battery_monitor - INFO - Drone DRN-001-XYZ: Batería 100%, Estado: DroneState.IDLE
2025-10-20 19:02:57 - battery_monitor - INFO - Drone 4: Batería 90%, Estado: DroneState.IDLE
2025-10-20 19:02:57 - battery_monitor - INFO - Drone 5: Batería 90%, Estado: DroneState.IDLE
2025-10-20 19:02:57 - battery_monitor - INFO - Drone 6: Batería 90%, Estado: DroneState.IDLE
2025-10-20 19:02:57 - battery_monitor - INFO - Drone 7: Batería 90%, Estado: DroneState.IDLE
2025-10-20 19:02:57 - battery_monitor - INFO - Drone 10: Batería 80%, Estado: DroneState.IDLE
2025-10-20 19:02:57 - battery_monitor - INFO - Drone 25: Batería 80%, Estado: DroneState.IDLE
2025-10-20 19:02:57 - battery_monitor - INFO - No se encontraron drones con batería baja en estado LOADING para actualizar
2025-10-20 19:03:27 - battery_monitor - INFO - Iniciando verificación de niveles de batería
2025-10-20 19:03:27 - battery_monitor - INFO - === REPORTE DE BATERÍA - 21 drones ===
2025-10-20 19:03:27 - battery_monitor - INFO - Drone 1: Batería 90%, Estado: DroneState.IDLE
2025-10-20 19:03:27 - battery_monitor - INFO - Drone 2: Batería 90%, Estado: DroneState.IDLE
2025-10-20 19:03:27 - battery_monitor - INFO - Drone DRN-HW-001: Batería 100%, Estado: DroneState.IDLE
2025-10-20 19:03:27 - battery_monitor - INFO - Drone DRN-MW-002: Batería 85%, Estado: DroneState.IDLE
2025-10-20 19:03:27 - battery_monitor - INFO - Drone DRN-LW-003: Batería 15%, Estado: DroneState.IDLE
2025-10-20 19:03:27 - battery_monitor - INFO - Drone DRN-CW-004: Batería 70%, Estado: DroneState.LOADING
2025-10-20 19:03:27 - battery_monitor - INFO - Drone DRN-MW-005: Batería 55%, Estado: DroneState.DELIVERING
2025-10-20 19:03:27 - battery_monitor - INFO - Drone DRN-HW-006: Batería 30%, Estado: DroneState.RETURNING
2025-10-20 19:03:27 - battery_monitor - INFO - Drone DRN-LW-007: Batería 25%, Estado: DroneState.IDLE
2025-10-20 19:03:27 - battery_monitor - INFO - Drone DRN-CW-008: Batería 95%, Estado: DroneState.IDLE
2025-10-20 19:03:27 - battery_monitor - INFO - Drone DRN-MW-009: Batería 40%, Estado: DroneState.LOADED
2025-10-20 19:03:27 - battery_monitor - INFO - Drone DRN-LW-010: Batería 100%, Estado: DroneState.DELIVERED
2025-10-20 19:03:27 - battery_monitor - INFO - Drone DRN-LW-011: Batería 20%, Estado: DroneState.RETURNING
2025-10-20 19:03:27 - battery_monitor - INFO - Drone 500: Batería 30%, Estado: DroneState.IDLE
2025-10-20 19:03:27 - battery_monitor - INFO - Drone DRN-001-XYZ: Batería 100%, Estado: DroneState.IDLE
2025-10-20 19:03:27 - battery_monitor - INFO - Drone 4: Batería 90%, Estado: DroneState.IDLE
2025-10-20 19:03:27 - battery_monitor - INFO - Drone 5: Batería 90%, Estado: DroneState.IDLE
2025-10-20 19:03:27 - battery_monitor - INFO - Drone 6: Batería 90%, Estado: DroneState.IDLE
2025-10-20 19:03:27 - battery_monitor - INFO - Drone 7: Batería 90%, Estado: DroneState.IDLE
2025-10-20 19:03:27 - battery_monitor - INFO - Drone 10: Batería 80%, Estado: DroneState.IDLE
2025-10-20 19:03:27 - battery_monitor - INFO - Drone 25: Batería 80%, Estado: DroneState.IDLE
2025-10-20 19:03:27 - battery_monitor - INFO - No se encontraron drones con batería baja en estado LOADING para actualizar
2025-10-20 19:03:57 - battery_monitor - INFO - Iniciando verificación de niveles de batería
2025-10-20 19:03:57 - battery_monitor - INFO - === REPORTE DE BATERÍA - 21 drones ===
2025-10-20 19:03:57 - battery_monitor - INFO - Drone 1: Batería 90%, Estado: DroneState.IDLE
2025-10-20 19:03:57 - battery_monitor - INFO - Drone 2: Batería 90%, Estado: DroneState.IDLE
2025-10-20 19:03:57 - battery_monitor - INFO - Drone DRN-HW-001: Batería 100%, Estado: DroneState.IDLE
2025-10-20 19:03:57 - battery_monitor - INFO - Drone DRN-MW-002: Batería 85%, Estado: DroneState.IDLE
2025-10-20 19:03:57 - battery_monitor - INFO - Drone DRN-LW-003: Batería 15%, Estado: DroneState.IDLE
2025-10-20 19:03:57 - battery_monitor - INFO - Drone DRN-CW-004: Batería 70%, Estado: DroneState.LOADING
2025-10-20 19:03:57 - battery_monitor - INFO - Drone DRN-MW-005: Batería 55%, Estado: DroneState.DELIVERING
2025-10-20 19:03:57 - battery_monitor - INFO - Drone DRN-HW-006: Batería 30%, Estado: DroneState.RETURNING
2025-10-20 19:03:57 - battery_monitor - INFO - Drone DRN-LW-007: Batería 25%, Estado: DroneState.IDLE
2025-10-20 19:03:57 - battery_monitor - INFO - Drone DRN-CW-008: Batería 95%, Estado: DroneState.IDLE
2025-10-20 19:03:57 - battery_monitor - INFO - Drone DRN-MW-009: Batería 40%, Estado: DroneState.LOADED
2025-10-20 19:03:57 - battery_monitor - INFO - Drone DRN-LW-010: Batería 100%, Estado: DroneState.DELIVERED
2025-10-20 19:03:57 - battery_monitor - INFO - Drone DRN-LW-011: Batería 20%, Estado: DroneState.RETURNING
2025-10-20 19:03:57 - battery_monitor - INFO - Drone 500: Batería 30%, Estado: DroneState.IDLE
2025-10-20 19:03:57 - battery_monitor - INFO - Drone DRN-001-XYZ: Batería 100%, Estado: DroneState.IDLE
2025-10-20 19:03:57 - battery_monitor - INFO - Drone 4: Batería 90%, Estado: DroneState.IDLE
2025-10-20 19:03:57 - battery_monitor - INFO - Drone 5: Batería 90%, Estado: DroneState.IDLE
2025-10-20 19:03:57 - battery_monitor - INFO - Drone 6: Batería 90%, Estado: DroneState.IDLE
2025-10-20 19:03:57 - battery_monitor - INFO - Drone 7: Batería 90%, Estado: DroneState.IDLE
2025-10-20 19:03:57 - battery_monitor - INFO - Drone 10: Batería 80%, Estado: DroneState.IDLE
2025-10-20 19:03:57 - battery_monitor - INFO - Drone 25: Batería 80%, Estado: DroneState.IDLE
2025-10-20 19:03:57 - battery_monitor - INFO - No se encontraron drones con batería baja en estado LOADING para actualizar
2025-10-20 19:04:27 - battery_monitor - INFO - Iniciando verificación de niveles de batería
2025-10-20 19:04:27 - battery_monitor - INFO - === REPORTE DE BATERÍA - 21 drones ===
2025-10-20 19:04:27 - battery_monitor - INFO - Drone 1: Batería 90%, Estado: DroneState.IDLE
2025-10-20 19:04:27 - battery_monitor - INFO - Drone 2: Batería 90%, Estado: DroneState.IDLE
2025-10-20 19:04:27 - battery_monitor - INFO - Drone DRN-HW-001: Batería 100%, Estado: DroneState.IDLE
2025-10-20 19:04:27 - battery_monitor - INFO - Drone DRN-MW-002: Batería 85%, Estado: DroneState.IDLE
2025-10-20 19:04:27 - battery_monitor - INFO - Drone DRN-LW-003: Batería 15%, Estado: DroneState.IDLE
2025-10-20 19:04:27 - battery_monitor - INFO - Drone DRN-CW-004: Batería 70%, Estado: DroneState.LOADING
2025-10-20 19:04:27 - battery_monitor - INFO - Drone DRN-MW-005: Batería 55%, Estado: DroneState.DELIVERING
2025-10-20 19:04:27 - battery_monitor - INFO - Drone DRN-HW-006: Batería 30%, Estado: DroneState.RETURNING
2025-10-20 19:04:27 - battery_monitor - INFO - Drone DRN-LW-007: Batería 25%, Estado: DroneState.IDLE
2025-10-20 19:04:27 - battery_monitor - INFO - Drone DRN-CW-008: Batería 95%, Estado: DroneState.IDLE
2025-10-20 19:04:27 - battery_monitor - INFO - Drone DRN-MW-009: Batería 40%, Estado: DroneState.LOADED
2025-10-20 19:04:27 - battery_monitor - INFO - Drone DRN-LW-010: Batería 100%, Estado: DroneState.DELIVERED
2025-10-20 19:04:27 - battery_monitor - INFO - Drone DRN-LW-011: Batería 20%, Estado: DroneState.RETURNING
2025-10-20 19:04:27 - battery_monitor - INFO - Drone 500: Batería 30%, Estado: DroneState.IDLE
2025-10-20 19:04:27 - battery_monitor - INFO - Drone DRN-001-XYZ: Batería 100%, Estado: DroneState.IDLE
2025-10-20 19:04:27 - battery_monitor - INFO - Drone 4: Batería 90%, Estado: DroneState.IDLE
2025-10-20 19:04:27 - battery_monitor - INFO - Drone 5: Batería 90%, Estado: DroneState.IDLE
2025-10-20 19:04:27 - battery_monitor - INFO - Drone 6: Batería 90%, Estado: DroneState.IDLE
2025-10-20 19:04:27 - battery_monitor - INFO - Drone 7: Batería 90%, Estado: DroneState.IDLE
2025-10-20 19:04:27 - battery_monitor - INFO - Drone 10: Batería 80%, Estado: DroneState.IDLE
2025-10-20 19:04:27 - battery_monitor - INFO - Drone 25: Batería 80%, Estado: DroneState.IDLE
2025-10-20 19:04:27 - battery_monitor - INFO - No se encontraron drones con batería baja en estado LOADING para actualizar
2025-10-20 19:04:57 - battery_monitor - INFO - Iniciando verificación de niveles de batería
2025-10-20 19:04:57 - battery_monitor - INFO - === REPORTE DE BATERÍA - 21 drones ===
2025-10-20 19:04:57 - battery_monitor - INFO - Drone 1: Batería 90%, Estado: DroneState.IDLE
2025-10-20 19:04:57 - battery_monitor - INFO - Drone 2: Batería 90%, Estado: DroneState.IDLE
2025-10-20 19:04:57 - battery_monitor - INFO - Drone DRN-HW-001: Batería 100%, Estado: DroneState.IDLE
2025-10-20 19:04:57 - battery_monitor - INFO - Drone DRN-MW-002: Batería 85%, Estado: DroneState.IDLE
2025-10-20 19:04:57 - battery_monitor - INFO - Drone DRN-LW-003: Batería 15%, Estado: DroneState.IDLE
2025-10-20 19:04:57 - battery_monitor - INFO - Drone DRN-CW-004: Batería 70%, Estado: DroneState.LOADING
2025-10-20 19:04:57 - battery_monitor - INFO - Drone DRN-MW-005: Batería 55%, Estado: DroneState.DELIVERING
2025-10-20 19:04:57 - battery_monitor - INFO - Drone DRN-HW-006: Batería 30%, Estado: DroneState.RETURNING
2025-10-20 19:04:57 - battery_monitor - INFO - Drone DRN-LW-007: Batería 25%, Estado: DroneState.IDLE
2025-10-20 19:04:57 - battery_monitor - INFO - Drone DRN-CW-008: Batería 95%, Estado: DroneState.IDLE
2025-10-20 19:04:57 - battery_monitor - INFO - Drone DRN-MW-009: Batería 40%, Estado: DroneState.LOADED
2025-10-20 19:04:57 - battery_monitor - INFO - Drone DRN-LW-010: Batería 100%, Estado: DroneState.DELIVERED
2025-10-20 19:04:57 - battery_monitor - INFO - Drone DRN-LW-011: Batería 20%, Estado: DroneState.RETURNING
2025-10-20 19:04:57 - battery_monitor - INFO - Drone 500: Batería 30%, Estado: DroneState.IDLE
2025-10-20 19:04:57 - battery_monitor - INFO - Drone DRN-001-XYZ: Batería 100%, Estado: DroneState.IDLE
2025-10-20 19:04:57 - battery_monitor - INFO - Drone 4: Batería 90%, Estado: DroneState.IDLE
2025-10-20 19:04:57 - battery_monitor - INFO - Drone 5: Batería 90%, Estado: DroneState.IDLE
2025-10-20 19:04:57 - battery_monitor - INFO - Drone 6: Batería 90%, Estado: DroneState.IDLE
2025-10-20 19:04:57 - battery_monitor - INFO - Drone 7: Batería 90%, Estado: DroneState.IDLE
2025-10-20 19:04:57 - battery_monitor - INFO - Drone 10: Batería 80%, Estado: DroneState.IDLE
2025-10-20 19:04:57 - battery_monitor - INFO - Drone 25: Batería 80%, Estado: DroneState.IDLE
2025-10-20 19:04:57 - battery_monitor - INFO - No se encontraron drones con batería baja en estado LOADING para actualizar
2025-10-20 19:05:27 - battery_monitor - INFO - Iniciando verificación de niveles de batería
2025-10-20 19:05:27 - battery_monitor - INFO - === REPORTE DE BATERÍA - 21 drones ===
2025-10-20 19:05:27 - battery_monitor - INFO - Drone 1: Batería 90%, Estado: DroneState.IDLE
2025-10-20 19:05:27 - battery_monitor - INFO - Drone 2: Batería 90%, Estado: DroneState.IDLE
2025-10-20 19:05:27 - battery_monitor - INFO - Drone DRN-HW-001: Batería 100%, Estado: DroneState.IDLE
2025-10-20 19:05:27 - battery_monitor - INFO - Drone DRN-MW-002: Batería 85%, Estado: DroneState.IDLE
2025-10-20 19:05:27 - battery_monitor - INFO - Drone DRN-LW-003: Batería 15%, Estado: DroneState.IDLE
2025-10-20 19:05:27 - battery_monitor - INFO - Drone DRN-CW-004: Batería 70%, Estado: DroneState.LOADING
2025-10-20 19:05:27 - battery_monitor - INFO - Drone DRN-MW-005: Batería 55%, Estado: DroneState.DELIVERING
2025-10-20 19:05:27 - battery_monitor - INFO - Drone DRN-HW-006: Batería 30%, Estado: DroneState.RETURNING
2025-10-20 19:05:27 - battery_monitor - INFO - Drone DRN-LW-007: Batería 25%, Estado: DroneState.IDLE
2025-10-20 19:05:27 - battery_monitor - INFO - Drone DRN-CW-008: Batería 95%, Estado: DroneState.IDLE
2025-10-20 19:05:27 - battery_monitor - INFO - Drone DRN-MW-009: Batería 40%, Estado: DroneState.LOADED
2025-10-20 19:05:27 - battery_monitor - INFO - Drone DRN-LW-010: Batería 100%, Estado: DroneState.DELIVERED
2025-10-20 19:05:27 - battery_monitor - INFO - Drone DRN-LW-011: Batería 20%, Estado: DroneState.RETURNING
2025-10-20 19:05:27 - battery_monitor - INFO - Drone 500: Batería 30%, Estado: DroneState.IDLE
2025-10-20 19:05:27 - battery_monitor - INFO - Drone DRN-001-XYZ: Batería 100%, Estado: DroneState.IDLE
2025-10-20 19:05:27 - battery_monitor - INFO - Drone 4: Batería 90%, Estado: DroneState.IDLE
2025-10-20 19:05:27 - battery_monitor - INFO - Drone 5: Batería 90%, Estado: DroneState.IDLE
2025-10-20 19:05:27 - battery_monitor - INFO - Drone 6: Batería 90%, Estado: DroneState.IDLE
2025-10-20 19:05:27 - battery_monitor - INFO - Drone 7: Batería 90%, Estado: DroneState.IDLE
2025-10-20 19:05:27 - battery_monitor - INFO - Drone 10: Batería 80%, Estado: DroneState.IDLE
2025-10-20 19:05:27 - battery_monitor - INFO - Drone 25: Batería 80%, Estado: DroneState.IDLE
2025-10-20 19:05:27 - battery_monitor - INFO - No se encontraron drones con batería baja en estado LOADING para actualizar
2025-10-20 19:05:51 - battery_monitor - INFO - Scheduler de monitoreo de batería cancelado
2025-10-20 19:05:51 - battery_monitor - INFO - Scheduler de monitoreo de batería detenido
2025-10-20 19:05:51 - battery_monitor - INFO - Monitor de batería detenido
2025-10-20 19:05:54 - battery_monitor - INFO - Monitor de batería iniciado. Verificando cada 30 segundos
2025-10-20 19:05:54 - battery_monitor - INFO - Iniciando scheduler asíncrono de monitoreo de batería
2025-10-20 19:05:54 - battery_monitor - INFO - Iniciando verificación de niveles de batería
2025-10-20 19:05:54 - battery_monitor - INFO - === REPORTE DE BATERÍA - 21 drones ===
2025-10-20 19:05:54 - battery_monitor - INFO - Drone 1: Batería 90%, Estado: DroneState.IDLE
2025-10-20 19:05:54 - battery_monitor - INFO - Drone 2: Batería 90%, Estado: DroneState.IDLE
2025-10-20 19:05:54 - battery_monitor - INFO - Drone DRN-HW-001: Batería 100%, Estado: DroneState.IDLE
2025-10-20 19:05:54 - battery_monitor - INFO - Drone DRN-MW-002: Batería 85%, Estado: DroneState.IDLE
2025-10-20 19:05:54 - battery_monitor - INFO - Drone DRN-LW-003: Batería 15%, Estado: DroneState.IDLE
2025-10-20 19:05:54 - battery_monitor - INFO - Drone DRN-CW-004: Batería 70%, Estado: DroneState.LOADING
2025-10-20 19:05:54 - battery_monitor - INFO - Drone DRN-MW-005: Batería 55%, Estado: DroneState.DELIVERING
2025-10-20 19:05:54 - battery_monitor - INFO - Drone DRN-HW-006: Batería 30%, Estado: DroneState.RETURNING
2025-10-20 19:05:54 - battery_monitor - INFO - Drone DRN-LW-007: Batería 25%, Estado: DroneState.IDLE
2025-10-20 19:05:54 - battery_monitor - INFO - Drone DRN-CW-008: Batería 95%, Estado: DroneState.IDLE
2025-10-20 19:05:54 - battery_monitor - INFO - Drone DRN-MW-009: Batería 40%, Estado: DroneState.LOADED
2025-10-20 19:05:54 - battery_monitor - INFO - Drone DRN-LW-010: Batería 100%, Estado: DroneState.DELIVERED
2025-10-20 19:05:54 - battery_monitor - INFO - Drone DRN-LW-011: Batería 20%, Estado: DroneState.RETURNING
2025-10-20 19:05:54 - battery_monitor - INFO - Drone 500: Batería 30%, Estado: DroneState.IDLE
2025-10-20 19:05:54 - battery_monitor - INFO - Drone DRN-001-XYZ: Batería 100%, Estado: DroneState.IDLE
2025-10-20 19:05:54 - battery_monitor - INFO - Drone 4: Batería 90%, Estado: DroneState.IDLE
2025-10-20 19:05:54 - battery_monitor - INFO - Drone 5: Batería 90%, Estado: DroneState.IDLE
2025-10-20 19:05:54 - battery_monitor - INFO - Drone 6: Batería 90%, Estado: DroneState.IDLE
2025-10-20 19:05:54 - battery_monitor - INFO - Drone 7: Batería 90%, Estado: DroneState.IDLE
2025-10-20 19:05:54 - battery_monitor - INFO - Drone 10: Batería 80%, Estado: DroneState.IDLE
2025-10-20 19:05:54 - battery_monitor - INFO - Drone 25: Batería 80%, Estado: DroneState.IDLE
2025-10-20 19:05:54 - battery_monitor - INFO - No se encontraron drones con batería baja en estado LOADING para actualizar
2025-10-20 19:05:57 - battery_monitor - INFO - Scheduler de monitoreo de batería cancelado
2025-10-20 19:05:57 - battery_monitor - INFO - Scheduler de monitoreo de batería detenido
2025-10-20 19:05:57 - battery_monitor - INFO - Monitor de batería detenido
2025-10-20 19:06:00 - battery_monitor - INFO - Monitor de batería iniciado. Verificando cada 30 segundos
2025-10-20 19:06:00 - battery_monitor - INFO - Iniciando scheduler asíncrono de monitoreo de batería
2025-10-20 19:06:00 - battery_monitor - INFO - Iniciando verificación de niveles de batería
2025-10-20 19:06:00 - battery_monitor - INFO - === REPORTE DE BATERÍA - 21 drones ===
2025-10-20 19:06:00 - battery_monitor - INFO - Drone 1: Batería 90%, Estado: DroneState.IDLE
2025-10-20 19:06:00 - battery_monitor - INFO - Drone 2: Batería 90%, Estado: DroneState.IDLE
2025-10-20 19:06:00 - battery_monitor - INFO - Drone DRN-HW-001: Batería 100%, Estado: DroneState.IDLE
2025-10-20 19:06:00 - battery_monitor - INFO - Drone DRN-MW-002: Batería 85%, Estado: DroneState.IDLE
2025-10-20 19:06:00 - battery_monitor - INFO - Drone DRN-LW-003: Batería 15%, Estado: DroneState.IDLE
2025-10-20 19:06:00 - battery_monitor - INFO - Drone DRN-CW-004: Batería 70%, Estado: DroneState.LOADING
2025-10-20 19:06:00 - battery_monitor - INFO - Drone DRN-MW-005: Batería 55%, Estado: DroneState.DELIVERING
2025-10-20 19:06:00 - battery_monitor - INFO - Drone DRN-HW-006: Batería 30%, Estado: DroneState.RETURNING
2025-10-20 19:06:00 - battery_monitor - INFO - Drone DRN-LW-007: Batería 25%, Estado: DroneState.IDLE
2025-10-20 19:06:00 - battery_monitor - INFO - Drone DRN-CW-008: Batería 95%, Estado: DroneState.IDLE
2025-10-20 19:06:00 - battery_monitor - INFO - Drone DRN-MW-009: Batería 40%, Estado: DroneState.LOADED
2025-10-20 19:06:00 - battery_monitor - INFO - Drone DRN-LW-010: Batería 100%, Estado: DroneState.DELIVERED
2025-10-20 19:06:00 - battery_monitor - INFO - Drone DRN-LW-011: Batería 20%, Estado: DroneState.RETURNING
2025-10-20 19:06:00 - battery_monitor - INFO - Drone 500: Batería 30%, Estado: DroneState.IDLE
2025-10-20 19:06:00 - battery_monitor - INFO - Drone DRN-001-XYZ: Batería 100%, Estado: DroneState.IDLE
2025-10-20 19:06:00 - battery_monitor - INFO - Drone 4: Batería 90%, Estado: DroneState.IDLE
2025-10-20 19:06:00 - battery_monitor - INFO - Drone 5: Batería 90%, Estado: DroneState.IDLE
2025-10-20 19:06:00 - battery_monitor - INFO - Drone 6: Batería 90%, Estado: DroneState.IDLE
2025-10-20 19:06:00 - battery_monitor - INFO - Drone 7: Batería 90%, Estado: DroneState.IDLE
2025-10-20 19:06:00 - battery_monitor - INFO - Drone 10: Batería 80%, Estado: DroneState.IDLE
2025-10-20 19:06:00 - battery_monitor - INFO - Drone 25: Batería 80%, Estado: DroneState.IDLE
2025-10-20 19:06:00 - battery_monitor - INFO - No se encontraron drones con batería baja en estado LOADING para actualizar
2025-10-20 19:06:30 - battery_monitor - INFO - Iniciando verificación de niveles de batería
2025-10-20 19:06:30 - battery_monitor - INFO - === REPORTE DE BATERÍA - 21 drones ===
2025-10-20 19:06:30 - battery_monitor - INFO - Drone 1: Batería 90%, Estado: DroneState.IDLE
2025-10-20 19:06:30 - battery_monitor - INFO - Drone 2: Batería 90%, Estado: DroneState.IDLE
2025-10-20 19:06:30 - battery_monitor - INFO - Drone DRN-HW-001: Batería 100%, Estado: DroneState.IDLE
2025-10-20 19:06:30 - battery_monitor - INFO - Drone DRN-MW-002: Batería 85%, Estado: DroneState.IDLE
2025-10-20 19:06:30 - battery_monitor - INFO - Drone DRN-LW-003: Batería 15%, Estado: DroneState.IDLE
2025-10-20 19:06:30 - battery_monitor - INFO - Drone DRN-CW-004: Batería 70%, Estado: DroneState.LOADING
2025-10-20 19:06:30 - battery_monitor - INFO - Drone DRN-MW-005: Batería 55%, Estado: DroneState.DELIVERING
2025-10-20 19:06:30 - battery_monitor - INFO - Drone DRN-HW-006: Batería 30%, Estado: DroneState.RETURNING
2025-10-20 19:06:30 - battery_monitor - INFO - Drone DRN-LW-007: Batería 25%, Estado: DroneState.IDLE
2025-10-20 19:06:30 - battery_monitor - INFO - Drone DRN-CW-008: Batería 95%, Estado: DroneState.IDLE
2025-10-20 19:06:30 - battery_monitor - INFO - Drone DRN-MW-009: Batería 40%, Estado: DroneState.LOADED
2025-10-20 19:06:30 - battery_monitor - INFO - Drone DRN-LW-010: Batería 100%, Estado: DroneState.DELIVERED
2025-10-20 19:06:30 - battery_monitor - INFO - Drone DRN-LW-011: Batería 20%, Estado: DroneState.RETURNING
2025-10-20 19:06:30 - battery_monitor - INFO - Drone 500: Batería 30%, Estado: DroneState.IDLE
2025-10-20 19:06:30 - battery_monitor - INFO - Drone DRN-001-XYZ: Batería 100%, Estado: DroneState.IDLE
2025-10-20 19:06:30 - battery_monitor - INFO - Drone 4: Batería 90%, Estado: DroneState.IDLE
2025-10-20 19:06:30 - battery_monitor - INFO - Drone 5: Batería 90%, Estado: DroneState.IDLE
2025-10-20 19:06:30 - battery_monitor - INFO - Drone 6: Batería 90%, Estado: DroneState.IDLE
2025-10-20 19:06:30 - battery_monitor - INFO - Drone 7: Batería 90%, Estado: DroneState.IDLE
2025-10-20 19:06:30 - battery_monitor - INFO - Drone 10: Batería 80%, Estado: DroneState.IDLE
2025-10-20 19:06:30 - battery_monitor - INFO - Drone 25: Batería 80%, Estado: DroneState.IDLE
2025-10-20 19:06:30 - battery_monitor - INFO - No se encontraron drones con batería baja en estado LOADING para actualizar
2025-10-20 19:07:00 - battery_monitor - INFO - Iniciando verificación de niveles de batería
2025-10-20 19:07:00 - battery_monitor - INFO - === REPORTE DE BATERÍA - 21 drones ===
2025-10-20 19:07:00 - battery_monitor - INFO - Drone 1: Batería 90%, Estado: DroneState.IDLE
2025-10-20 19:07:00 - battery_monitor - INFO - Drone 2: Batería 90%, Estado: DroneState.IDLE
2025-10-20 19:07:00 - battery_monitor - INFO - Drone DRN-HW-001: Batería 100%, Estado: DroneState.IDLE
2025-10-20 19:07:00 - battery_monitor - INFO - Drone DRN-MW-002: Batería 85%, Estado: DroneState.IDLE
2025-10-20 19:07:00 - battery_monitor - INFO - Drone DRN-LW-003: Batería 15%, Estado: DroneState.IDLE
2025-10-20 19:07:00 - battery_monitor - INFO - Drone DRN-CW-004: Batería 70%, Estado: DroneState.LOADING
2025-10-20 19:07:00 - battery_monitor - INFO - Drone DRN-MW-005: Batería 55%, Estado: DroneState.DELIVERING
2025-10-20 19:07:00 - battery_monitor - INFO - Drone DRN-HW-006: Batería 30%, Estado: DroneState.RETURNING
2025-10-20 19:07:00 - battery_monitor - INFO - Drone DRN-LW-007: Batería 25%, Estado: DroneState.IDLE
2025-10-20 19:07:00 - battery_monitor - INFO - Drone DRN-CW-008: Batería 95%, Estado: DroneState.IDLE
2025-10-20 19:07:00 - battery_monitor - INFO - Drone DRN-MW-009: Batería 40%, Estado: DroneState.LOADED
2025-10-20 19:07:00 - battery_monitor - INFO - Drone DRN-LW-010: Batería 100%, Estado: DroneState.DELIVERED
2025-10-20 19:07:00 - battery_monitor - INFO - Drone DRN-LW-011: Batería 20%, Estado: DroneState.RETURNING
2025-10-20 19:07:00 - battery_monitor - INFO - Drone 500: Batería 30%, Estado: DroneState.IDLE
2025-10-20 19:07:00 - battery_monitor - INFO - Drone DRN-001-XYZ: Batería 100%, Estado: DroneState.IDLE
2025-10-20 19:07:00 - battery_monitor - INFO - Drone 4: Batería 90%, Estado: DroneState.IDLE
2025-10-20 19:07:00 - battery_monitor - INFO - Drone 5: Batería 90%, Estado: DroneState.IDLE
2025-10-20 19:07:00 - battery_monitor - INFO - Drone 6: Batería 90%, Estado: DroneState.IDLE
2025-10-20 19:07:00 - battery_monitor - INFO - Drone 7: Batería 90%, Estado: DroneState.IDLE
2025-10-20 19:07:00 - battery_monitor - INFO - Drone 10: Batería 80%, Estado: DroneState.IDLE
2025-10-20 19:07:00 - battery_monitor - INFO - Drone 25: Batería 80%, Estado: DroneState.IDLE
2025-10-20 19:07:00 - battery_monitor - INFO - No se encontraron drones con batería baja en estado LOADING para actualizar
2025-10-20 19:07:30 - battery_monitor - INFO - Iniciando verificación de niveles de batería
2025-10-20 19:07:30 - battery_monitor - INFO - === REPORTE DE BATERÍA - 21 drones ===
2025-10-20 19:07:30 - battery_monitor - INFO - Drone 1: Batería 90%, Estado: DroneState.IDLE
2025-10-20 19:07:30 - battery_monitor - INFO - Drone 2: Batería 90%, Estado: DroneState.IDLE
2025-10-20 19:07:30 - battery_monitor - INFO - Drone DRN-HW-001: Batería 100%, Estado: DroneState.IDLE
2025-10-20 19:07:30 - battery_monitor - INFO - Drone DRN-MW-002: Batería 85%, Estado: DroneState.IDLE
2025-10-20 19:07:30 - battery_monitor - INFO - Drone DRN-LW-003: Batería 15%, Estado: DroneState.IDLE
2025-10-20 19:07:30 - battery_monitor - INFO - Drone DRN-CW-004: Batería 70%, Estado: DroneState.LOADING
2025-10-20 19:07:30 - battery_monitor - INFO - Drone DRN-MW-005: Batería 55%, Estado: DroneState.DELIVERING
2025-10-20 19:07:30 - battery_monitor - INFO - Drone DRN-HW-006: Batería 30%, Estado: DroneState.RETURNING
2025-10-20 19:07:30 - battery_monitor - INFO - Drone DRN-LW-007: Batería 25%, Estado: DroneState.IDLE
2025-10-20 19:07:30 - battery_monitor - INFO - Drone DRN-CW-008: Batería 95%, Estado: DroneState.IDLE
2025-10-20 19:07:30 - battery_monitor - INFO - Drone DRN-MW-009: Batería 40%, Estado: DroneState.LOADED
2025-10-20 19:07:30 - battery_monitor - INFO - Drone DRN-LW-010: Batería 100%, Estado: DroneState.DELIVERED
2025-10-20 19:07:30 - battery_monitor - INFO - Drone DRN-LW-011: Batería 20%, Estado: DroneState.RETURNING
2025-10-20 19:07:30 - battery_monitor - INFO - Drone 500: Batería 30%, Estado: DroneState.IDLE
2025-10-20 19:07:30 - battery_monitor - INFO - Drone DRN-001-XYZ: Batería 100%, Estado: DroneState.IDLE
2025-10-20 19:07:30 - battery_monitor - INFO - Drone 4: Batería 90%, Estado: DroneState.IDLE
2025-10-20 19:07:30 - battery_monitor - INFO - Drone 5: Batería 90%, Estado: DroneState.IDLE
2025-10-20 19:07:30 - battery_monitor - INFO - Drone 6: Batería 90%, Estado: DroneState.IDLE
2025-10-20 19:07:30 - battery_monitor - INFO - Drone 7: Batería 90%, Estado: DroneState.IDLE
2025-10-20 19:07:30 - battery_monitor - INFO - Drone 10: Batería 80%, Estado: DroneState.IDLE
2025-10-20 19:07:30 - battery_monitor - INFO - Drone 25: Batería 80%, Estado: DroneState.IDLE
2025-10-20 19:07:30 - battery_monitor - INFO - No se encontraron drones con batería baja en estado LOADING para actualizar
2025-10-20 19:08:00 - battery_monitor - INFO - Iniciando verificación de niveles de batería
2025-10-20 19:08:00 - battery_monitor - INFO - === REPORTE DE BATERÍA - 21 drones ===
2025-10-20 19:08:00 - battery_monitor - INFO - Drone 1: Batería 90%, Estado: DroneState.IDLE
2025-10-20 19:08:00 - battery_monitor - INFO - Drone 2: Batería 90%, Estado: DroneState.IDLE
2025-10-20 19:08:00 - battery_monitor - INFO - Drone DRN-HW-001: Batería 100%, Estado: DroneState.IDLE
2025-10-20 19:08:00 - battery_monitor - INFO - Drone DRN-MW-002: Batería 85%, Estado: DroneState.IDLE
2025-10-20 19:08:00 - battery_monitor - INFO - Drone DRN-LW-003: Batería 15%, Estado: DroneState.IDLE
2025-10-20 19:08:00 - battery_monitor - INFO - Drone DRN-CW-004: Batería 70%, Estado: DroneState.LOADING
2025-10-20 19:08:00 - battery_monitor - INFO - Drone DRN-MW-005: Batería 55%, Estado: DroneState.DELIVERING
2025-10-20 19:08:00 - battery_monitor - INFO - Drone DRN-HW-006: Batería 30%, Estado: DroneState.RETURNING
2025-10-20 19:08:00 - battery_monitor - INFO - Drone DRN-LW-007: Batería 25%, Estado: DroneState.IDLE
2025-10-20 19:08:00 - battery_monitor - INFO - Drone DRN-CW-008: Batería 95%, Estado: DroneState.IDLE
2025-10-20 19:08:00 - battery_monitor - INFO - Drone DRN-MW-009: Batería 40%, Estado: DroneState.LOADED
2025-10-20 19:08:00 - battery_monitor - INFO - Drone DRN-LW-010: Batería 100%, Estado: DroneState.DELIVERED
2025-10-20 19:08:00 - battery_monitor - INFO - Drone DRN-LW-011: Batería 20%, Estado: DroneState.RETURNING
2025-10-20 19:08:00 - battery_monitor - INFO - Drone 500: Batería 30%, Estado: DroneState.IDLE
2025-10-20 19:08:00 - battery_monitor - INFO - Drone DRN-001-XYZ: Batería 100%, Estado: DroneState.IDLE
2025-10-20 19:08:00 - battery_monitor - INFO - Drone 4: Batería 90%, Estado: DroneState.IDLE
2025-10-20 19:08:00 - battery_monitor - INFO - Drone 5: Batería 90%, Estado: DroneState.IDLE
2025-10-20 19:08:00 - battery_monitor - INFO - Drone 6: Batería 90%, Estado: DroneState.IDLE
2025-10-20 19:08:00 - battery_monitor - INFO - Drone 7: Batería 90%, Estado: DroneState.IDLE
2025-10-20 19:08:00 - battery_monitor - INFO - Drone 10: Batería 80%, Estado: DroneState.IDLE
2025-10-20 19:08:00 - battery_monitor - INFO - Drone 25: Batería 80%, Estado: DroneState.IDLE
2025-10-20 19:08:00 - battery_monitor - INFO - No se encontraron drones con batería baja en estado LOADING para actualizar
2025-10-20 19:08:30 - battery_monitor - INFO - Iniciando verificación de niveles de batería
2025-10-20 19:08:30 - battery_monitor - INFO - === REPORTE DE BATERÍA - 21 drones ===
2025-10-20 19:08:30 - battery_monitor - INFO - Drone 1: Batería 90%, Estado: DroneState.IDLE
2025-10-20 19:08:30 - battery_monitor - INFO - Drone 2: Batería 90%, Estado: DroneState.IDLE
2025-10-20 19:08:30 - battery_monitor - INFO - Drone DRN-HW-001: Batería 100%, Estado: DroneState.IDLE
2025-10-20 19:08:30 - battery_monitor - INFO - Drone DRN-MW-002: Batería 85%, Estado: DroneState.IDLE
2025-10-20 19:08:30 - battery_monitor - INFO - Drone DRN-LW-003: Batería 15%, Estado: DroneState.IDLE
2025-10-20 19:08:30 - battery_monitor - INFO - Drone DRN-CW-004: Batería 70%, Estado: DroneState.LOADING
2025-10-20 19:08:30 - battery_monitor - INFO - Drone DRN-MW-005: Batería 55%, Estado: DroneState.DELIVERING
2025-10-20 19:08:30 - battery_monitor - INFO - Drone DRN-HW-006: Batería 30%, Estado: DroneState.RETURNING
2025-10-20 19:08:30 - battery_monitor - INFO - Drone DRN-LW-007: Batería 25%, Estado: DroneState.IDLE
2025-10-20 19:08:30 - battery_monitor - INFO - Drone DRN-CW-008: Batería 95%, Estado: DroneState.IDLE
2025-10-20 19:08:30 - battery_monitor - INFO - Drone DRN-MW-009: Batería 40%, Estado: DroneState.LOADED
2025-10-20 19:08:30 - battery_monitor - INFO - Drone DRN-LW-010: Batería 100%, Estado: DroneState.DELIVERED
2025-10-20 19:08:30 - battery_monitor - INFO - Drone DRN-LW-011: Batería 20%, Estado: DroneState.RETURNING
2025-10-20 19:08:30 - battery_monitor - INFO - Drone 500: Batería 30%, Estado: DroneState.IDLE
2025-10-20 19:08:30 - battery_monitor - INFO - Drone DRN-001-XYZ: Batería 100%, Estado: DroneState.IDLE
2025-10-20 19:08:30 - battery_monitor - INFO - Drone 4: Batería 90%, Estado: DroneState.IDLE
2025-10-20 19:08:30 - battery_monitor - INFO - Drone 5: Batería 90%, Estado: DroneState.IDLE
2025-10-20 19:08:30 - battery_monitor - INFO - Drone 6: Batería 90%, Estado: DroneState.IDLE
2025-10-20 19:08:30 - battery_monitor - INFO - Drone 7: Batería 90%, Estado: DroneState.IDLE
2025-10-20 19:08:30 - battery_monitor - INFO - Drone 10: Batería 80%, Estado: DroneState.IDLE
2025-10-20 19:08:30 - battery_monitor - INFO - Drone 25: Batería 80%, Estado: DroneState.IDLE
2025-10-20 19:08:30 - battery_monitor - INFO - No se encontraron drones con batería baja en estado LOADING para actualizar
2025-10-20 19:09:00 - battery_monitor - INFO - Iniciando verificación de niveles de batería
2025-10-20 19:09:00 - battery_monitor - INFO - === REPORTE DE BATERÍA - 21 drones ===
2025-10-20 19:09:00 - battery_monitor - INFO - Drone 1: Batería 90%, Estado: DroneState.IDLE
2025-10-20 19:09:00 - battery_monitor - INFO - Drone 2: Batería 90%, Estado: DroneState.IDLE
2025-10-20 19:09:00 - battery_monitor - INFO - Drone DRN-HW-001: Batería 100%, Estado: DroneState.IDLE
2025-10-20 19:09:00 - battery_monitor - INFO - Drone DRN-MW-002: Batería 85%, Estado: DroneState.IDLE
2025-10-20 19:09:00 - battery_monitor - INFO - Drone DRN-LW-003: Batería 15%, Estado: DroneState.IDLE
2025-10-20 19:09:00 - battery_monitor - INFO - Drone DRN-CW-004: Batería 70%, Estado: DroneState.LOADING
2025-10-20 19:09:00 - battery_monitor - INFO - Drone DRN-MW-005: Batería 55%, Estado: DroneState.DELIVERING
2025-10-20 19:09:00 - battery_monitor - INFO - Drone DRN-HW-006: Batería 30%, Estado: DroneState.RETURNING
2025-10-20 19:09:00 - battery_monitor - INFO - Drone DRN-LW-007: Batería 25%, Estado: DroneState.IDLE
2025-10-20 19:09:00 - battery_monitor - INFO - Drone DRN-CW-008: Batería 95%, Estado: DroneState.IDLE
2025-10-20 19:09:00 - battery_monitor - INFO - Drone DRN-MW-009: Batería 40%, Estado: DroneState.LOADED
2025-10-20 19:09:00 - battery_monitor - INFO - Drone DRN-LW-010: Batería 100%, Estado: DroneState.DELIVERED
2025-10-20 19:09:00 - battery_monitor - INFO - Drone DRN-LW-011: Batería 20%, Estado: DroneState.RETURNING
2025-10-20 19:09:00 - battery_monitor - INFO - Drone 500: Batería 30%, Estado: DroneState.IDLE
2025-10-20 19:09:00 - battery_monitor - INFO - Drone DRN-001-XYZ: Batería 100%, Estado: DroneState.IDLE
2025-10-20 19:09:00 - battery_monitor - INFO - Drone 4: Batería 90%, Estado: DroneState.IDLE
2025-10-20 19:09:00 - battery_monitor - INFO - Drone 5: Batería 90%, Estado: DroneState.IDLE
2025-10-20 19:09:00 - battery_monitor - INFO - Drone 6: Batería 90%, Estado: DroneState.IDLE
2025-10-20 19:09:00 - battery_monitor - INFO - Drone 7: Batería 90%, Estado: DroneState.IDLE
2025-10-20 19:09:00 - battery_monitor - INFO - Drone 10: Batería 80%, Estado: DroneState.IDLE
2025-10-20 19:09:00 - battery_monitor - INFO - Drone 25: Batería 80%, Estado: DroneState.IDLE
2025-10-20 19:09:00 - battery_monitor - INFO - No se encontraron drones con batería baja en estado LOADING para actualizar
2025-10-20 19:09:30 - battery_monitor - INFO - Iniciando verificación de niveles de batería
2025-10-20 19:09:30 - battery_monitor - INFO - === REPORTE DE BATERÍA - 21 drones ===
2025-10-20 19:09:30 - battery_monitor - INFO - Drone 1: Batería 90%, Estado: DroneState.IDLE
2025-10-20 19:09:30 - battery_monitor - INFO - Drone 2: Batería 90%, Estado: DroneState.IDLE
2025-10-20 19:09:30 - battery_monitor - INFO - Drone DRN-HW-001: Batería 100%, Estado: DroneState.IDLE
2025-10-20 19:09:30 - battery_monitor - INFO - Drone DRN-MW-002: Batería 85%, Estado: DroneState.IDLE
2025-10-20 19:09:30 - battery_monitor - INFO - Drone DRN-LW-003: Batería 15%, Estado: DroneState.IDLE
2025-10-20 19:09:30 - battery_monitor - INFO - Drone DRN-CW-004: Batería 70%, Estado: DroneState.LOADING
2025-10-20 19:09:30 - battery_monitor - INFO - Drone DRN-MW-005: Batería 55%, Estado: DroneState.DELIVERING
2025-10-20 19:09:30 - battery_monitor - INFO - Drone DRN-HW-006: Batería 30%, Estado: DroneState.RETURNING
2025-10-20 19:09:30 - battery_monitor - INFO - Drone DRN-LW-007: Batería 25%, Estado: DroneState.IDLE
2025-10-20 19:09:30 - battery_monitor - INFO - Drone DRN-CW-008: Batería 95%, Estado: DroneState.IDLE
2025-10-20 19:09:30 - battery_monitor - INFO - Drone DRN-MW-009: Batería 40%, Estado: DroneState.LOADED
2025-10-20 19:09:30 - battery_monitor - INFO - Drone DRN-LW-010: Batería 100%, Estado: DroneState.DELIVERED
2025-10-20 19:09:30 - battery_monitor - INFO - Drone DRN-LW-011: Batería 20%, Estado: DroneState.RETURNING
2025-10-20 19:09:30 - battery_monitor - INFO - Drone 500: Batería 30%, Estado: DroneState.IDLE
2025-10-20 19:09:30 - battery_monitor - INFO - Drone DRN-001-XYZ: Batería 100%, Estado: DroneState.IDLE
2025-10-20 19:09:30 - battery_monitor - INFO - Drone 4: Batería 90%, Estado: DroneState.IDLE
2025-10-20 19:09:30 - battery_monitor - INFO - Drone 5: Batería 90%, Estado: DroneState.IDLE
2025-10-20 19:09:30 - battery_monitor - INFO - Drone 6: Batería 90%, Estado: DroneState.IDLE
2025-10-20 19:09:30 - battery_monitor - INFO - Drone 7: Batería 90%, Estado: DroneState.IDLE
2025-10-20 19:09:30 - battery_monitor - INFO - Drone 10: Batería 80%, Estado: DroneState.IDLE
2025-10-20 19:09:30 - battery_monitor - INFO - Drone 25: Batería 80%, Estado: DroneState.IDLE
2025-10-20 19:09:30 - battery_monitor - INFO - No se encontraron drones con batería baja en estado LOADING para actualizar
2025-10-20 19:10:00 - battery_monitor - INFO - Iniciando verificación de niveles de batería
2025-10-20 19:10:00 - battery_monitor - INFO - === REPORTE DE BATERÍA - 21 drones ===
2025-10-20 19:10:00 - battery_monitor - INFO - Drone 1: Batería 90%, Estado: DroneState.IDLE
2025-10-20 19:10:00 - battery_monitor - INFO - Drone 2: Batería 90%, Estado: DroneState.IDLE
2025-10-20 19:10:00 - battery_monitor - INFO - Drone DRN-HW-001: Batería 100%, Estado: DroneState.IDLE
2025-10-20 19:10:00 - battery_monitor - INFO - Drone DRN-MW-002: Batería 85%, Estado: DroneState.IDLE
2025-10-20 19:10:00 - battery_monitor - INFO - Drone DRN-LW-003: Batería 15%, Estado: DroneState.IDLE
2025-10-20 19:10:00 - battery_monitor - INFO - Drone DRN-CW-004: Batería 70%, Estado: DroneState.LOADING
2025-10-20 19:10:00 - battery_monitor - INFO - Drone DRN-MW-005: Batería 55%, Estado: DroneState.DELIVERING
2025-10-20 19:10:00 - battery_monitor - INFO - Drone DRN-HW-006: Batería 30%, Estado: DroneState.RETURNING
2025-10-20 19:10:00 - battery_monitor - INFO - Drone DRN-LW-007: Batería 25%, Estado: DroneState.IDLE
2025-10-20 19:10:00 - battery_monitor - INFO - Drone DRN-CW-008: Batería 95%, Estado: DroneState.IDLE
2025-10-20 19:10:00 - battery_monitor - INFO - Drone DRN-MW-009: Batería 40%, Estado: DroneState.LOADED
2025-10-20 19:10:00 - battery_monitor - INFO - Drone DRN-LW-010: Batería 100%, Estado: DroneState.DELIVERED
2025-10-20 19:10:00 - battery_monitor - INFO - Drone DRN-LW-011: Batería 20%, Estado: DroneState.RETURNING
2025-10-20 19:10:00 - battery_monitor - INFO - Drone 500: Batería 30%, Estado: DroneState.IDLE
2025-10-20 19:10:00 - battery_monitor - INFO - Drone DRN-001-XYZ: Batería 100%, Estado: DroneState.IDLE
2025-10-20 19:10:00 - battery_monitor - INFO - Drone 4: Batería 90%, Estado: DroneState.IDLE
2025-10-20 19:10:00 - battery_monitor - INFO - Drone 5: Batería 90%, Estado: DroneState.IDLE
2025-10-20 19:10:00 - battery_monitor - INFO - Drone 6: Batería 90%, Estado: DroneState.IDLE
2025-10-20 19:10:00 - battery_monitor - INFO - Drone 7: Batería 90%, Estado: DroneState.IDLE
2025-10-20 19:10:00 - battery_monitor - INFO - Drone 10: Batería 80%, Estado: DroneState.IDLE
2025-10-20 19:10:00 - battery_monitor - INFO - Drone 25: Batería 80%, Estado: DroneState.IDLE
2025-10-20 19:10:00 - battery_monitor - INFO - No se encontraron drones con batería baja en estado LOADING para actualizar
2025-10-20 19:10:30 - battery_monitor - INFO - Iniciando verificación de niveles de batería
2025-10-20 19:10:30 - battery_monitor - INFO - === REPORTE DE BATERÍA - 21 drones ===
2025-10-20 19:10:30 - battery_monitor - INFO - Drone 1: Batería 90%, Estado: DroneState.IDLE
2025-10-20 19:10:30 - battery_monitor - INFO - Drone 2: Batería 90%, Estado: DroneState.IDLE
2025-10-20 19:10:30 - battery_monitor - INFO - Drone DRN-HW-001: Batería 100%, Estado: DroneState.IDLE
2025-10-20 19:10:30 - battery_monitor - INFO - Drone DRN-MW-002: Batería 85%, Estado: DroneState.IDLE
2025-10-20 19:10:30 - battery_monitor - INFO - Drone DRN-LW-003: Batería 15%, Estado: DroneState.IDLE
2025-10-20 19:10:30 - battery_monitor - INFO - Drone DRN-CW-004: Batería 70%, Estado: DroneState.LOADING
2025-10-20 19:10:30 - battery_monitor - INFO - Drone DRN-MW-005: Batería 55%, Estado: DroneState.DELIVERING
2025-10-20 19:10:30 - battery_monitor - INFO - Drone DRN-HW-006: Batería 30%, Estado: DroneState.RETURNING
2025-10-20 19:10:30 - battery_monitor - INFO - Drone DRN-LW-007: Batería 25%, Estado: DroneState.IDLE
2025-10-20 19:10:30 - battery_monitor - INFO - Drone DRN-CW-008: Batería 95%, Estado: DroneState.IDLE
2025-10-20 19:10:30 - battery_monitor - INFO - Drone DRN-MW-009: Batería 40%, Estado: DroneState.LOADED
2025-10-20 19:10:30 - battery_monitor - INFO - Drone DRN-LW-010: Batería 100%, Estado: DroneState.DELIVERED
2025-10-20 19:10:30 - battery_monitor - INFO - Drone DRN-LW-011: Batería 20%, Estado: DroneState.RETURNING
2025-10-20 19:10:30 - battery_monitor - INFO - Drone 500: Batería 30%, Estado: DroneState.IDLE
2025-10-20 19:10:30 - battery_monitor - INFO - Drone DRN-001-XYZ: Batería 100%, Estado: DroneState.IDLE
2025-10-20 19:10:30 - battery_monitor - INFO - Drone 4: Batería 90%, Estado: DroneState.IDLE
2025-10-20 19:10:30 - battery_monitor - INFO - Drone 5: Batería 90%, Estado: DroneState.IDLE
2025-10-20 19:10:30 - battery_monitor - INFO - Drone 6: Batería 90%, Estado: DroneState.IDLE
2025-10-20 19:10:30 - battery_monitor - INFO - Drone 7: Batería 90%, Estado: DroneState.IDLE
2025-10-20 19:10:30 - battery_monitor - INFO - Drone 10: Batería 80%, Estado: DroneState.IDLE
2025-10-20 19:10:30 - battery_monitor - INFO - Drone 25: Batería 80%, Estado: DroneState.IDLE
2025-10-20 19:10:30 - battery_monitor - INFO - No se encontraron drones con batería baja en estado LOADING para actualizar
2025-10-20 19:11:00 - battery_monitor - INFO - Iniciando verificación de niveles de batería
2025-10-20 19:11:00 - battery_monitor - INFO - === REPORTE DE BATERÍA - 21 drones ===
2025-10-20 19:11:00 - battery_monitor - INFO - Drone 1: Batería 90%, Estado: DroneState.IDLE
2025-10-20 19:11:00 - battery_monitor - INFO - Drone 2: Batería 90%, Estado: DroneState.IDLE
2025-10-20 19:11:00 - battery_monitor - INFO - Drone DRN-HW-001: Batería 100%, Estado: DroneState.IDLE
2025-10-20 19:11:00 - battery_monitor - INFO - Drone DRN-MW-002: Batería 85%, Estado: DroneState.IDLE
2025-10-20 19:11:00 - battery_monitor - INFO - Drone DRN-LW-003: Batería 15%, Estado: DroneState.IDLE
2025-10-20 19:11:00 - battery_monitor - INFO - Drone DRN-CW-004: Batería 70%, Estado: DroneState.LOADING
2025-10-20 19:11:00 - battery_monitor - INFO - Drone DRN-MW-005: Batería 55%, Estado: DroneState.DELIVERING
2025-10-20 19:11:00 - battery_monitor - INFO - Drone DRN-HW-006: Batería 30%, Estado: DroneState.RETURNING
2025-10-20 19:11:00 - battery_monitor - INFO - Drone DRN-LW-007: Batería 25%, Estado: DroneState.IDLE
2025-10-20 19:11:00 - battery_monitor - INFO - Drone DRN-CW-008: Batería 95%, Estado: DroneState.IDLE
2025-10-20 19:11:00 - battery_monitor - INFO - Drone DRN-MW-009: Batería 40%, Estado: DroneState.LOADED
2025-10-20 19:11:00 - battery_monitor - INFO - Drone DRN-LW-010: Batería 100%, Estado: DroneState.DELIVERED
2025-10-20 19:11:00 - battery_monitor - INFO - Drone DRN-LW-011: Batería 20%, Estado: DroneState.RETURNING
2025-10-20 19:11:00 - battery_monitor - INFO - Drone 500: Batería 30%, Estado: DroneState.IDLE
2025-10-20 19:11:00 - battery_monitor - INFO - Drone DRN-001-XYZ: Batería 100%, Estado: DroneState.IDLE
2025-10-20 19:11:00 - battery_monitor - INFO - Drone 4: Batería 90%, Estado: DroneState.IDLE
2025-10-20 19:11:00 - battery_monitor - INFO - Drone 5: Batería 90%, Estado: DroneState.IDLE
2025-10-20 19:11:00 - battery_monitor - INFO - Drone 6: Batería 90%, Estado: DroneState.IDLE
2025-10-20 19:11:00 - battery_monitor - INFO - Drone 7: Batería 90%, Estado: DroneState.IDLE
2025-10-20 19:11:00 - battery_monitor - INFO - Drone 10: Batería 80%, Estado: DroneState.IDLE
2025-10-20 19:11:00 - battery_monitor - INFO - Drone 25: Batería 80%, Estado: DroneState.IDLE
2025-10-20 19:11:00 - battery_monitor - INFO - No se encontraron drones con batería baja en estado LOADING para actualizar
2025-10-20 19:11:30 - battery_monitor - INFO - Iniciando verificación de niveles de batería
2025-10-20 19:11:30 - battery_monitor - INFO - === REPORTE DE BATERÍA - 21 drones ===
2025-10-20 19:11:30 - battery_monitor - INFO - Drone 1: Batería 90%, Estado: DroneState.IDLE
2025-10-20 19:11:30 - battery_monitor - INFO - Drone 2: Batería 90%, Estado: DroneState.IDLE
2025-10-20 19:11:30 - battery_monitor - INFO - Drone DRN-HW-001: Batería 100%, Estado: DroneState.IDLE
2025-10-20 19:11:30 - battery_monitor - INFO - Drone DRN-MW-002: Batería 85%, Estado: DroneState.IDLE
2025-10-20 19:11:30 - battery_monitor - INFO - Drone DRN-LW-003: Batería 15%, Estado: DroneState.IDLE
2025-10-20 19:11:30 - battery_monitor - INFO - Drone DRN-CW-004: Batería 70%, Estado: DroneState.LOADING
2025-10-20 19:11:30 - battery_monitor - INFO - Drone DRN-MW-005: Batería 55%, Estado: DroneState.DELIVERING
2025-10-20 19:11:30 - battery_monitor - INFO - Drone DRN-HW-006: Batería 30%, Estado: DroneState.RETURNING
2025-10-20 19:11:30 - battery_monitor - INFO - Drone DRN-LW-007: Batería 25%, Estado: DroneState.IDLE
2025-10-20 19:11:30 - battery_monitor - INFO - Drone DRN-CW-008: Batería 95%, Estado: DroneState.IDLE
2025-10-20 19:11:30 - battery_monitor - INFO - Drone DRN-MW-009: Batería 40%, Estado: DroneState.LOADED
2025-10-20 19:11:30 - battery_monitor - INFO - Drone DRN-LW-010: Batería 100%, Estado: DroneState.DELIVERED
2025-10-20 19:11:30 - battery_monitor - INFO - Drone DRN-LW-011: Batería 20%, Estado: DroneState.RETURNING
2025-10-20 19:11:30 - battery_monitor - INFO - Drone 500: Batería 30%, Estado: DroneState.IDLE
2025-10-20 19:11:30 - battery_monitor - INFO - Drone DRN-001-XYZ: Batería 100%, Estado: DroneState.IDLE
2025-10-20 19:11:30 - battery_monitor - INFO - Drone 4: Batería 90%, Estado: DroneState.IDLE
2025-10-20 19:11:30 - battery_monitor - INFO - Drone 5: Batería 90%, Estado: DroneState.IDLE
2025-10-20 19:11:30 - battery_monitor - INFO - Drone 6: Batería 90%, Estado: DroneState.IDLE
2025-10-20 19:11:30 - battery_monitor - INFO - Drone 7: Batería 90%, Estado: DroneState.IDLE
2025-10-20 19:11:30 - battery_monitor - INFO - Drone 10: Batería 80%, Estado: DroneState.IDLE
2025-10-20 19:11:30 - battery_monitor - INFO - Drone 25: Batería 80%, Estado: DroneState.IDLE
2025-10-20 19:11:30 - battery_monitor - INFO - No se encontraron drones con batería baja en estado LOADING para actualizar
2025-10-20 19:12:00 - battery_monitor - INFO - Iniciando verificación de niveles de batería
2025-10-20 19:12:00 - battery_monitor - INFO - === REPORTE DE BATERÍA - 21 drones ===
2025-10-20 19:12:00 - battery_monitor - INFO - Drone 1: Batería 90%, Estado: DroneState.IDLE
2025-10-20 19:12:00 - battery_monitor - INFO - Drone 2: Batería 90%, Estado: DroneState.IDLE
2025-10-20 19:12:00 - battery_monitor - INFO - Drone DRN-HW-001: Batería 100%, Estado: DroneState.IDLE
2025-10-20 19:12:00 - battery_monitor - INFO - Drone DRN-MW-002: Batería 85%, Estado: DroneState.IDLE
2025-10-20 19:12:00 - battery_monitor - INFO - Drone DRN-LW-003: Batería 15%, Estado: DroneState.IDLE
2025-10-20 19:12:00 - battery_monitor - INFO - Drone DRN-CW-004: Batería 70%, Estado: DroneState.LOADING
2025-10-20 19:12:00 - battery_monitor - INFO - Drone DRN-MW-005: Batería 55%, Estado: DroneState.DELIVERING
2025-10-20 19:12:00 - battery_monitor - INFO - Drone DRN-HW-006: Batería 30%, Estado: DroneState.RETURNING
2025-10-20 19:12:00 - battery_monitor - INFO - Drone DRN-LW-007: Batería 25%, Estado: DroneState.IDLE
2025-10-20 19:12:00 - battery_monitor - INFO - Drone DRN-CW-008: Batería 95%, Estado: DroneState.IDLE
2025-10-20 19:12:00 - battery_monitor - INFO - Drone DRN-MW-009: Batería 40%, Estado: DroneState.LOADED
2025-10-20 19:12:00 - battery_monitor - INFO - Drone DRN-LW-010: Batería 100%, Estado: DroneState.DELIVERED
2025-10-20 19:12:00 - battery_monitor - INFO - Drone DRN-LW-011: Batería 20%, Estado: DroneState.RETURNING
2025-10-20 19:12:00 - battery_monitor - INFO - Drone 500: Batería 30%, Estado: DroneState.IDLE
2025-10-20 19:12:00 - battery_monitor - INFO - Drone DRN-001-XYZ: Batería 100%, Estado: DroneState.IDLE
2025-10-20 19:12:00 - battery_monitor - INFO - Drone 4: Batería 90%, Estado: DroneState.IDLE
2025-10-20 19:12:00 - battery_monitor - INFO - Drone 5: Batería 90%, Estado: DroneState.IDLE
2025-10-20 19:12:00 - battery_monitor - INFO - Drone 6: Batería 90%, Estado: DroneState.IDLE
2025-10-20 19:12:00 - battery_monitor - INFO - Drone 7: Batería 90%, Estado: DroneState.IDLE
2025-10-20 19:12:00 - battery_monitor - INFO - Drone 10: Batería 80%, Estado: DroneState.IDLE
2025-10-20 19:12:00 - battery_monitor - INFO - Drone 25: Batería 80%, Estado: DroneState.IDLE
2025-10-20 19:12:00 - battery_monitor - INFO - No se encontraron drones con batería baja en estado LOADING para actualizar
2025-10-20 19:12:30 - battery_monitor - INFO - Iniciando verificación de niveles de batería
2025-10-20 19:12:30 - battery_monitor - INFO - === REPORTE DE BATERÍA - 21 drones ===
2025-10-20 19:12:30 - battery_monitor - INFO - Drone 1: Batería 90%, Estado: DroneState.IDLE
2025-10-20 19:12:30 - battery_monitor - INFO - Drone 2: Batería 90%, Estado: DroneState.IDLE
2025-10-20 19:12:30 - battery_monitor - INFO - Drone DRN-HW-001: Batería 100%, Estado: DroneState.IDLE
2025-10-20 19:12:30 - battery_monitor - INFO - Drone DRN-MW-002: Batería 85%, Estado: DroneState.IDLE
2025-10-20 19:12:30 - battery_monitor - INFO - Drone DRN-LW-003: Batería 15%, Estado: DroneState.IDLE
2025-10-20 19:12:30 - battery_monitor - INFO - Drone DRN-CW-004: Batería 70%, Estado: DroneState.LOADING
2025-10-20 19:12:30 - battery_monitor - INFO - Drone DRN-MW-005: Batería 55%, Estado: DroneState.DELIVERING
2025-10-20 19:12:30 - battery_monitor - INFO - Drone DRN-HW-006: Batería 30%, Estado: DroneState.RETURNING
2025-10-20 19:12:30 - battery_monitor - INFO - Drone DRN-LW-007: Batería 25%, Estado: DroneState.IDLE
2025-10-20 19:12:30 - battery_monitor - INFO - Drone DRN-CW-008: Batería 95%, Estado: DroneState.IDLE
2025-10-20 19:12:30 - battery_monitor - INFO - Drone DRN-MW-009: Batería 40%, Estado: DroneState.LOADED
2025-10-20 19:12:30 - battery_monitor - INFO - Drone DRN-LW-010: Batería 100%, Estado: DroneState.DELIVERED
2025-10-20 19:12:30 - battery_monitor - INFO - Drone DRN-LW-011: Batería 20%, Estado: DroneState.RETURNING
2025-10-20 19:12:30 - battery_monitor - INFO - Drone 500: Batería 30%, Estado: DroneState.IDLE
2025-10-20 19:12:30 - battery_monitor - INFO - Drone DRN-001-XYZ: Batería 100%, Estado: DroneState.IDLE
2025-10-20 19:12:30 - battery_monitor - INFO - Drone 4: Batería 90%, Estado: DroneState.IDLE
2025-10-20 19:12:30 - battery_monitor - INFO - Drone 5: Batería 90%, Estado: DroneState.IDLE
2025-10-20 19:12:30 - battery_monitor - INFO - Drone 6: Batería 90%, Estado: DroneState.IDLE
2025-10-20 19:12:30 - battery_monitor - INFO - Drone 7: Batería 90%, Estado: DroneState.IDLE
2025-10-20 19:12:30 - battery_monitor - INFO - Drone 10: Batería 80%, Estado: DroneState.IDLE
2025-10-20 19:12:30 - battery_monitor - INFO - Drone 25: Batería 80%, Estado: DroneState.IDLE
2025-10-20 19:12:30 - battery_monitor - INFO - No se encontraron drones con batería baja en estado LOADING para actualizar
2025-10-20 19:12:38 - battery_monitor - INFO - Scheduler de monitoreo de batería cancelado
2025-10-20 19:12:38 - battery_monitor - INFO - Scheduler de monitoreo de batería detenido
2025-10-20 19:12:38 - battery_monitor - INFO - Monitor de batería detenido
2025-10-20 19:12:41 - battery_monitor - INFO - Monitor de batería iniciado. Verificando cada 30 segundos
2025-10-20 19:12:41 - battery_monitor - INFO - Iniciando scheduler asíncrono de monitoreo de batería
2025-10-20 19:12:41 - battery_monitor - INFO - Iniciando verificación de niveles de batería
2025-10-20 19:12:41 - battery_monitor - INFO - === REPORTE DE BATERÍA - 21 drones ===
2025-10-20 19:12:41 - battery_monitor - INFO - Drone 1: Batería 90%, Estado: DroneState.IDLE
2025-10-20 19:12:41 - battery_monitor - INFO - Drone 2: Batería 90%, Estado: DroneState.IDLE
2025-10-20 19:12:41 - battery_monitor - INFO - Drone DRN-HW-001: Batería 100%, Estado: DroneState.IDLE
2025-10-20 19:12:41 - battery_monitor - INFO - Drone DRN-MW-002: Batería 85%, Estado: DroneState.IDLE
2025-10-20 19:12:41 - battery_monitor - INFO - Drone DRN-LW-003: Batería 15%, Estado: DroneState.IDLE
2025-10-20 19:12:41 - battery_monitor - INFO - Drone DRN-CW-004: Batería 70%, Estado: DroneState.LOADING
2025-10-20 19:12:41 - battery_monitor - INFO - Drone DRN-MW-005: Batería 55%, Estado: DroneState.DELIVERING
2025-10-20 19:12:41 - battery_monitor - INFO - Drone DRN-HW-006: Batería 30%, Estado: DroneState.RETURNING
2025-10-20 19:12:41 - battery_monitor - INFO - Drone DRN-LW-007: Batería 25%, Estado: DroneState.IDLE
2025-10-20 19:12:41 - battery_monitor - INFO - Drone DRN-CW-008: Batería 95%, Estado: DroneState.IDLE
2025-10-20 19:12:41 - battery_monitor - INFO - Drone DRN-MW-009: Batería 40%, Estado: DroneState.LOADED
2025-10-20 19:12:41 - battery_monitor - INFO - Drone DRN-LW-010: Batería 100%, Estado: DroneState.DELIVERED
2025-10-20 19:12:41 - battery_monitor - INFO - Drone DRN-LW-011: Batería 20%, Estado: DroneState.RETURNING
2025-10-20 19:12:41 - battery_monitor - INFO - Drone 500: Batería 30%, Estado: DroneState.IDLE
2025-10-20 19:12:41 - battery_monitor - INFO - Drone DRN-001-XYZ: Batería 100%, Estado: DroneState.IDLE
2025-10-20 19:12:41 - battery_monitor - INFO - Drone 4: Batería 90%, Estado: DroneState.IDLE
2025-10-20 19:12:41 - battery_monitor - INFO - Drone 5: Batería 90%, Estado: DroneState.IDLE
2025-10-20 19:12:41 - battery_monitor - INFO - Drone 6: Batería 90%, Estado: DroneState.IDLE
2025-10-20 19:12:41 - battery_monitor - INFO - Drone 7: Batería 90%, Estado: DroneState.IDLE
2025-10-20 19:12:41 - battery_monitor - INFO - Drone 10: Batería 80%, Estado: DroneState.IDLE
2025-10-20 19:12:41 - battery_monitor - INFO - Drone 25: Batería 80%, Estado: DroneState.IDLE
2025-10-20 19:12:41 - battery_monitor - INFO - No se encontraron drones con batería baja en estado LOADING para actualizar
2025-10-20 19:13:00 - battery_monitor - INFO - Scheduler de monitoreo de batería cancelado
2025-10-20 19:13:00 - battery_monitor - INFO - Scheduler de monitoreo de batería detenido
2025-10-20 19:13:00 - battery_monitor - INFO - Monitor de batería detenido
2025-10-20 19:13:03 - battery_monitor - INFO - Monitor de batería iniciado. Verificando cada 30 segundos
2025-10-20 19:13:03 - battery_monitor - INFO - Iniciando scheduler asíncrono de monitoreo de batería
2025-10-20 19:13:03 - battery_monitor - INFO - Iniciando verificación de niveles de batería
2025-10-20 19:13:03 - battery_monitor - INFO - === REPORTE DE BATERÍA - 21 drones ===
2025-10-20 19:13:03 - battery_monitor - INFO - Drone 1: Batería 90%, Estado: DroneState.IDLE
2025-10-20 19:13:03 - battery_monitor - INFO - Drone 2: Batería 90%, Estado: DroneState.IDLE
2025-10-20 19:13:03 - battery_monitor - INFO - Drone DRN-HW-001: Batería 100%, Estado: DroneState.IDLE
2025-10-20 19:13:03 - battery_monitor - INFO - Drone DRN-MW-002: Batería 85%, Estado: DroneState.IDLE
2025-10-20 19:13:03 - battery_monitor - INFO - Drone DRN-LW-003: Batería 15%, Estado: DroneState.IDLE
2025-10-20 19:13:03 - battery_monitor - INFO - Drone DRN-CW-004: Batería 70%, Estado: DroneState.LOADING
2025-10-20 19:13:03 - battery_monitor - INFO - Drone DRN-MW-005: Batería 55%, Estado: DroneState.DELIVERING
2025-10-20 19:13:03 - battery_monitor - INFO - Drone DRN-HW-006: Batería 30%, Estado: DroneState.RETURNING
2025-10-20 19:13:03 - battery_monitor - INFO - Drone DRN-LW-007: Batería 25%, Estado: DroneState.IDLE
2025-10-20 19:13:03 - battery_monitor - INFO - Drone DRN-CW-008: Batería 95%, Estado: DroneState.IDLE
2025-10-20 19:13:03 - battery_monitor - INFO - Drone DRN-MW-009: Batería 40%, Estado: DroneState.LOADED
2025-10-20 19:13:03 - battery_monitor - INFO - Drone DRN-LW-010: Batería 100%, Estado: DroneState.DELIVERED
2025-10-20 19:13:03 - battery_monitor - INFO - Drone DRN-LW-011: Batería 20%, Estado: DroneState.RETURNING
2025-10-20 19:13:03 - battery_monitor - INFO - Drone 500: Batería 30%, Estado: DroneState.IDLE
2025-10-20 19:13:03 - battery_monitor - INFO - Drone DRN-001-XYZ: Batería 100%, Estado: DroneState.IDLE
2025-10-20 19:13:03 - battery_monitor - INFO - Drone 4: Batería 90%, Estado: DroneState.IDLE
2025-10-20 19:13:03 - battery_monitor - INFO - Drone 5: Batería 90%, Estado: DroneState.IDLE
2025-10-20 19:13:03 - battery_monitor - INFO - Drone 6: Batería 90%, Estado: DroneState.IDLE
2025-10-20 19:13:03 - battery_monitor - INFO - Drone 7: Batería 90%, Estado: DroneState.IDLE
2025-10-20 19:13:03 - battery_monitor - INFO - Drone 10: Batería 80%, Estado: DroneState.IDLE
2025-10-20 19:13:03 - battery_monitor - INFO - Drone 25: Batería 80%, Estado: DroneState.IDLE
2025-10-20 19:13:03 - battery_monitor - INFO - No se encontraron drones con batería baja en estado LOADING para actualizar
2025-10-20 19:13:10 - battery_monitor - INFO - Scheduler de monitoreo de batería cancelado
2025-10-20 19:13:10 - battery_monitor - INFO - Scheduler de monitoreo de batería detenido
2025-10-20 19:13:10 - battery_monitor - INFO - Monitor de batería detenido
2025-10-20 19:13:14 - battery_monitor - INFO - Monitor de batería iniciado. Verificando cada 30 segundos
2025-10-20 19:13:14 - battery_monitor - INFO - Iniciando scheduler asíncrono de monitoreo de batería
2025-10-20 19:13:14 - battery_monitor - INFO - Iniciando verificación de niveles de batería
2025-10-20 19:13:14 - battery_monitor - INFO - === REPORTE DE BATERÍA - 21 drones ===
2025-10-20 19:13:14 - battery_monitor - INFO - Drone 1: Batería 90%, Estado: DroneState.IDLE
2025-10-20 19:13:14 - battery_monitor - INFO - Drone 2: Batería 90%, Estado: DroneState.IDLE
2025-10-20 19:13:14 - battery_monitor - INFO - Drone DRN-HW-001: Batería 100%, Estado: DroneState.IDLE
2025-10-20 19:13:14 - battery_monitor - INFO - Drone DRN-MW-002: Batería 85%, Estado: DroneState.IDLE
2025-10-20 19:13:14 - battery_monitor - INFO - Drone DRN-LW-003: Batería 15%, Estado: DroneState.IDLE
2025-10-20 19:13:14 - battery_monitor - INFO - Drone DRN-CW-004: Batería 70%, Estado: DroneState.LOADING
2025-10-20 19:13:14 - battery_monitor - INFO - Drone DRN-MW-005: Batería 55%, Estado: DroneState.DELIVERING
2025-10-20 19:13:14 - battery_monitor - INFO - Drone DRN-HW-006: Batería 30%, Estado: DroneState.RETURNING
2025-10-20 19:13:14 - battery_monitor - INFO - Drone DRN-LW-007: Batería 25%, Estado: DroneState.IDLE
2025-10-20 19:13:14 - battery_monitor - INFO - Drone DRN-CW-008: Batería 95%, Estado: DroneState.IDLE
2025-10-20 19:13:14 - battery_monitor - INFO - Drone DRN-MW-009: Batería 40%, Estado: DroneState.LOADED
2025-10-20 19:13:14 - battery_monitor - INFO - Drone DRN-LW-010: Batería 100%, Estado: DroneState.DELIVERED
2025-10-20 19:13:14 - battery_monitor - INFO - Drone DRN-LW-011: Batería 20%, Estado: DroneState.RETURNING
2025-10-20 19:13:14 - battery_monitor - INFO - Drone 500: Batería 30%, Estado: DroneState.IDLE
2025-10-20 19:13:14 - battery_monitor - INFO - Drone DRN-001-XYZ: Batería 100%, Estado: DroneState.IDLE
2025-10-20 19:13:14 - battery_monitor - INFO - Drone 4: Batería 90%, Estado: DroneState.IDLE
2025-10-20 19:13:14 - battery_monitor - INFO - Drone 5: Batería 90%, Estado: DroneState.IDLE
2025-10-20 19:13:14 - battery_monitor - INFO - Drone 6: Batería 90%, Estado: DroneState.IDLE
2025-10-20 19:13:14 - battery_monitor - INFO - Drone 7: Batería 90%, Estado: DroneState.IDLE
2025-10-20 19:13:14 - battery_monitor - INFO - Drone 10: Batería 80%, Estado: DroneState.IDLE
2025-10-20 19:13:14 - battery_monitor - INFO - Drone 25: Batería 80%, Estado: DroneState.IDLE
2025-10-20 19:13:14 - battery_monitor - INFO - No se encontraron drones con batería baja en estado LOADING para actualizar
2025-10-20 19:13:44 - battery_monitor - INFO - Iniciando verificación de niveles de batería
2025-10-20 19:13:44 - battery_monitor - INFO - === REPORTE DE BATERÍA - 21 drones ===
2025-10-20 19:13:44 - battery_monitor - INFO - Drone 1: Batería 90%, Estado: DroneState.IDLE
2025-10-20 19:13:44 - battery_monitor - INFO - Drone 2: Batería 90%, Estado: DroneState.IDLE
2025-10-20 19:13:44 - battery_monitor - INFO - Drone DRN-HW-001: Batería 100%, Estado: DroneState.IDLE
2025-10-20 19:13:44 - battery_monitor - INFO - Drone DRN-MW-002: Batería 85%, Estado: DroneState.IDLE
2025-10-20 19:13:44 - battery_monitor - INFO - Drone DRN-LW-003: Batería 15%, Estado: DroneState.IDLE
2025-10-20 19:13:44 - battery_monitor - INFO - Drone DRN-CW-004: Batería 70%, Estado: DroneState.LOADING
2025-10-20 19:13:44 - battery_monitor - INFO - Drone DRN-MW-005: Batería 55%, Estado: DroneState.DELIVERING
2025-10-20 19:13:44 - battery_monitor - INFO - Drone DRN-HW-006: Batería 30%, Estado: DroneState.RETURNING
2025-10-20 19:13:44 - battery_monitor - INFO - Drone DRN-LW-007: Batería 25%, Estado: DroneState.IDLE
2025-10-20 19:13:44 - battery_monitor - INFO - Drone DRN-CW-008: Batería 95%, Estado: DroneState.IDLE
2025-10-20 19:13:44 - battery_monitor - INFO - Drone DRN-MW-009: Batería 40%, Estado: DroneState.LOADED
2025-10-20 19:13:44 - battery_monitor - INFO - Drone DRN-LW-010: Batería 100%, Estado: DroneState.DELIVERED
2025-10-20 19:13:44 - battery_monitor - INFO - Drone DRN-LW-011: Batería 20%, Estado: DroneState.RETURNING
2025-10-20 19:13:44 - battery_monitor - INFO - Drone 500: Batería 30%, Estado: DroneState.IDLE
2025-10-20 19:13:44 - battery_monitor - INFO - Drone DRN-001-XYZ: Batería 100%, Estado: DroneState.IDLE
2025-10-20 19:13:44 - battery_monitor - INFO - Drone 4: Batería 90%, Estado: DroneState.IDLE
2025-10-20 19:13:44 - battery_monitor - INFO - Drone 5: Batería 90%, Estado: DroneState.IDLE
2025-10-20 19:13:44 - battery_monitor - INFO - Drone 6: Batería 90%, Estado: DroneState.IDLE
2025-10-20 19:13:44 - battery_monitor - INFO - Drone 7: Batería 90%, Estado: DroneState.IDLE
2025-10-20 19:13:44 - battery_monitor - INFO - Drone 10: Batería 80%, Estado: DroneState.IDLE
2025-10-20 19:13:44 - battery_monitor - INFO - Drone 25: Batería 80%, Estado: DroneState.IDLE
2025-10-20 19:13:44 - battery_monitor - INFO - No se encontraron drones con batería baja en estado LOADING para actualizar
2025-10-20 19:13:49 - battery_monitor - INFO - Scheduler de monitoreo de batería cancelado
2025-10-20 19:13:49 - battery_monitor - INFO - Scheduler de monitoreo de batería detenido
2025-10-20 19:13:49 - battery_monitor - INFO - Monitor de batería detenido
2025-10-20 19:13:52 - battery_monitor - INFO - Monitor de batería iniciado. Verificando cada 30 segundos
2025-10-20 19:13:52 - battery_monitor - INFO - Iniciando scheduler asíncrono de monitoreo de batería
2025-10-20 19:13:52 - battery_monitor - INFO - Iniciando verificación de niveles de batería
2025-10-20 19:13:52 - battery_monitor - INFO - Scheduler de monitoreo de batería cancelado
2025-10-20 19:13:52 - battery_monitor - INFO - Scheduler de monitoreo de batería detenido
2025-10-20 19:13:52 - battery_monitor - INFO - Monitor de batería detenido
2025-10-20 19:13:56 - battery_monitor - INFO - Monitor de batería iniciado. Verificando cada 30 segundos
2025-10-20 19:13:56 - battery_monitor - INFO - Iniciando scheduler asíncrono de monitoreo de batería
2025-10-20 19:13:56 - battery_monitor - INFO - Iniciando verificación de niveles de batería
2025-10-20 19:13:56 - battery_monitor - INFO - === REPORTE DE BATERÍA - 21 drones ===
2025-10-20 19:13:56 - battery_monitor - INFO - Drone 1: Batería 90%, Estado: DroneState.IDLE
2025-10-20 19:13:56 - battery_monitor - INFO - Drone 2: Batería 90%, Estado: DroneState.IDLE
2025-10-20 19:13:56 - battery_monitor - INFO - Drone DRN-HW-001: Batería 100%, Estado: DroneState.IDLE
2025-10-20 19:13:56 - battery_monitor - INFO - Drone DRN-MW-002: Batería 85%, Estado: DroneState.IDLE
2025-10-20 19:13:56 - battery_monitor - INFO - Drone DRN-LW-003: Batería 15%, Estado: DroneState.IDLE
2025-10-20 19:13:56 - battery_monitor - INFO - Drone DRN-CW-004: Batería 70%, Estado: DroneState.LOADING
2025-10-20 19:13:56 - battery_monitor - INFO - Drone DRN-MW-005: Batería 55%, Estado: DroneState.DELIVERING
2025-10-20 19:13:56 - battery_monitor - INFO - Drone DRN-HW-006: Batería 30%, Estado: DroneState.RETURNING
2025-10-20 19:13:56 - battery_monitor - INFO - Drone DRN-LW-007: Batería 25%, Estado: DroneState.IDLE
2025-10-20 19:13:56 - battery_monitor - INFO - Drone DRN-CW-008: Batería 95%, Estado: DroneState.IDLE
2025-10-20 19:13:56 - battery_monitor - INFO - Drone DRN-MW-009: Batería 40%, Estado: DroneState.LOADED
2025-10-20 19:13:56 - battery_monitor - INFO - Drone DRN-LW-010: Batería 100%, Estado: DroneState.DELIVERED
2025-10-20 19:13:56 - battery_monitor - INFO - Drone DRN-LW-011: Batería 20%, Estado: DroneState.RETURNING
2025-10-20 19:13:56 - battery_monitor - INFO - Drone 500: Batería 30%, Estado: DroneState.IDLE
2025-10-20 19:13:56 - battery_monitor - INFO - Drone DRN-001-XYZ: Batería 100%, Estado: DroneState.IDLE
2025-10-20 19:13:56 - battery_monitor - INFO - Drone 4: Batería 90%, Estado: DroneState.IDLE
2025-10-20 19:13:56 - battery_monitor - INFO - Drone 5: Batería 90%, Estado: DroneState.IDLE
2025-10-20 19:13:56 - battery_monitor - INFO - Drone 6: Batería 90%, Estado: DroneState.IDLE
2025-10-20 19:13:56 - battery_monitor - INFO - Drone 7: Batería 90%, Estado: DroneState.IDLE
2025-10-20 19:13:56 - battery_monitor - INFO - Drone 10: Batería 80%, Estado: DroneState.IDLE
2025-10-20 19:13:56 - battery_monitor - INFO - Drone 25: Batería 80%, Estado: DroneState.IDLE
2025-10-20 19:13:56 - battery_monitor - INFO - No se encontraron drones con batería baja en estado LOADING para actualizar
2025-10-20 19:14:04 - battery_monitor - INFO - Scheduler de monitoreo de batería cancelado
2025-10-20 19:14:04 - battery_monitor - INFO - Scheduler de monitoreo de batería detenido
2025-10-20 19:14:04 - battery_monitor - INFO - Monitor de batería detenido
2025-10-20 19:14:07 - battery_monitor - INFO - Monitor de batería iniciado. Verificando cada 30 segundos
2025-10-20 19:14:07 - battery_monitor - INFO - Iniciando scheduler asíncrono de monitoreo de batería
2025-10-20 19:14:07 - battery_monitor - INFO - Iniciando verificación de niveles de batería
2025-10-20 19:14:07 - battery_monitor - INFO - Scheduler de monitoreo de batería cancelado
2025-10-20 19:14:07 - battery_monitor - INFO - Scheduler de monitoreo de batería detenido
2025-10-20 19:14:07 - battery_monitor - INFO - Monitor de batería detenido
2025-10-20 19:14:11 - battery_monitor - INFO - Monitor de batería iniciado. Verificando cada 30 segundos
2025-10-20 19:14:11 - battery_monitor - INFO - Iniciando scheduler asíncrono de monitoreo de batería
2025-10-20 19:14:11 - battery_monitor - INFO - Iniciando verificación de niveles de batería
2025-10-20 19:14:11 - battery_monitor - INFO - === REPORTE DE BATERÍA - 21 drones ===
2025-10-20 19:14:11 - battery_monitor - INFO - Drone 1: Batería 90%, Estado: DroneState.IDLE
2025-10-20 19:14:11 - battery_monitor - INFO - Drone 2: Batería 90%, Estado: DroneState.IDLE
2025-10-20 19:14:11 - battery_monitor - INFO - Drone DRN-HW-001: Batería 100%, Estado: DroneState.IDLE
2025-10-20 19:14:11 - battery_monitor - INFO - Drone DRN-MW-002: Batería 85%, Estado: DroneState.IDLE
2025-10-20 19:14:11 - battery_monitor - INFO - Drone DRN-LW-003: Batería 15%, Estado: DroneState.IDLE
2025-10-20 19:14:11 - battery_monitor - INFO - Drone DRN-CW-004: Batería 70%, Estado: DroneState.LOADING
2025-10-20 19:14:11 - battery_monitor - INFO - Drone DRN-MW-005: Batería 55%, Estado: DroneState.DELIVERING
2025-10-20 19:14:11 - battery_monitor - INFO - Drone DRN-HW-006: Batería 30%, Estado: DroneState.RETURNING
2025-10-20 19:14:11 - battery_monitor - INFO - Drone DRN-LW-007: Batería 25%, Estado: DroneState.IDLE
2025-10-20 19:14:11 - battery_monitor - INFO - Drone DRN-CW-008: Batería 95%, Estado: DroneState.IDLE
2025-10-20 19:14:11 - battery_monitor - INFO - Drone DRN-MW-009: Batería 40%, Estado: DroneState.LOADED
2025-10-20 19:14:11 - battery_monitor - INFO - Drone DRN-LW-010: Batería 100%, Estado: DroneState.DELIVERED
2025-10-20 19:14:11 - battery_monitor - INFO - Drone DRN-LW-011: Batería 20%, Estado: DroneState.RETURNING
2025-10-20 19:14:11 - battery_monitor - INFO - Drone 500: Batería 30%, Estado: DroneState.IDLE
2025-10-20 19:14:11 - battery_monitor - INFO - Drone DRN-001-XYZ: Batería 100%, Estado: DroneState.IDLE
2025-10-20 19:14:11 - battery_monitor - INFO - Drone 4: Batería 90%, Estado: DroneState.IDLE
2025-10-20 19:14:11 - battery_monitor - INFO - Drone 5: Batería 90%, Estado: DroneState.IDLE
2025-10-20 19:14:11 - battery_monitor - INFO - Drone 6: Batería 90%, Estado: DroneState.IDLE
2025-10-20 19:14:11 - battery_monitor - INFO - Drone 7: Batería 90%, Estado: DroneState.IDLE
2025-10-20 19:14:11 - battery_monitor - INFO - Drone 10: Batería 80%, Estado: DroneState.IDLE
2025-10-20 19:14:11 - battery_monitor - INFO - Drone 25: Batería 80%, Estado: DroneState.IDLE
2025-10-20 19:14:11 - battery_monitor - INFO - No se encontraron drones con batería baja en estado LOADING para actualizar
2025-10-20 19:14:12 - battery_monitor - INFO - Scheduler de monitoreo de batería cancelado
2025-10-20 19:14:12 - battery_monitor - INFO - Scheduler de monitoreo de batería detenido
2025-10-20 19:14:12 - battery_monitor - INFO - Monitor de batería detenido
2025-10-20 19:14:15 - battery_monitor - INFO - Monitor de batería iniciado. Verificando cada 30 segundos
2025-10-20 19:14:15 - battery_monitor - INFO - Iniciando scheduler asíncrono de monitoreo de batería
2025-10-20 19:14:15 - battery_monitor - INFO - Iniciando verificación de niveles de batería
2025-10-20 19:14:15 - battery_monitor - INFO - === REPORTE DE BATERÍA - 21 drones ===
2025-10-20 19:14:15 - battery_monitor - INFO - Drone 1: Batería 90%, Estado: DroneState.IDLE
2025-10-20 19:14:15 - battery_monitor - INFO - Drone 2: Batería 90%, Estado: DroneState.IDLE
2025-10-20 19:14:15 - battery_monitor - INFO - Drone DRN-HW-001: Batería 100%, Estado: DroneState.IDLE
2025-10-20 19:14:15 - battery_monitor - INFO - Drone DRN-MW-002: Batería 85%, Estado: DroneState.IDLE
2025-10-20 19:14:15 - battery_monitor - INFO - Drone DRN-LW-003: Batería 15%, Estado: DroneState.IDLE
2025-10-20 19:14:15 - battery_monitor - INFO - Drone DRN-CW-004: Batería 70%, Estado: DroneState.LOADING
2025-10-20 19:14:15 - battery_monitor - INFO - Drone DRN-MW-005: Batería 55%, Estado: DroneState.DELIVERING
2025-10-20 19:14:15 - battery_monitor - INFO - Drone DRN-HW-006: Batería 30%, Estado: DroneState.RETURNING
2025-10-20 19:14:15 - battery_monitor - INFO - Drone DRN-LW-007: Batería 25%, Estado: DroneState.IDLE
2025-10-20 19:14:15 - battery_monitor - INFO - Drone DRN-CW-008: Batería 95%, Estado: DroneState.IDLE
2025-10-20 19:14:15 - battery_monitor - INFO - Drone DRN-MW-009: Batería 40%, Estado: DroneState.LOADED
2025-10-20 19:14:15 - battery_monitor - INFO - Drone DRN-LW-010: Batería 100%, Estado: DroneState.DELIVERED
2025-10-20 19:14:15 - battery_monitor - INFO - Drone DRN-LW-011: Batería 20%, Estado: DroneState.RETURNING
2025-10-20 19:14:15 - battery_monitor - INFO - Drone 500: Batería 30%, Estado: DroneState.IDLE
2025-10-20 19:14:15 - battery_monitor - INFO - Drone DRN-001-XYZ: Batería 100%, Estado: DroneState.IDLE
2025-10-20 19:14:15 - battery_monitor - INFO - Drone 4: Batería 90%, Estado: DroneState.IDLE
2025-10-20 19:14:15 - battery_monitor - INFO - Drone 5: Batería 90%, Estado: DroneState.IDLE
2025-10-20 19:14:15 - battery_monitor - INFO - Drone 6: Batería 90%, Estado: DroneState.IDLE
2025-10-20 19:14:15 - battery_monitor - INFO - Drone 7: Batería 90%, Estado: DroneState.IDLE
2025-10-20 19:14:15 - battery_monitor - INFO - Drone 10: Batería 80%, Estado: DroneState.IDLE
2025-10-20 19:14:15 - battery_monitor - INFO - Drone 25: Batería 80%, Estado: DroneState.IDLE
2025-10-20 19:14:15 - battery_monitor - INFO - No se encontraron drones con batería baja en estado LOADING para actualizar
2025-10-20 19:14:45 - battery_monitor - INFO - Iniciando verificación de niveles de batería
2025-10-20 19:14:45 - battery_monitor - INFO - === REPORTE DE BATERÍA - 21 drones ===
2025-10-20 19:14:45 - battery_monitor - INFO - Drone 1: Batería 90%, Estado: DroneState.IDLE
2025-10-20 19:14:45 - battery_monitor - INFO - Drone 2: Batería 90%, Estado: DroneState.IDLE
2025-10-20 19:14:45 - battery_monitor - INFO - Drone DRN-HW-001: Batería 100%, Estado: DroneState.IDLE
2025-10-20 19:14:45 - battery_monitor - INFO - Drone DRN-MW-002: Batería 85%, Estado: DroneState.IDLE
2025-10-20 19:14:45 - battery_monitor - INFO - Drone DRN-LW-003: Batería 15%, Estado: DroneState.IDLE
2025-10-20 19:14:45 - battery_monitor - INFO - Drone DRN-CW-004: Batería 70%, Estado: DroneState.LOADING
2025-10-20 19:14:45 - battery_monitor - INFO - Drone DRN-MW-005: Batería 55%, Estado: DroneState.DELIVERING
2025-10-20 19:14:45 - battery_monitor - INFO - Drone DRN-HW-006: Batería 30%, Estado: DroneState.RETURNING
2025-10-20 19:14:45 - battery_monitor - INFO - Drone DRN-LW-007: Batería 25%, Estado: DroneState.IDLE
2025-10-20 19:14:45 - battery_monitor - INFO - Drone DRN-CW-008: Batería 95%, Estado: DroneState.IDLE
2025-10-20 19:14:45 - battery_monitor - INFO - Drone DRN-MW-009: Batería 40%, Estado: DroneState.LOADED
2025-10-20 19:14:45 - battery_monitor - INFO - Drone DRN-LW-010: Batería 100%, Estado: DroneState.DELIVERED
2025-10-20 19:14:45 - battery_monitor - INFO - Drone DRN-LW-011: Batería 20%, Estado: DroneState.RETURNING
2025-10-20 19:14:45 - battery_monitor - INFO - Drone 500: Batería 30%, Estado: DroneState.IDLE
2025-10-20 19:14:45 - battery_monitor - INFO - Drone DRN-001-XYZ: Batería 100%, Estado: DroneState.IDLE
2025-10-20 19:14:45 - battery_monitor - INFO - Drone 4: Batería 90%, Estado: DroneState.IDLE
2025-10-20 19:14:45 - battery_monitor - INFO - Drone 5: Batería 90%, Estado: DroneState.IDLE
2025-10-20 19:14:45 - battery_monitor - INFO - Drone 6: Batería 90%, Estado: DroneState.IDLE
2025-10-20 19:14:45 - battery_monitor - INFO - Drone 7: Batería 90%, Estado: DroneState.IDLE
2025-10-20 19:14:45 - battery_monitor - INFO - Drone 10: Batería 80%, Estado: DroneState.IDLE
2025-10-20 19:14:45 - battery_monitor - INFO - Drone 25: Batería 80%, Estado: DroneState.IDLE
2025-10-20 19:14:45 - battery_monitor - INFO - No se encontraron drones con batería baja en estado LOADING para actualizar
2025-10-20 19:14:47 - battery_monitor - INFO - Scheduler de monitoreo de batería cancelado
2025-10-20 19:14:47 - battery_monitor - INFO - Scheduler de monitoreo de batería detenido
2025-10-20 19:14:47 - battery_monitor - INFO - Monitor de batería detenido
2025-10-20 19:14:50 - battery_monitor - INFO - Monitor de batería iniciado. Verificando cada 30 segundos
2025-10-20 19:14:50 - battery_monitor - INFO - Iniciando scheduler asíncrono de monitoreo de batería
2025-10-20 19:14:50 - battery_monitor - INFO - Iniciando verificación de niveles de batería
2025-10-20 19:14:50 - battery_monitor - INFO - === REPORTE DE BATERÍA - 21 drones ===
2025-10-20 19:14:50 - battery_monitor - INFO - Drone 1: Batería 90%, Estado: DroneState.IDLE
2025-10-20 19:14:50 - battery_monitor - INFO - Drone 2: Batería 90%, Estado: DroneState.IDLE
2025-10-20 19:14:50 - battery_monitor - INFO - Drone DRN-HW-001: Batería 100%, Estado: DroneState.IDLE
2025-10-20 19:14:50 - battery_monitor - INFO - Drone DRN-MW-002: Batería 85%, Estado: DroneState.IDLE
2025-10-20 19:14:50 - battery_monitor - INFO - Drone DRN-LW-003: Batería 15%, Estado: DroneState.IDLE
2025-10-20 19:14:50 - battery_monitor - INFO - Drone DRN-CW-004: Batería 70%, Estado: DroneState.LOADING
2025-10-20 19:14:50 - battery_monitor - INFO - Drone DRN-MW-005: Batería 55%, Estado: DroneState.DELIVERING
2025-10-20 19:14:50 - battery_monitor - INFO - Drone DRN-HW-006: Batería 30%, Estado: DroneState.RETURNING
2025-10-20 19:14:50 - battery_monitor - INFO - Drone DRN-LW-007: Batería 25%, Estado: DroneState.IDLE
2025-10-20 19:14:50 - battery_monitor - INFO - Drone DRN-CW-008: Batería 95%, Estado: DroneState.IDLE
2025-10-20 19:14:50 - battery_monitor - INFO - Drone DRN-MW-009: Batería 40%, Estado: DroneState.LOADED
2025-10-20 19:14:50 - battery_monitor - INFO - Drone DRN-LW-010: Batería 100%, Estado: DroneState.DELIVERED
2025-10-20 19:14:50 - battery_monitor - INFO - Drone DRN-LW-011: Batería 20%, Estado: DroneState.RETURNING
2025-10-20 19:14:50 - battery_monitor - INFO - Drone 500: Batería 30%, Estado: DroneState.IDLE
2025-10-20 19:14:50 - battery_monitor - INFO - Drone DRN-001-XYZ: Batería 100%, Estado: DroneState.IDLE
2025-10-20 19:14:50 - battery_monitor - INFO - Drone 4: Batería 90%, Estado: DroneState.IDLE
2025-10-20 19:14:50 - battery_monitor - INFO - Drone 5: Batería 90%, Estado: DroneState.IDLE
2025-10-20 19:14:50 - battery_monitor - INFO - Drone 6: Batería 90%, Estado: DroneState.IDLE
2025-10-20 19:14:50 - battery_monitor - INFO - Drone 7: Batería 90%, Estado: DroneState.IDLE
2025-10-20 19:14:50 - battery_monitor - INFO - Drone 10: Batería 80%, Estado: DroneState.IDLE
2025-10-20 19:14:50 - battery_monitor - INFO - Drone 25: Batería 80%, Estado: DroneState.IDLE
2025-10-20 19:14:50 - battery_monitor - INFO - No se encontraron drones con batería baja en estado LOADING para actualizar
2025-10-20 19:15:07 - battery_monitor - INFO - Scheduler de monitoreo de batería cancelado
2025-10-20 19:15:07 - battery_monitor - INFO - Scheduler de monitoreo de batería detenido
2025-10-20 19:15:07 - battery_monitor - INFO - Monitor de batería detenido
2025-10-20 19:15:11 - battery_monitor - INFO - Monitor de batería iniciado. Verificando cada 30 segundos
2025-10-20 19:15:11 - battery_monitor - INFO - Iniciando scheduler asíncrono de monitoreo de batería
2025-10-20 19:15:11 - battery_monitor - INFO - Iniciando verificación de niveles de batería
2025-10-20 19:15:11 - battery_monitor - INFO - === REPORTE DE BATERÍA - 21 drones ===
2025-10-20 19:15:11 - battery_monitor - INFO - Drone 1: Batería 90%, Estado: DroneState.IDLE
2025-10-20 19:15:11 - battery_monitor - INFO - Drone 2: Batería 90%, Estado: DroneState.IDLE
2025-10-20 19:15:11 - battery_monitor - INFO - Drone DRN-HW-001: Batería 100%, Estado: DroneState.IDLE
2025-10-20 19:15:11 - battery_monitor - INFO - Drone DRN-MW-002: Batería 85%, Estado: DroneState.IDLE
2025-10-20 19:15:11 - battery_monitor - INFO - Drone DRN-LW-003: Batería 15%, Estado: DroneState.IDLE
2025-10-20 19:15:11 - battery_monitor - INFO - Drone DRN-CW-004: Batería 70%, Estado: DroneState.LOADING
2025-10-20 19:15:11 - battery_monitor - INFO - Drone DRN-MW-005: Batería 55%, Estado: DroneState.DELIVERING
2025-10-20 19:15:11 - battery_monitor - INFO - Drone DRN-HW-006: Batería 30%, Estado: DroneState.RETURNING
2025-10-20 19:15:11 - battery_monitor - INFO - Drone DRN-LW-007: Batería 25%, Estado: DroneState.IDLE
2025-10-20 19:15:11 - battery_monitor - INFO - Drone DRN-CW-008: Batería 95%, Estado: DroneState.IDLE
2025-10-20 19:15:11 - battery_monitor - INFO - Drone DRN-MW-009: Batería 40%, Estado: DroneState.LOADED
2025-10-20 19:15:11 - battery_monitor - INFO - Drone DRN-LW-010: Batería 100%, Estado: DroneState.DELIVERED
2025-10-20 19:15:11 - battery_monitor - INFO - Drone DRN-LW-011: Batería 20%, Estado: DroneState.RETURNING
2025-10-20 19:15:11 - battery_monitor - INFO - Drone 500: Batería 30%, Estado: DroneState.IDLE
2025-10-20 19:15:11 - battery_monitor - INFO - Drone DRN-001-XYZ: Batería 100%, Estado: DroneState.IDLE
2025-10-20 19:15:11 - battery_monitor - INFO - Drone 4: Batería 90%, Estado: DroneState.IDLE
2025-10-20 19:15:11 - battery_monitor - INFO - Drone 5: Batería 90%, Estado: DroneState.IDLE
2025-10-20 19:15:11 - battery_monitor - INFO - Drone 6: Batería 90%, Estado: DroneState.IDLE
2025-10-20 19:15:11 - battery_monitor - INFO - Drone 7: Batería 90%, Estado: DroneState.IDLE
2025-10-20 19:15:11 - battery_monitor - INFO - Drone 10: Batería 80%, Estado: DroneState.IDLE
2025-10-20 19:15:11 - battery_monitor - INFO - Drone 25: Batería 80%, Estado: DroneState.IDLE
2025-10-20 19:15:11 - battery_monitor - INFO - No se encontraron drones con batería baja en estado LOADING para actualizar
2025-10-20 19:15:25 - battery_monitor - INFO - Scheduler de monitoreo de batería cancelado
2025-10-20 19:15:25 - battery_monitor - INFO - Scheduler de monitoreo de batería detenido
2025-10-20 19:15:25 - battery_monitor - INFO - Monitor de batería detenido
2025-10-20 19:15:29 - battery_monitor - INFO - Monitor de batería iniciado. Verificando cada 30 segundos
2025-10-20 19:15:29 - battery_monitor - INFO - Iniciando scheduler asíncrono de monitoreo de batería
2025-10-20 19:15:29 - battery_monitor - INFO - Iniciando verificación de niveles de batería
2025-10-20 19:15:29 - battery_monitor - INFO - === REPORTE DE BATERÍA - 21 drones ===
2025-10-20 19:15:29 - battery_monitor - INFO - Drone 1: Batería 90%, Estado: DroneState.IDLE
2025-10-20 19:15:29 - battery_monitor - INFO - Drone 2: Batería 90%, Estado: DroneState.IDLE
2025-10-20 19:15:29 - battery_monitor - INFO - Drone DRN-HW-001: Batería 100%, Estado: DroneState.IDLE
2025-10-20 19:15:29 - battery_monitor - INFO - Drone DRN-MW-002: Batería 85%, Estado: DroneState.IDLE
2025-10-20 19:15:29 - battery_monitor - INFO - Drone DRN-LW-003: Batería 15%, Estado: DroneState.IDLE
2025-10-20 19:15:29 - battery_monitor - INFO - Drone DRN-CW-004: Batería 70%, Estado: DroneState.LOADING
2025-10-20 19:15:29 - battery_monitor - INFO - Drone DRN-MW-005: Batería 55%, Estado: DroneState.DELIVERING
2025-10-20 19:15:29 - battery_monitor - INFO - Drone DRN-HW-006: Batería 30%, Estado: DroneState.RETURNING
2025-10-20 19:15:29 - battery_monitor - INFO - Drone DRN-LW-007: Batería 25%, Estado: DroneState.IDLE
2025-10-20 19:15:29 - battery_monitor - INFO - Drone DRN-CW-008: Batería 95%, Estado: DroneState.IDLE
2025-10-20 19:15:29 - battery_monitor - INFO - Drone DRN-MW-009: Batería 40%, Estado: DroneState.LOADED
2025-10-20 19:15:29 - battery_monitor - INFO - Drone DRN-LW-010: Batería 100%, Estado: DroneState.DELIVERED
2025-10-20 19:15:29 - battery_monitor - INFO - Drone DRN-LW-011: Batería 20%, Estado: DroneState.RETURNING
2025-10-20 19:15:29 - battery_monitor - INFO - Drone 500: Batería 30%, Estado: DroneState.IDLE
2025-10-20 19:15:29 - battery_monitor - INFO - Drone DRN-001-XYZ: Batería 100%, Estado: DroneState.IDLE
2025-10-20 19:15:29 - battery_monitor - INFO - Drone 4: Batería 90%, Estado: DroneState.IDLE
2025-10-20 19:15:29 - battery_monitor - INFO - Drone 5: Batería 90%, Estado: DroneState.IDLE
2025-10-20 19:15:29 - battery_monitor - INFO - Drone 6: Batería 90%, Estado: DroneState.IDLE
2025-10-20 19:15:29 - battery_monitor - INFO - Drone 7: Batería 90%, Estado: DroneState.IDLE
2025-10-20 19:15:29 - battery_monitor - INFO - Drone 10: Batería 80%, Estado: DroneState.IDLE
2025-10-20 19:15:29 - battery_monitor - INFO - Drone 25: Batería 80%, Estado: DroneState.IDLE
2025-10-20 19:15:29 - battery_monitor - INFO - No se encontraron drones con batería baja en estado LOADING para actualizar
2025-10-20 19:15:59 - battery_monitor - INFO - Iniciando verificación de niveles de batería
2025-10-20 19:15:59 - battery_monitor - INFO - === REPORTE DE BATERÍA - 21 drones ===
2025-10-20 19:15:59 - battery_monitor - INFO - Drone 1: Batería 90%, Estado: DroneState.IDLE
2025-10-20 19:15:59 - battery_monitor - INFO - Drone 2: Batería 90%, Estado: DroneState.IDLE
2025-10-20 19:15:59 - battery_monitor - INFO - Drone DRN-HW-001: Batería 100%, Estado: DroneState.IDLE
2025-10-20 19:15:59 - battery_monitor - INFO - Drone DRN-MW-002: Batería 85%, Estado: DroneState.IDLE
2025-10-20 19:15:59 - battery_monitor - INFO - Drone DRN-LW-003: Batería 15%, Estado: DroneState.IDLE
2025-10-20 19:15:59 - battery_monitor - INFO - Drone DRN-CW-004: Batería 70%, Estado: DroneState.LOADING
2025-10-20 19:15:59 - battery_monitor - INFO - Drone DRN-MW-005: Batería 55%, Estado: DroneState.DELIVERING
2025-10-20 19:15:59 - battery_monitor - INFO - Drone DRN-HW-006: Batería 30%, Estado: DroneState.RETURNING
2025-10-20 19:15:59 - battery_monitor - INFO - Drone DRN-LW-007: Batería 25%, Estado: DroneState.IDLE
2025-10-20 19:15:59 - battery_monitor - INFO - Drone DRN-CW-008: Batería 95%, Estado: DroneState.IDLE
2025-10-20 19:15:59 - battery_monitor - INFO - Drone DRN-MW-009: Batería 40%, Estado: DroneState.LOADED
2025-10-20 19:15:59 - battery_monitor - INFO - Drone DRN-LW-010: Batería 100%, Estado: DroneState.DELIVERED
2025-10-20 19:15:59 - battery_monitor - INFO - Drone DRN-LW-011: Batería 20%, Estado: DroneState.RETURNING
2025-10-20 19:15:59 - battery_monitor - INFO - Drone 500: Batería 30%, Estado: DroneState.IDLE
2025-10-20 19:15:59 - battery_monitor - INFO - Drone DRN-001-XYZ: Batería 100%, Estado: DroneState.IDLE
2025-10-20 19:15:59 - battery_monitor - INFO - Drone 4: Batería 90%, Estado: DroneState.IDLE
2025-10-20 19:15:59 - battery_monitor - INFO - Drone 5: Batería 90%, Estado: DroneState.IDLE
2025-10-20 19:15:59 - battery_monitor - INFO - Drone 6: Batería 90%, Estado: DroneState.IDLE
2025-10-20 19:15:59 - battery_monitor - INFO - Drone 7: Batería 90%, Estado: DroneState.IDLE
2025-10-20 19:15:59 - battery_monitor - INFO - Drone 10: Batería 80%, Estado: DroneState.IDLE
2025-10-20 19:15:59 - battery_monitor - INFO - Drone 25: Batería 80%, Estado: DroneState.IDLE
2025-10-20 19:15:59 - battery_monitor - INFO - No se encontraron drones con batería baja en estado LOADING para actualizar
2025-10-20 19:16:29 - battery_monitor - INFO - Iniciando verificación de niveles de batería
2025-10-20 19:16:29 - battery_monitor - INFO - === REPORTE DE BATERÍA - 21 drones ===
2025-10-20 19:16:29 - battery_monitor - INFO - Drone 1: Batería 90%, Estado: DroneState.IDLE
2025-10-20 19:16:29 - battery_monitor - INFO - Drone 2: Batería 90%, Estado: DroneState.IDLE
2025-10-20 19:16:29 - battery_monitor - INFO - Drone DRN-HW-001: Batería 100%, Estado: DroneState.IDLE
2025-10-20 19:16:29 - battery_monitor - INFO - Drone DRN-MW-002: Batería 85%, Estado: DroneState.IDLE
2025-10-20 19:16:29 - battery_monitor - INFO - Drone DRN-LW-003: Batería 15%, Estado: DroneState.IDLE
2025-10-20 19:16:29 - battery_monitor - INFO - Drone DRN-CW-004: Batería 70%, Estado: DroneState.LOADING
2025-10-20 19:16:29 - battery_monitor - INFO - Drone DRN-MW-005: Batería 55%, Estado: DroneState.DELIVERING
2025-10-20 19:16:29 - battery_monitor - INFO - Drone DRN-HW-006: Batería 30%, Estado: DroneState.RETURNING
2025-10-20 19:16:29 - battery_monitor - INFO - Drone DRN-LW-007: Batería 25%, Estado: DroneState.IDLE
2025-10-20 19:16:29 - battery_monitor - INFO - Drone DRN-CW-008: Batería 95%, Estado: DroneState.IDLE
2025-10-20 19:16:29 - battery_monitor - INFO - Drone DRN-MW-009: Batería 40%, Estado: DroneState.LOADED
2025-10-20 19:16:29 - battery_monitor - INFO - Drone DRN-LW-010: Batería 100%, Estado: DroneState.DELIVERED
2025-10-20 19:16:29 - battery_monitor - INFO - Drone DRN-LW-011: Batería 20%, Estado: DroneState.RETURNING
2025-10-20 19:16:29 - battery_monitor - INFO - Drone 500: Batería 30%, Estado: DroneState.IDLE
2025-10-20 19:16:29 - battery_monitor - INFO - Drone DRN-001-XYZ: Batería 100%, Estado: DroneState.IDLE
2025-10-20 19:16:29 - battery_monitor - INFO - Drone 4: Batería 90%, Estado: DroneState.IDLE
2025-10-20 19:16:29 - battery_monitor - INFO - Drone 5: Batería 90%, Estado: DroneState.IDLE
2025-10-20 19:16:29 - battery_monitor - INFO - Drone 6: Batería 90%, Estado: DroneState.IDLE
2025-10-20 19:16:29 - battery_monitor - INFO - Drone 7: Batería 90%, Estado: DroneState.IDLE
2025-10-20 19:16:29 - battery_monitor - INFO - Drone 10: Batería 80%, Estado: DroneState.IDLE
2025-10-20 19:16:29 - battery_monitor - INFO - Drone 25: Batería 80%, Estado: DroneState.IDLE
2025-10-20 19:16:29 - battery_monitor - INFO - No se encontraron drones con batería baja en estado LOADING para actualizar
2025-10-20 19:16:59 - battery_monitor - INFO - Iniciando verificación de niveles de batería
2025-10-20 19:16:59 - battery_monitor - INFO - === REPORTE DE BATERÍA - 21 drones ===
2025-10-20 19:16:59 - battery_monitor - INFO - Drone 1: Batería 90%, Estado: DroneState.IDLE
2025-10-20 19:16:59 - battery_monitor - INFO - Drone 2: Batería 90%, Estado: DroneState.IDLE
2025-10-20 19:16:59 - battery_monitor - INFO - Drone DRN-HW-001: Batería 100%, Estado: DroneState.IDLE
2025-10-20 19:16:59 - battery_monitor - INFO - Drone DRN-MW-002: Batería 85%, Estado: DroneState.IDLE
2025-10-20 19:16:59 - battery_monitor - INFO - Drone DRN-LW-003: Batería 15%, Estado: DroneState.IDLE
2025-10-20 19:16:59 - battery_monitor - INFO - Drone DRN-CW-004: Batería 70%, Estado: DroneState.LOADING
2025-10-20 19:16:59 - battery_monitor - INFO - Drone DRN-MW-005: Batería 55%, Estado: DroneState.DELIVERING
2025-10-20 19:16:59 - battery_monitor - INFO - Drone DRN-HW-006: Batería 30%, Estado: DroneState.RETURNING
2025-10-20 19:16:59 - battery_monitor - INFO - Drone DRN-LW-007: Batería 25%, Estado: DroneState.IDLE
2025-10-20 19:16:59 - battery_monitor - INFO - Drone DRN-CW-008: Batería 95%, Estado: DroneState.IDLE
2025-10-20 19:16:59 - battery_monitor - INFO - Drone DRN-MW-009: Batería 40%, Estado: DroneState.LOADED
2025-10-20 19:16:59 - battery_monitor - INFO - Drone DRN-LW-010: Batería 100%, Estado: DroneState.DELIVERED
2025-10-20 19:16:59 - battery_monitor - INFO - Drone DRN-LW-011: Batería 20%, Estado: DroneState.RETURNING
2025-10-20 19:16:59 - battery_monitor - INFO - Drone 500: Batería 30%, Estado: DroneState.IDLE
2025-10-20 19:16:59 - battery_monitor - INFO - Drone DRN-001-XYZ: Batería 100%, Estado: DroneState.IDLE
2025-10-20 19:16:59 - battery_monitor - INFO - Drone 4: Batería 90%, Estado: DroneState.IDLE
2025-10-20 19:16:59 - battery_monitor - INFO - Drone 5: Batería 90%, Estado: DroneState.IDLE
2025-10-20 19:16:59 - battery_monitor - INFO - Drone 6: Batería 90%, Estado: DroneState.IDLE
2025-10-20 19:16:59 - battery_monitor - INFO - Drone 7: Batería 90%, Estado: DroneState.IDLE
2025-10-20 19:16:59 - battery_monitor - INFO - Drone 10: Batería 80%, Estado: DroneState.IDLE
2025-10-20 19:16:59 - battery_monitor - INFO - Drone 25: Batería 80%, Estado: DroneState.IDLE
2025-10-20 19:16:59 - battery_monitor - INFO - No se encontraron drones con batería baja en estado LOADING para actualizar
2025-10-20 19:17:29 - battery_monitor - INFO - Iniciando verificación de niveles de batería
2025-10-20 19:17:29 - battery_monitor - INFO - === REPORTE DE BATERÍA - 21 drones ===
2025-10-20 19:17:29 - battery_monitor - INFO - Drone 1: Batería 90%, Estado: DroneState.IDLE
2025-10-20 19:17:29 - battery_monitor - INFO - Drone 2: Batería 90%, Estado: DroneState.IDLE
2025-10-20 19:17:29 - battery_monitor - INFO - Drone DRN-HW-001: Batería 100%, Estado: DroneState.IDLE
2025-10-20 19:17:29 - battery_monitor - INFO - Drone DRN-MW-002: Batería 85%, Estado: DroneState.IDLE
2025-10-20 19:17:29 - battery_monitor - INFO - Drone DRN-LW-003: Batería 15%, Estado: DroneState.IDLE
2025-10-20 19:17:29 - battery_monitor - INFO - Drone DRN-CW-004: Batería 70%, Estado: DroneState.LOADING
2025-10-20 19:17:29 - battery_monitor - INFO - Drone DRN-MW-005: Batería 55%, Estado: DroneState.DELIVERING
2025-10-20 19:17:29 - battery_monitor - INFO - Drone DRN-HW-006: Batería 30%, Estado: DroneState.RETURNING
2025-10-20 19:17:29 - battery_monitor - INFO - Drone DRN-LW-007: Batería 25%, Estado: DroneState.IDLE
2025-10-20 19:17:29 - battery_monitor - INFO - Drone DRN-CW-008: Batería 95%, Estado: DroneState.IDLE
2025-10-20 19:17:29 - battery_monitor - INFO - Drone DRN-MW-009: Batería 40%, Estado: DroneState.LOADED
2025-10-20 19:17:29 - battery_monitor - INFO - Drone DRN-LW-010: Batería 100%, Estado: DroneState.DELIVERED
2025-10-20 19:17:29 - battery_monitor - INFO - Drone DRN-LW-011: Batería 20%, Estado: DroneState.RETURNING
2025-10-20 19:17:29 - battery_monitor - INFO - Drone 500: Batería 30%, Estado: DroneState.IDLE
2025-10-20 19:17:29 - battery_monitor - INFO - Drone DRN-001-XYZ: Batería 100%, Estado: DroneState.IDLE
2025-10-20 19:17:29 - battery_monitor - INFO - Drone 4: Batería 90%, Estado: DroneState.IDLE
2025-10-20 19:17:29 - battery_monitor - INFO - Drone 5: Batería 90%, Estado: DroneState.IDLE
2025-10-20 19:17:29 - battery_monitor - INFO - Drone 6: Batería 90%, Estado: DroneState.IDLE
2025-10-20 19:17:29 - battery_monitor - INFO - Drone 7: Batería 90%, Estado: DroneState.IDLE
2025-10-20 19:17:29 - battery_monitor - INFO - Drone 10: Batería 80%, Estado: DroneState.IDLE
2025-10-20 19:17:29 - battery_monitor - INFO - Drone 25: Batería 80%, Estado: DroneState.IDLE
2025-10-20 19:17:29 - battery_monitor - INFO - No se encontraron drones con batería baja en estado LOADING para actualizar
2025-10-20 19:17:59 - battery_monitor - INFO - Iniciando verificación de niveles de batería
2025-10-20 19:17:59 - battery_monitor - INFO - === REPORTE DE BATERÍA - 21 drones ===
2025-10-20 19:17:59 - battery_monitor - INFO - Drone 1: Batería 90%, Estado: DroneState.IDLE
2025-10-20 19:17:59 - battery_monitor - INFO - Drone 2: Batería 90%, Estado: DroneState.IDLE
2025-10-20 19:17:59 - battery_monitor - INFO - Drone DRN-HW-001: Batería 100%, Estado: DroneState.IDLE
2025-10-20 19:17:59 - battery_monitor - INFO - Drone DRN-MW-002: Batería 85%, Estado: DroneState.IDLE
2025-10-20 19:17:59 - battery_monitor - INFO - Drone DRN-LW-003: Batería 15%, Estado: DroneState.IDLE
2025-10-20 19:17:59 - battery_monitor - INFO - Drone DRN-CW-004: Batería 70%, Estado: DroneState.LOADING
2025-10-20 19:17:59 - battery_monitor - INFO - Drone DRN-MW-005: Batería 55%, Estado: DroneState.DELIVERING
2025-10-20 19:17:59 - battery_monitor - INFO - Drone DRN-HW-006: Batería 30%, Estado: DroneState.RETURNING
2025-10-20 19:17:59 - battery_monitor - INFO - Drone DRN-LW-007: Batería 25%, Estado: DroneState.IDLE
2025-10-20 19:17:59 - battery_monitor - INFO - Drone DRN-CW-008: Batería 95%, Estado: DroneState.IDLE
2025-10-20 19:17:59 - battery_monitor - INFO - Drone DRN-MW-009: Batería 40%, Estado: DroneState.LOADED
2025-10-20 19:17:59 - battery_monitor - INFO - Drone DRN-LW-010: Batería 100%, Estado: DroneState.DELIVERED
2025-10-20 19:17:59 - battery_monitor - INFO - Drone DRN-LW-011: Batería 20%, Estado: DroneState.RETURNING
2025-10-20 19:17:59 - battery_monitor - INFO - Drone 500: Batería 30%, Estado: DroneState.IDLE
2025-10-20 19:17:59 - battery_monitor - INFO - Drone DRN-001-XYZ: Batería 100%, Estado: DroneState.IDLE
2025-10-20 19:17:59 - battery_monitor - INFO - Drone 4: Batería 90%, Estado: DroneState.IDLE
2025-10-20 19:17:59 - battery_monitor - INFO - Drone 5: Batería 90%, Estado: DroneState.IDLE
2025-10-20 19:17:59 - battery_monitor - INFO - Drone 6: Batería 90%, Estado: DroneState.IDLE
2025-10-20 19:17:59 - battery_monitor - INFO - Drone 7: Batería 90%, Estado: DroneState.IDLE
2025-10-20 19:17:59 - battery_monitor - INFO - Drone 10: Batería 80%, Estado: DroneState.IDLE
2025-10-20 19:17:59 - battery_monitor - INFO - Drone 25: Batería 80%, Estado: DroneState.IDLE
2025-10-20 19:17:59 - battery_monitor - INFO - No se encontraron drones con batería baja en estado LOADING para actualizar
2025-10-20 19:18:29 - battery_monitor - INFO - Iniciando verificación de niveles de batería
2025-10-20 19:18:29 - battery_monitor - INFO - === REPORTE DE BATERÍA - 21 drones ===
2025-10-20 19:18:29 - battery_monitor - INFO - Drone 1: Batería 90%, Estado: DroneState.IDLE
2025-10-20 19:18:29 - battery_monitor - INFO - Drone 2: Batería 90%, Estado: DroneState.IDLE
2025-10-20 19:18:29 - battery_monitor - INFO - Drone DRN-HW-001: Batería 100%, Estado: DroneState.IDLE
2025-10-20 19:18:29 - battery_monitor - INFO - Drone DRN-MW-002: Batería 85%, Estado: DroneState.IDLE
2025-10-20 19:18:29 - battery_monitor - INFO - Drone DRN-LW-003: Batería 15%, Estado: DroneState.IDLE
2025-10-20 19:18:29 - battery_monitor - INFO - Drone DRN-CW-004: Batería 70%, Estado: DroneState.LOADING
2025-10-20 19:18:29 - battery_monitor - INFO - Drone DRN-MW-005: Batería 55%, Estado: DroneState.DELIVERING
2025-10-20 19:18:29 - battery_monitor - INFO - Drone DRN-HW-006: Batería 30%, Estado: DroneState.RETURNING
2025-10-20 19:18:29 - battery_monitor - INFO - Drone DRN-LW-007: Batería 25%, Estado: DroneState.IDLE
2025-10-20 19:18:29 - battery_monitor - INFO - Drone DRN-CW-008: Batería 95%, Estado: DroneState.IDLE
2025-10-20 19:18:29 - battery_monitor - INFO - Drone DRN-MW-009: Batería 40%, Estado: DroneState.LOADED
2025-10-20 19:18:29 - battery_monitor - INFO - Drone DRN-LW-010: Batería 100%, Estado: DroneState.DELIVERED
2025-10-20 19:18:29 - battery_monitor - INFO - Drone DRN-LW-011: Batería 20%, Estado: DroneState.RETURNING
2025-10-20 19:18:29 - battery_monitor - INFO - Drone 500: Batería 30%, Estado: DroneState.IDLE
2025-10-20 19:18:29 - battery_monitor - INFO - Drone DRN-001-XYZ: Batería 100%, Estado: DroneState.IDLE
2025-10-20 19:18:29 - battery_monitor - INFO - Drone 4: Batería 90%, Estado: DroneState.IDLE
2025-10-20 19:18:29 - battery_monitor - INFO - Drone 5: Batería 90%, Estado: DroneState.IDLE
2025-10-20 19:18:29 - battery_monitor - INFO - Drone 6: Batería 90%, Estado: DroneState.IDLE
2025-10-20 19:18:29 - battery_monitor - INFO - Drone 7: Batería 90%, Estado: DroneState.IDLE
2025-10-20 19:18:29 - battery_monitor - INFO - Drone 10: Batería 80%, Estado: DroneState.IDLE
2025-10-20 19:18:29 - battery_monitor - INFO - Drone 25: Batería 80%, Estado: DroneState.IDLE
2025-10-20 19:18:29 - battery_monitor - INFO - No se encontraron drones con batería baja en estado LOADING para actualizar
2025-10-20 19:18:59 - battery_monitor - INFO - Iniciando verificación de niveles de batería
2025-10-20 19:18:59 - battery_monitor - INFO - === REPORTE DE BATERÍA - 21 drones ===
2025-10-20 19:18:59 - battery_monitor - INFO - Drone 1: Batería 90%, Estado: DroneState.IDLE
2025-10-20 19:18:59 - battery_monitor - INFO - Drone 2: Batería 90%, Estado: DroneState.IDLE
2025-10-20 19:18:59 - battery_monitor - INFO - Drone DRN-HW-001: Batería 100%, Estado: DroneState.IDLE
2025-10-20 19:18:59 - battery_monitor - INFO - Drone DRN-MW-002: Batería 85%, Estado: DroneState.IDLE
2025-10-20 19:18:59 - battery_monitor - INFO - Drone DRN-LW-003: Batería 15%, Estado: DroneState.IDLE
2025-10-20 19:18:59 - battery_monitor - INFO - Drone DRN-CW-004: Batería 70%, Estado: DroneState.LOADING
2025-10-20 19:18:59 - battery_monitor - INFO - Drone DRN-MW-005: Batería 55%, Estado: DroneState.DELIVERING
2025-10-20 19:18:59 - battery_monitor - INFO - Drone DRN-HW-006: Batería 30%, Estado: DroneState.RETURNING
2025-10-20 19:18:59 - battery_monitor - INFO - Drone DRN-LW-007: Batería 25%, Estado: DroneState.IDLE
2025-10-20 19:18:59 - battery_monitor - INFO - Drone DRN-CW-008: Batería 95%, Estado: DroneState.IDLE
2025-10-20 19:18:59 - battery_monitor - INFO - Drone DRN-MW-009: Batería 40%, Estado: DroneState.LOADED
2025-10-20 19:18:59 - battery_monitor - INFO - Drone DRN-LW-010: Batería 100%, Estado: DroneState.DELIVERED
2025-10-20 19:18:59 - battery_monitor - INFO - Drone DRN-LW-011: Batería 20%, Estado: DroneState.RETURNING
2025-10-20 19:18:59 - battery_monitor - INFO - Drone 500: Batería 30%, Estado: DroneState.IDLE
2025-10-20 19:18:59 - battery_monitor - INFO - Drone DRN-001-XYZ: Batería 100%, Estado: DroneState.IDLE
2025-10-20 19:18:59 - battery_monitor - INFO - Drone 4: Batería 90%, Estado: DroneState.IDLE
2025-10-20 19:18:59 - battery_monitor - INFO - Drone 5: Batería 90%, Estado: DroneState.IDLE
2025-10-20 19:18:59 - battery_monitor - INFO - Drone 6: Batería 90%, Estado: DroneState.IDLE
2025-10-20 19:18:59 - battery_monitor - INFO - Drone 7: Batería 90%, Estado: DroneState.IDLE
2025-10-20 19:18:59 - battery_monitor - INFO - Drone 10: Batería 80%, Estado: DroneState.IDLE
2025-10-20 19:18:59 - battery_monitor - INFO - Drone 25: Batería 80%, Estado: DroneState.IDLE
2025-10-20 19:18:59 - battery_monitor - INFO - No se encontraron drones con batería baja en estado LOADING para actualizar
2025-10-20 19:19:29 - battery_monitor - INFO - Iniciando verificación de niveles de batería
2025-10-20 19:19:29 - battery_monitor - INFO - === REPORTE DE BATERÍA - 21 drones ===
2025-10-20 19:19:29 - battery_monitor - INFO - Drone 1: Batería 90%, Estado: DroneState.IDLE
2025-10-20 19:19:29 - battery_monitor - INFO - Drone 2: Batería 90%, Estado: DroneState.IDLE
2025-10-20 19:19:29 - battery_monitor - INFO - Drone DRN-HW-001: Batería 100%, Estado: DroneState.IDLE
2025-10-20 19:19:29 - battery_monitor - INFO - Drone DRN-MW-002: Batería 85%, Estado: DroneState.IDLE
2025-10-20 19:19:29 - battery_monitor - INFO - Drone DRN-LW-003: Batería 15%, Estado: DroneState.IDLE
2025-10-20 19:19:29 - battery_monitor - INFO - Drone DRN-CW-004: Batería 70%, Estado: DroneState.LOADING
2025-10-20 19:19:29 - battery_monitor - INFO - Drone DRN-MW-005: Batería 55%, Estado: DroneState.DELIVERING
2025-10-20 19:19:29 - battery_monitor - INFO - Drone DRN-HW-006: Batería 30%, Estado: DroneState.RETURNING
2025-10-20 19:19:29 - battery_monitor - INFO - Drone DRN-LW-007: Batería 25%, Estado: DroneState.IDLE
2025-10-20 19:19:29 - battery_monitor - INFO - Drone DRN-CW-008: Batería 95%, Estado: DroneState.IDLE
2025-10-20 19:19:29 - battery_monitor - INFO - Drone DRN-MW-009: Batería 40%, Estado: DroneState.LOADED
2025-10-20 19:19:29 - battery_monitor - INFO - Drone DRN-LW-010: Batería 100%, Estado: DroneState.DELIVERED
2025-10-20 19:19:29 - battery_monitor - INFO - Drone DRN-LW-011: Batería 20%, Estado: DroneState.RETURNING
2025-10-20 19:19:29 - battery_monitor - INFO - Drone 500: Batería 30%, Estado: DroneState.IDLE
2025-10-20 19:19:29 - battery_monitor - INFO - Drone DRN-001-XYZ: Batería 100%, Estado: DroneState.IDLE
2025-10-20 19:19:29 - battery_monitor - INFO - Drone 4: Batería 90%, Estado: DroneState.IDLE
2025-10-20 19:19:29 - battery_monitor - INFO - Drone 5: Batería 90%, Estado: DroneState.IDLE
2025-10-20 19:19:29 - battery_monitor - INFO - Drone 6: Batería 90%, Estado: DroneState.IDLE
2025-10-20 19:19:29 - battery_monitor - INFO - Drone 7: Batería 90%, Estado: DroneState.IDLE
2025-10-20 19:19:29 - battery_monitor - INFO - Drone 10: Batería 80%, Estado: DroneState.IDLE
2025-10-20 19:19:29 - battery_monitor - INFO - Drone 25: Batería 80%, Estado: DroneState.IDLE
2025-10-20 19:19:29 - battery_monitor - INFO - No se encontraron drones con batería baja en estado LOADING para actualizar
2025-10-20 19:19:59 - battery_monitor - INFO - Iniciando verificación de niveles de batería
2025-10-20 19:19:59 - battery_monitor - INFO - === REPORTE DE BATERÍA - 21 drones ===
2025-10-20 19:19:59 - battery_monitor - INFO - Drone 1: Batería 90%, Estado: DroneState.IDLE
2025-10-20 19:19:59 - battery_monitor - INFO - Drone 2: Batería 90%, Estado: DroneState.IDLE
2025-10-20 19:19:59 - battery_monitor - INFO - Drone DRN-HW-001: Batería 100%, Estado: DroneState.IDLE
2025-10-20 19:19:59 - battery_monitor - INFO - Drone DRN-MW-002: Batería 85%, Estado: DroneState.IDLE
2025-10-20 19:19:59 - battery_monitor - INFO - Drone DRN-LW-003: Batería 15%, Estado: DroneState.IDLE
2025-10-20 19:19:59 - battery_monitor - INFO - Drone DRN-CW-004: Batería 70%, Estado: DroneState.LOADING
2025-10-20 19:19:59 - battery_monitor - INFO - Drone DRN-MW-005: Batería 55%, Estado: DroneState.DELIVERING
2025-10-20 19:19:59 - battery_monitor - INFO - Drone DRN-HW-006: Batería 30%, Estado: DroneState.RETURNING
2025-10-20 19:19:59 - battery_monitor - INFO - Drone DRN-LW-007: Batería 25%, Estado: DroneState.IDLE
2025-10-20 19:19:59 - battery_monitor - INFO - Drone DRN-CW-008: Batería 95%, Estado: DroneState.IDLE
2025-10-20 19:19:59 - battery_monitor - INFO - Drone DRN-MW-009: Batería 40%, Estado: DroneState.LOADED
2025-10-20 19:19:59 - battery_monitor - INFO - Drone DRN-LW-010: Batería 100%, Estado: DroneState.DELIVERED
2025-10-20 19:19:59 - battery_monitor - INFO - Drone DRN-LW-011: Batería 20%, Estado: DroneState.RETURNING
2025-10-20 19:19:59 - battery_monitor - INFO - Drone 500: Batería 30%, Estado: DroneState.IDLE
2025-10-20 19:19:59 - battery_monitor - INFO - Drone DRN-001-XYZ: Batería 100%, Estado: DroneState.IDLE
2025-10-20 19:19:59 - battery_monitor - INFO - Drone 4: Batería 90%, Estado: DroneState.IDLE
2025-10-20 19:19:59 - battery_monitor - INFO - Drone 5: Batería 90%, Estado: DroneState.IDLE
2025-10-20 19:19:59 - battery_monitor - INFO - Drone 6: Batería 90%, Estado: DroneState.IDLE
2025-10-20 19:19:59 - battery_monitor - INFO - Drone 7: Batería 90%, Estado: DroneState.IDLE
2025-10-20 19:19:59 - battery_monitor - INFO - Drone 10: Batería 80%, Estado: DroneState.IDLE
2025-10-20 19:19:59 - battery_monitor - INFO - Drone 25: Batería 80%, Estado: DroneState.IDLE
2025-10-20 19:19:59 - battery_monitor - INFO - No se encontraron drones con batería baja en estado LOADING para actualizar
2025-10-20 19:20:29 - battery_monitor - INFO - Iniciando verificación de niveles de batería
2025-10-20 19:20:29 - battery_monitor - INFO - === REPORTE DE BATERÍA - 21 drones ===
2025-10-20 19:20:29 - battery_monitor - INFO - Drone 1: Batería 90%, Estado: DroneState.IDLE
2025-10-20 19:20:29 - battery_monitor - INFO - Drone 2: Batería 90%, Estado: DroneState.IDLE
2025-10-20 19:20:29 - battery_monitor - INFO - Drone DRN-HW-001: Batería 100%, Estado: DroneState.IDLE
2025-10-20 19:20:29 - battery_monitor - INFO - Drone DRN-MW-002: Batería 85%, Estado: DroneState.IDLE
2025-10-20 19:20:29 - battery_monitor - INFO - Drone DRN-LW-003: Batería 15%, Estado: DroneState.IDLE
2025-10-20 19:20:29 - battery_monitor - INFO - Drone DRN-CW-004: Batería 70%, Estado: DroneState.LOADING
2025-10-20 19:20:29 - battery_monitor - INFO - Drone DRN-MW-005: Batería 55%, Estado: DroneState.DELIVERING
2025-10-20 19:20:29 - battery_monitor - INFO - Drone DRN-HW-006: Batería 30%, Estado: DroneState.RETURNING
2025-10-20 19:20:29 - battery_monitor - INFO - Drone DRN-LW-007: Batería 25%, Estado: DroneState.IDLE
2025-10-20 19:20:29 - battery_monitor - INFO - Drone DRN-CW-008: Batería 95%, Estado: DroneState.IDLE
2025-10-20 19:20:29 - battery_monitor - INFO - Drone DRN-MW-009: Batería 40%, Estado: DroneState.LOADED
2025-10-20 19:20:29 - battery_monitor - INFO - Drone DRN-LW-010: Batería 100%, Estado: DroneState.DELIVERED
2025-10-20 19:20:29 - battery_monitor - INFO - Drone DRN-LW-011: Batería 20%, Estado: DroneState.RETURNING
2025-10-20 19:20:29 - battery_monitor - INFO - Drone 500: Batería 30%, Estado: DroneState.IDLE
2025-10-20 19:20:29 - battery_monitor - INFO - Drone DRN-001-XYZ: Batería 100%, Estado: DroneState.IDLE
2025-10-20 19:20:29 - battery_monitor - INFO - Drone 4: Batería 90%, Estado: DroneState.IDLE
2025-10-20 19:20:29 - battery_monitor - INFO - Drone 5: Batería 90%, Estado: DroneState.IDLE
2025-10-20 19:20:29 - battery_monitor - INFO - Drone 6: Batería 90%, Estado: DroneState.IDLE
2025-10-20 19:20:29 - battery_monitor - INFO - Drone 7: Batería 90%, Estado: DroneState.IDLE
2025-10-20 19:20:29 - battery_monitor - INFO - Drone 10: Batería 80%, Estado: DroneState.IDLE
2025-10-20 19:20:29 - battery_monitor - INFO - Drone 25: Batería 80%, Estado: DroneState.IDLE
2025-10-20 19:20:29 - battery_monitor - INFO - No se encontraron drones con batería baja en estado LOADING para actualizar
2025-10-20 19:20:59 - battery_monitor - INFO - Iniciando verificación de niveles de batería
2025-10-20 19:20:59 - battery_monitor - INFO - === REPORTE DE BATERÍA - 21 drones ===
2025-10-20 19:20:59 - battery_monitor - INFO - Drone 1: Batería 90%, Estado: DroneState.IDLE
2025-10-20 19:20:59 - battery_monitor - INFO - Drone 2: Batería 90%, Estado: DroneState.IDLE
2025-10-20 19:20:59 - battery_monitor - INFO - Drone DRN-HW-001: Batería 100%, Estado: DroneState.IDLE
2025-10-20 19:20:59 - battery_monitor - INFO - Drone DRN-MW-002: Batería 85%, Estado: DroneState.IDLE
2025-10-20 19:20:59 - battery_monitor - INFO - Drone DRN-LW-003: Batería 15%, Estado: DroneState.IDLE
2025-10-20 19:20:59 - battery_monitor - INFO - Drone DRN-CW-004: Batería 70%, Estado: DroneState.LOADING
2025-10-20 19:20:59 - battery_monitor - INFO - Drone DRN-MW-005: Batería 55%, Estado: DroneState.DELIVERING
2025-10-20 19:20:59 - battery_monitor - INFO - Drone DRN-HW-006: Batería 30%, Estado: DroneState.RETURNING
2025-10-20 19:20:59 - battery_monitor - INFO - Drone DRN-LW-007: Batería 25%, Estado: DroneState.IDLE
2025-10-20 19:20:59 - battery_monitor - INFO - Drone DRN-CW-008: Batería 95%, Estado: DroneState.IDLE
2025-10-20 19:20:59 - battery_monitor - INFO - Drone DRN-MW-009: Batería 40%, Estado: DroneState.LOADED
2025-10-20 19:20:59 - battery_monitor - INFO - Drone DRN-LW-010: Batería 100%, Estado: DroneState.DELIVERED
2025-10-20 19:20:59 - battery_monitor - INFO - Drone DRN-LW-011: Batería 20%, Estado: DroneState.RETURNING
2025-10-20 19:20:59 - battery_monitor - INFO - Drone 500: Batería 30%, Estado: DroneState.IDLE
2025-10-20 19:20:59 - battery_monitor - INFO - Drone DRN-001-XYZ: Batería 100%, Estado: DroneState.IDLE
2025-10-20 19:20:59 - battery_monitor - INFO - Drone 4: Batería 90%, Estado: DroneState.IDLE
2025-10-20 19:20:59 - battery_monitor - INFO - Drone 5: Batería 90%, Estado: DroneState.IDLE
2025-10-20 19:20:59 - battery_monitor - INFO - Drone 6: Batería 90%, Estado: DroneState.IDLE
2025-10-20 19:20:59 - battery_monitor - INFO - Drone 7: Batería 90%, Estado: DroneState.IDLE
2025-10-20 19:20:59 - battery_monitor - INFO - Drone 10: Batería 80%, Estado: DroneState.IDLE
2025-10-20 19:20:59 - battery_monitor - INFO - Drone 25: Batería 80%, Estado: DroneState.IDLE
2025-10-20 19:20:59 - battery_monitor - INFO - No se encontraron drones con batería baja en estado LOADING para actualizar
2025-10-20 19:21:04 - battery_monitor - INFO - Scheduler de monitoreo de batería cancelado
2025-10-20 19:21:04 - battery_monitor - INFO - Scheduler de monitoreo de batería detenido
2025-10-20 19:21:04 - battery_monitor - INFO - Monitor de batería detenido
2025-10-20 19:21:07 - battery_monitor - INFO - Monitor de batería iniciado. Verificando cada 30 segundos
2025-10-20 19:21:07 - battery_monitor - INFO - Iniciando scheduler asíncrono de monitoreo de batería
2025-10-20 19:21:07 - battery_monitor - INFO - Iniciando verificación de niveles de batería
2025-10-20 19:21:07 - battery_monitor - INFO - === REPORTE DE BATERÍA - 21 drones ===
2025-10-20 19:21:07 - battery_monitor - INFO - Drone 1: Batería 90%, Estado: DroneState.IDLE
2025-10-20 19:21:07 - battery_monitor - INFO - Drone 2: Batería 90%, Estado: DroneState.IDLE
2025-10-20 19:21:07 - battery_monitor - INFO - Drone DRN-HW-001: Batería 100%, Estado: DroneState.IDLE
2025-10-20 19:21:07 - battery_monitor - INFO - Drone DRN-MW-002: Batería 85%, Estado: DroneState.IDLE
2025-10-20 19:21:07 - battery_monitor - INFO - Drone DRN-LW-003: Batería 15%, Estado: DroneState.IDLE
2025-10-20 19:21:07 - battery_monitor - INFO - Drone DRN-CW-004: Batería 70%, Estado: DroneState.LOADING
2025-10-20 19:21:07 - battery_monitor - INFO - Drone DRN-MW-005: Batería 55%, Estado: DroneState.DELIVERING
2025-10-20 19:21:07 - battery_monitor - INFO - Drone DRN-HW-006: Batería 30%, Estado: DroneState.RETURNING
2025-10-20 19:21:07 - battery_monitor - INFO - Drone DRN-LW-007: Batería 25%, Estado: DroneState.IDLE
2025-10-20 19:21:07 - battery_monitor - INFO - Drone DRN-CW-008: Batería 95%, Estado: DroneState.IDLE
2025-10-20 19:21:07 - battery_monitor - INFO - Drone DRN-MW-009: Batería 40%, Estado: DroneState.LOADED
2025-10-20 19:21:07 - battery_monitor - INFO - Drone DRN-LW-010: Batería 100%, Estado: DroneState.DELIVERED
2025-10-20 19:21:07 - battery_monitor - INFO - Drone DRN-LW-011: Batería 20%, Estado: DroneState.RETURNING
2025-10-20 19:21:07 - battery_monitor - INFO - Drone 500: Batería 30%, Estado: DroneState.IDLE
2025-10-20 19:21:07 - battery_monitor - INFO - Drone DRN-001-XYZ: Batería 100%, Estado: DroneState.IDLE
2025-10-20 19:21:07 - battery_monitor - INFO - Drone 4: Batería 90%, Estado: DroneState.IDLE
2025-10-20 19:21:07 - battery_monitor - INFO - Drone 5: Batería 90%, Estado: DroneState.IDLE
2025-10-20 19:21:07 - battery_monitor - INFO - Drone 6: Batería 90%, Estado: DroneState.IDLE
2025-10-20 19:21:07 - battery_monitor - INFO - Drone 7: Batería 90%, Estado: DroneState.IDLE
2025-10-20 19:21:07 - battery_monitor - INFO - Drone 10: Batería 80%, Estado: DroneState.IDLE
2025-10-20 19:21:07 - battery_monitor - INFO - Drone 25: Batería 80%, Estado: DroneState.IDLE
2025-10-20 19:21:07 - battery_monitor - INFO - No se encontraron drones con batería baja en estado LOADING para actualizar
2025-10-20 19:21:37 - battery_monitor - INFO - Iniciando verificación de niveles de batería
2025-10-20 19:21:37 - battery_monitor - INFO - === REPORTE DE BATERÍA - 21 drones ===
2025-10-20 19:21:37 - battery_monitor - INFO - Drone 1: Batería 90%, Estado: DroneState.IDLE
2025-10-20 19:21:37 - battery_monitor - INFO - Drone 2: Batería 90%, Estado: DroneState.IDLE
2025-10-20 19:21:37 - battery_monitor - INFO - Drone DRN-HW-001: Batería 100%, Estado: DroneState.IDLE
2025-10-20 19:21:37 - battery_monitor - INFO - Drone DRN-MW-002: Batería 85%, Estado: DroneState.IDLE
2025-10-20 19:21:37 - battery_monitor - INFO - Drone DRN-LW-003: Batería 15%, Estado: DroneState.IDLE
2025-10-20 19:21:37 - battery_monitor - INFO - Drone DRN-CW-004: Batería 70%, Estado: DroneState.LOADING
2025-10-20 19:21:37 - battery_monitor - INFO - Drone DRN-MW-005: Batería 55%, Estado: DroneState.DELIVERING
2025-10-20 19:21:37 - battery_monitor - INFO - Drone DRN-HW-006: Batería 30%, Estado: DroneState.RETURNING
2025-10-20 19:21:37 - battery_monitor - INFO - Drone DRN-LW-007: Batería 25%, Estado: DroneState.IDLE
2025-10-20 19:21:37 - battery_monitor - INFO - Drone DRN-CW-008: Batería 95%, Estado: DroneState.IDLE
2025-10-20 19:21:37 - battery_monitor - INFO - Drone DRN-MW-009: Batería 40%, Estado: DroneState.LOADED
2025-10-20 19:21:37 - battery_monitor - INFO - Drone DRN-LW-010: Batería 100%, Estado: DroneState.DELIVERED
2025-10-20 19:21:37 - battery_monitor - INFO - Drone DRN-LW-011: Batería 20%, Estado: DroneState.RETURNING
2025-10-20 19:21:37 - battery_monitor - INFO - Drone 500: Batería 30%, Estado: DroneState.IDLE
2025-10-20 19:21:37 - battery_monitor - INFO - Drone DRN-001-XYZ: Batería 100%, Estado: DroneState.IDLE
2025-10-20 19:21:37 - battery_monitor - INFO - Drone 4: Batería 90%, Estado: DroneState.IDLE
2025-10-20 19:21:37 - battery_monitor - INFO - Drone 5: Batería 90%, Estado: DroneState.IDLE
2025-10-20 19:21:37 - battery_monitor - INFO - Drone 6: Batería 90%, Estado: DroneState.IDLE
2025-10-20 19:21:37 - battery_monitor - INFO - Drone 7: Batería 90%, Estado: DroneState.IDLE
2025-10-20 19:21:37 - battery_monitor - INFO - Drone 10: Batería 80%, Estado: DroneState.IDLE
2025-10-20 19:21:37 - battery_monitor - INFO - Drone 25: Batería 80%, Estado: DroneState.IDLE
2025-10-20 19:21:37 - battery_monitor - INFO - No se encontraron drones con batería baja en estado LOADING para actualizar
2025-10-20 19:22:07 - battery_monitor - INFO - Iniciando verificación de niveles de batería
2025-10-20 19:22:07 - battery_monitor - INFO - === REPORTE DE BATERÍA - 21 drones ===
2025-10-20 19:22:07 - battery_monitor - INFO - Drone 1: Batería 90%, Estado: DroneState.IDLE
2025-10-20 19:22:07 - battery_monitor - INFO - Drone 2: Batería 90%, Estado: DroneState.IDLE
2025-10-20 19:22:07 - battery_monitor - INFO - Drone DRN-HW-001: Batería 100%, Estado: DroneState.IDLE
2025-10-20 19:22:07 - battery_monitor - INFO - Drone DRN-MW-002: Batería 85%, Estado: DroneState.IDLE
2025-10-20 19:22:07 - battery_monitor - INFO - Drone DRN-LW-003: Batería 15%, Estado: DroneState.IDLE
2025-10-20 19:22:07 - battery_monitor - INFO - Drone DRN-CW-004: Batería 70%, Estado: DroneState.LOADING
2025-10-20 19:22:07 - battery_monitor - INFO - Drone DRN-MW-005: Batería 55%, Estado: DroneState.DELIVERING
2025-10-20 19:22:07 - battery_monitor - INFO - Drone DRN-HW-006: Batería 30%, Estado: DroneState.RETURNING
2025-10-20 19:22:07 - battery_monitor - INFO - Drone DRN-LW-007: Batería 25%, Estado: DroneState.IDLE
2025-10-20 19:22:07 - battery_monitor - INFO - Drone DRN-CW-008: Batería 95%, Estado: DroneState.IDLE
2025-10-20 19:22:07 - battery_monitor - INFO - Drone DRN-MW-009: Batería 40%, Estado: DroneState.LOADED
2025-10-20 19:22:07 - battery_monitor - INFO - Drone DRN-LW-010: Batería 100%, Estado: DroneState.DELIVERED
2025-10-20 19:22:07 - battery_monitor - INFO - Drone DRN-LW-011: Batería 20%, Estado: DroneState.RETURNING
2025-10-20 19:22:07 - battery_monitor - INFO - Drone 500: Batería 30%, Estado: DroneState.IDLE
2025-10-20 19:22:07 - battery_monitor - INFO - Drone DRN-001-XYZ: Batería 100%, Estado: DroneState.IDLE
2025-10-20 19:22:07 - battery_monitor - INFO - Drone 4: Batería 90%, Estado: DroneState.IDLE
2025-10-20 19:22:07 - battery_monitor - INFO - Drone 5: Batería 90%, Estado: DroneState.IDLE
2025-10-20 19:22:07 - battery_monitor - INFO - Drone 6: Batería 90%, Estado: DroneState.IDLE
2025-10-20 19:22:07 - battery_monitor - INFO - Drone 7: Batería 90%, Estado: DroneState.IDLE
2025-10-20 19:22:07 - battery_monitor - INFO - Drone 10: Batería 80%, Estado: DroneState.IDLE
2025-10-20 19:22:07 - battery_monitor - INFO - Drone 25: Batería 80%, Estado: DroneState.IDLE
2025-10-20 19:22:07 - battery_monitor - INFO - No se encontraron drones con batería baja en estado LOADING para actualizar
2025-10-20 19:22:37 - battery_monitor - INFO - Iniciando verificación de niveles de batería
2025-10-20 19:22:37 - battery_monitor - INFO - === REPORTE DE BATERÍA - 21 drones ===
2025-10-20 19:22:37 - battery_monitor - INFO - Drone 1: Batería 90%, Estado: DroneState.IDLE
2025-10-20 19:22:37 - battery_monitor - INFO - Drone 2: Batería 90%, Estado: DroneState.IDLE
2025-10-20 19:22:37 - battery_monitor - INFO - Drone DRN-HW-001: Batería 100%, Estado: DroneState.IDLE
2025-10-20 19:22:37 - battery_monitor - INFO - Drone DRN-MW-002: Batería 85%, Estado: DroneState.IDLE
2025-10-20 19:22:37 - battery_monitor - INFO - Drone DRN-LW-003: Batería 15%, Estado: DroneState.IDLE
2025-10-20 19:22:37 - battery_monitor - INFO - Drone DRN-CW-004: Batería 70%, Estado: DroneState.LOADING
2025-10-20 19:22:37 - battery_monitor - INFO - Drone DRN-MW-005: Batería 55%, Estado: DroneState.DELIVERING
2025-10-20 19:22:37 - battery_monitor - INFO - Drone DRN-HW-006: Batería 30%, Estado: DroneState.RETURNING
2025-10-20 19:22:37 - battery_monitor - INFO - Drone DRN-LW-007: Batería 25%, Estado: DroneState.IDLE
2025-10-20 19:22:37 - battery_monitor - INFO - Drone DRN-CW-008: Batería 95%, Estado: DroneState.IDLE
2025-10-20 19:22:37 - battery_monitor - INFO - Drone DRN-MW-009: Batería 40%, Estado: DroneState.LOADED
2025-10-20 19:22:37 - battery_monitor - INFO - Drone DRN-LW-010: Batería 100%, Estado: DroneState.DELIVERED
2025-10-20 19:22:37 - battery_monitor - INFO - Drone DRN-LW-011: Batería 20%, Estado: DroneState.RETURNING
2025-10-20 19:22:37 - battery_monitor - INFO - Drone 500: Batería 30%, Estado: DroneState.IDLE
2025-10-20 19:22:37 - battery_monitor - INFO - Drone DRN-001-XYZ: Batería 100%, Estado: DroneState.IDLE
2025-10-20 19:22:37 - battery_monitor - INFO - Drone 4: Batería 90%, Estado: DroneState.IDLE
2025-10-20 19:22:37 - battery_monitor - INFO - Drone 5: Batería 90%, Estado: DroneState.IDLE
2025-10-20 19:22:37 - battery_monitor - INFO - Drone 6: Batería 90%, Estado: DroneState.IDLE
2025-10-20 19:22:37 - battery_monitor - INFO - Drone 7: Batería 90%, Estado: DroneState.IDLE
2025-10-20 19:22:37 - battery_monitor - INFO - Drone 10: Batería 80%, Estado: DroneState.IDLE
2025-10-20 19:22:37 - battery_monitor - INFO - Drone 25: Batería 80%, Estado: DroneState.IDLE
2025-10-20 19:22:37 - battery_monitor - INFO - No se encontraron drones con batería baja en estado LOADING para actualizar
2025-10-20 19:23:07 - battery_monitor - INFO - Iniciando verificación de niveles de batería
2025-10-20 19:23:07 - battery_monitor - INFO - === REPORTE DE BATERÍA - 21 drones ===
2025-10-20 19:23:07 - battery_monitor - INFO - Drone 1: Batería 90%, Estado: DroneState.IDLE
2025-10-20 19:23:07 - battery_monitor - INFO - Drone 2: Batería 90%, Estado: DroneState.IDLE
2025-10-20 19:23:07 - battery_monitor - INFO - Drone DRN-HW-001: Batería 100%, Estado: DroneState.IDLE
2025-10-20 19:23:07 - battery_monitor - INFO - Drone DRN-MW-002: Batería 85%, Estado: DroneState.IDLE
2025-10-20 19:23:07 - battery_monitor - INFO - Drone DRN-LW-003: Batería 15%, Estado: DroneState.IDLE
2025-10-20 19:23:07 - battery_monitor - INFO - Drone DRN-CW-004: Batería 70%, Estado: DroneState.LOADING
2025-10-20 19:23:07 - battery_monitor - INFO - Drone DRN-MW-005: Batería 55%, Estado: DroneState.DELIVERING
2025-10-20 19:23:07 - battery_monitor - INFO - Drone DRN-HW-006: Batería 30%, Estado: DroneState.RETURNING
2025-10-20 19:23:07 - battery_monitor - INFO - Drone DRN-LW-007: Batería 25%, Estado: DroneState.IDLE
2025-10-20 19:23:07 - battery_monitor - INFO - Drone DRN-CW-008: Batería 95%, Estado: DroneState.IDLE
2025-10-20 19:23:07 - battery_monitor - INFO - Drone DRN-MW-009: Batería 40%, Estado: DroneState.LOADED
2025-10-20 19:23:07 - battery_monitor - INFO - Drone DRN-LW-010: Batería 100%, Estado: DroneState.DELIVERED
2025-10-20 19:23:07 - battery_monitor - INFO - Drone DRN-LW-011: Batería 20%, Estado: DroneState.RETURNING
2025-10-20 19:23:07 - battery_monitor - INFO - Drone 500: Batería 30%, Estado: DroneState.IDLE
2025-10-20 19:23:07 - battery_monitor - INFO - Drone DRN-001-XYZ: Batería 100%, Estado: DroneState.IDLE
2025-10-20 19:23:07 - battery_monitor - INFO - Drone 4: Batería 90%, Estado: DroneState.IDLE
2025-10-20 19:23:07 - battery_monitor - INFO - Drone 5: Batería 90%, Estado: DroneState.IDLE
2025-10-20 19:23:07 - battery_monitor - INFO - Drone 6: Batería 90%, Estado: DroneState.IDLE
2025-10-20 19:23:07 - battery_monitor - INFO - Drone 7: Batería 90%, Estado: DroneState.IDLE
2025-10-20 19:23:07 - battery_monitor - INFO - Drone 10: Batería 80%, Estado: DroneState.IDLE
2025-10-20 19:23:07 - battery_monitor - INFO - Drone 25: Batería 80%, Estado: DroneState.IDLE
2025-10-20 19:23:07 - battery_monitor - INFO - No se encontraron drones con batería baja en estado LOADING para actualizar
2025-10-20 19:23:37 - battery_monitor - INFO - Iniciando verificación de niveles de batería
2025-10-20 19:23:37 - battery_monitor - INFO - === REPORTE DE BATERÍA - 21 drones ===
2025-10-20 19:23:37 - battery_monitor - INFO - Drone 1: Batería 90%, Estado: DroneState.IDLE
2025-10-20 19:23:37 - battery_monitor - INFO - Drone 2: Batería 90%, Estado: DroneState.IDLE
2025-10-20 19:23:37 - battery_monitor - INFO - Drone DRN-HW-001: Batería 100%, Estado: DroneState.IDLE
2025-10-20 19:23:37 - battery_monitor - INFO - Drone DRN-MW-002: Batería 85%, Estado: DroneState.IDLE
2025-10-20 19:23:37 - battery_monitor - INFO - Drone DRN-LW-003: Batería 15%, Estado: DroneState.IDLE
2025-10-20 19:23:37 - battery_monitor - INFO - Drone DRN-CW-004: Batería 70%, Estado: DroneState.LOADING
2025-10-20 19:23:37 - battery_monitor - INFO - Drone DRN-MW-005: Batería 55%, Estado: DroneState.DELIVERING
2025-10-20 19:23:37 - battery_monitor - INFO - Drone DRN-HW-006: Batería 30%, Estado: DroneState.RETURNING
2025-10-20 19:23:37 - battery_monitor - INFO - Drone DRN-LW-007: Batería 25%, Estado: DroneState.IDLE
2025-10-20 19:23:37 - battery_monitor - INFO - Drone DRN-CW-008: Batería 95%, Estado: DroneState.IDLE
2025-10-20 19:23:37 - battery_monitor - INFO - Drone DRN-MW-009: Batería 40%, Estado: DroneState.LOADED
2025-10-20 19:23:37 - battery_monitor - INFO - Drone DRN-LW-010: Batería 100%, Estado: DroneState.DELIVERED
2025-10-20 19:23:37 - battery_monitor - INFO - Drone DRN-LW-011: Batería 20%, Estado: DroneState.RETURNING
2025-10-20 19:23:37 - battery_monitor - INFO - Drone 500: Batería 30%, Estado: DroneState.IDLE
2025-10-20 19:23:37 - battery_monitor - INFO - Drone DRN-001-XYZ: Batería 100%, Estado: DroneState.IDLE
2025-10-20 19:23:37 - battery_monitor - INFO - Drone 4: Batería 90%, Estado: DroneState.IDLE
2025-10-20 19:23:37 - battery_monitor - INFO - Drone 5: Batería 90%, Estado: DroneState.IDLE
2025-10-20 19:23:37 - battery_monitor - INFO - Drone 6: Batería 90%, Estado: DroneState.IDLE
2025-10-20 19:23:37 - battery_monitor - INFO - Drone 7: Batería 90%, Estado: DroneState.IDLE
2025-10-20 19:23:37 - battery_monitor - INFO - Drone 10: Batería 80%, Estado: DroneState.IDLE
2025-10-20 19:23:37 - battery_monitor - INFO - Drone 25: Batería 80%, Estado: DroneState.IDLE
2025-10-20 19:23:37 - battery_monitor - INFO - No se encontraron drones con batería baja en estado LOADING para actualizar
2025-10-20 19:24:07 - battery_monitor - INFO - Iniciando verificación de niveles de batería
2025-10-20 19:24:07 - battery_monitor - INFO - === REPORTE DE BATERÍA - 21 drones ===
2025-10-20 19:24:07 - battery_monitor - INFO - Drone 1: Batería 90%, Estado: DroneState.IDLE
2025-10-20 19:24:07 - battery_monitor - INFO - Drone 2: Batería 90%, Estado: DroneState.IDLE
2025-10-20 19:24:07 - battery_monitor - INFO - Drone DRN-HW-001: Batería 100%, Estado: DroneState.IDLE
2025-10-20 19:24:07 - battery_monitor - INFO - Drone DRN-MW-002: Batería 85%, Estado: DroneState.IDLE
2025-10-20 19:24:07 - battery_monitor - INFO - Drone DRN-LW-003: Batería 15%, Estado: DroneState.IDLE
2025-10-20 19:24:07 - battery_monitor - INFO - Drone DRN-CW-004: Batería 70%, Estado: DroneState.LOADING
2025-10-20 19:24:07 - battery_monitor - INFO - Drone DRN-MW-005: Batería 55%, Estado: DroneState.DELIVERING
2025-10-20 19:24:07 - battery_monitor - INFO - Drone DRN-HW-006: Batería 30%, Estado: DroneState.RETURNING
2025-10-20 19:24:07 - battery_monitor - INFO - Drone DRN-LW-007: Batería 25%, Estado: DroneState.IDLE
2025-10-20 19:24:07 - battery_monitor - INFO - Drone DRN-CW-008: Batería 95%, Estado: DroneState.IDLE
2025-10-20 19:24:07 - battery_monitor - INFO - Drone DRN-MW-009: Batería 40%, Estado: DroneState.LOADED
2025-10-20 19:24:07 - battery_monitor - INFO - Drone DRN-LW-010: Batería 100%, Estado: DroneState.DELIVERED
2025-10-20 19:24:07 - battery_monitor - INFO - Drone DRN-LW-011: Batería 20%, Estado: DroneState.RETURNING
2025-10-20 19:24:07 - battery_monitor - INFO - Drone 500: Batería 30%, Estado: DroneState.IDLE
2025-10-20 19:24:07 - battery_monitor - INFO - Drone DRN-001-XYZ: Batería 100%, Estado: DroneState.IDLE
2025-10-20 19:24:07 - battery_monitor - INFO - Drone 4: Batería 90%, Estado: DroneState.IDLE
2025-10-20 19:24:07 - battery_monitor - INFO - Drone 5: Batería 90%, Estado: DroneState.IDLE
2025-10-20 19:24:07 - battery_monitor - INFO - Drone 6: Batería 90%, Estado: DroneState.IDLE
2025-10-20 19:24:07 - battery_monitor - INFO - Drone 7: Batería 90%, Estado: DroneState.IDLE
2025-10-20 19:24:07 - battery_monitor - INFO - Drone 10: Batería 80%, Estado: DroneState.IDLE
2025-10-20 19:24:07 - battery_monitor - INFO - Drone 25: Batería 80%, Estado: DroneState.IDLE
2025-10-20 19:24:07 - battery_monitor - INFO - No se encontraron drones con batería baja en estado LOADING para actualizar
2025-10-20 19:24:37 - battery_monitor - INFO - Iniciando verificación de niveles de batería
2025-10-20 19:24:37 - battery_monitor - INFO - === REPORTE DE BATERÍA - 21 drones ===
2025-10-20 19:24:37 - battery_monitor - INFO - Drone 1: Batería 90%, Estado: DroneState.IDLE
2025-10-20 19:24:37 - battery_monitor - INFO - Drone 2: Batería 90%, Estado: DroneState.IDLE
2025-10-20 19:24:37 - battery_monitor - INFO - Drone DRN-HW-001: Batería 100%, Estado: DroneState.IDLE
2025-10-20 19:24:37 - battery_monitor - INFO - Drone DRN-MW-002: Batería 85%, Estado: DroneState.IDLE
2025-10-20 19:24:37 - battery_monitor - INFO - Drone DRN-LW-003: Batería 15%, Estado: DroneState.IDLE
2025-10-20 19:24:37 - battery_monitor - INFO - Drone DRN-CW-004: Batería 70%, Estado: DroneState.LOADING
2025-10-20 19:24:37 - battery_monitor - INFO - Drone DRN-MW-005: Batería 55%, Estado: DroneState.DELIVERING
2025-10-20 19:24:37 - battery_monitor - INFO - Drone DRN-HW-006: Batería 30%, Estado: DroneState.RETURNING
2025-10-20 19:24:37 - battery_monitor - INFO - Drone DRN-LW-007: Batería 25%, Estado: DroneState.IDLE
2025-10-20 19:24:37 - battery_monitor - INFO - Drone DRN-CW-008: Batería 95%, Estado: DroneState.IDLE
2025-10-20 19:24:37 - battery_monitor - INFO - Drone DRN-MW-009: Batería 40%, Estado: DroneState.LOADED
2025-10-20 19:24:37 - battery_monitor - INFO - Drone DRN-LW-010: Batería 100%, Estado: DroneState.DELIVERED
2025-10-20 19:24:37 - battery_monitor - INFO - Drone DRN-LW-011: Batería 20%, Estado: DroneState.RETURNING
2025-10-20 19:24:37 - battery_monitor - INFO - Drone 500: Batería 30%, Estado: DroneState.IDLE
2025-10-20 19:24:37 - battery_monitor - INFO - Drone DRN-001-XYZ: Batería 100%, Estado: DroneState.IDLE
2025-10-20 19:24:37 - battery_monitor - INFO - Drone 4: Batería 90%, Estado: DroneState.IDLE
2025-10-20 19:24:37 - battery_monitor - INFO - Drone 5: Batería 90%, Estado: DroneState.IDLE
2025-10-20 19:24:37 - battery_monitor - INFO - Drone 6: Batería 90%, Estado: DroneState.IDLE
2025-10-20 19:24:37 - battery_monitor - INFO - Drone 7: Batería 90%, Estado: DroneState.IDLE
2025-10-20 19:24:37 - battery_monitor - INFO - Drone 10: Batería 80%, Estado: DroneState.IDLE
2025-10-20 19:24:37 - battery_monitor - INFO - Drone 25: Batería 80%, Estado: DroneState.IDLE
2025-10-20 19:24:37 - battery_monitor - INFO - No se encontraron drones con batería baja en estado LOADING para actualizar
2025-10-20 19:25:07 - battery_monitor - INFO - Iniciando verificación de niveles de batería
2025-10-20 19:25:07 - battery_monitor - INFO - === REPORTE DE BATERÍA - 21 drones ===
2025-10-20 19:25:07 - battery_monitor - INFO - Drone 1: Batería 90%, Estado: DroneState.IDLE
2025-10-20 19:25:07 - battery_monitor - INFO - Drone 2: Batería 90%, Estado: DroneState.IDLE
2025-10-20 19:25:07 - battery_monitor - INFO - Drone DRN-HW-001: Batería 100%, Estado: DroneState.IDLE
2025-10-20 19:25:07 - battery_monitor - INFO - Drone DRN-MW-002: Batería 85%, Estado: DroneState.IDLE
2025-10-20 19:25:07 - battery_monitor - INFO - Drone DRN-LW-003: Batería 15%, Estado: DroneState.IDLE
2025-10-20 19:25:07 - battery_monitor - INFO - Drone DRN-CW-004: Batería 70%, Estado: DroneState.LOADING
2025-10-20 19:25:07 - battery_monitor - INFO - Drone DRN-MW-005: Batería 55%, Estado: DroneState.DELIVERING
2025-10-20 19:25:07 - battery_monitor - INFO - Drone DRN-HW-006: Batería 30%, Estado: DroneState.RETURNING
2025-10-20 19:25:07 - battery_monitor - INFO - Drone DRN-LW-007: Batería 25%, Estado: DroneState.IDLE
2025-10-20 19:25:07 - battery_monitor - INFO - Drone DRN-CW-008: Batería 95%, Estado: DroneState.IDLE
2025-10-20 19:25:07 - battery_monitor - INFO - Drone DRN-MW-009: Batería 40%, Estado: DroneState.LOADED
2025-10-20 19:25:07 - battery_monitor - INFO - Drone DRN-LW-010: Batería 100%, Estado: DroneState.DELIVERED
2025-10-20 19:25:07 - battery_monitor - INFO - Drone DRN-LW-011: Batería 20%, Estado: DroneState.RETURNING
2025-10-20 19:25:07 - battery_monitor - INFO - Drone 500: Batería 30%, Estado: DroneState.IDLE
2025-10-20 19:25:07 - battery_monitor - INFO - Drone DRN-001-XYZ: Batería 100%, Estado: DroneState.IDLE
2025-10-20 19:25:07 - battery_monitor - INFO - Drone 4: Batería 90%, Estado: DroneState.IDLE
2025-10-20 19:25:07 - battery_monitor - INFO - Drone 5: Batería 90%, Estado: DroneState.IDLE
2025-10-20 19:25:07 - battery_monitor - INFO - Drone 6: Batería 90%, Estado: DroneState.IDLE
2025-10-20 19:25:07 - battery_monitor - INFO - Drone 7: Batería 90%, Estado: DroneState.IDLE
2025-10-20 19:25:07 - battery_monitor - INFO - Drone 10: Batería 80%, Estado: DroneState.IDLE
2025-10-20 19:25:07 - battery_monitor - INFO - Drone 25: Batería 80%, Estado: DroneState.IDLE
2025-10-20 19:25:07 - battery_monitor - INFO - No se encontraron drones con batería baja en estado LOADING para actualizar
2025-10-20 19:25:37 - battery_monitor - INFO - Iniciando verificación de niveles de batería
2025-10-20 19:25:37 - battery_monitor - INFO - === REPORTE DE BATERÍA - 21 drones ===
2025-10-20 19:25:37 - battery_monitor - INFO - Drone 1: Batería 90%, Estado: DroneState.IDLE
2025-10-20 19:25:37 - battery_monitor - INFO - Drone 2: Batería 90%, Estado: DroneState.IDLE
2025-10-20 19:25:37 - battery_monitor - INFO - Drone DRN-HW-001: Batería 100%, Estado: DroneState.IDLE
2025-10-20 19:25:37 - battery_monitor - INFO - Drone DRN-MW-002: Batería 85%, Estado: DroneState.IDLE
2025-10-20 19:25:37 - battery_monitor - INFO - Drone DRN-LW-003: Batería 15%, Estado: DroneState.IDLE
2025-10-20 19:25:37 - battery_monitor - INFO - Drone DRN-CW-004: Batería 70%, Estado: DroneState.LOADING
2025-10-20 19:25:37 - battery_monitor - INFO - Drone DRN-MW-005: Batería 55%, Estado: DroneState.DELIVERING
2025-10-20 19:25:37 - battery_monitor - INFO - Drone DRN-HW-006: Batería 30%, Estado: DroneState.RETURNING
2025-10-20 19:25:37 - battery_monitor - INFO - Drone DRN-LW-007: Batería 25%, Estado: DroneState.IDLE
2025-10-20 19:25:37 - battery_monitor - INFO - Drone DRN-CW-008: Batería 95%, Estado: DroneState.IDLE
2025-10-20 19:25:37 - battery_monitor - INFO - Drone DRN-MW-009: Batería 40%, Estado: DroneState.LOADED
2025-10-20 19:25:37 - battery_monitor - INFO - Drone DRN-LW-010: Batería 100%, Estado: DroneState.DELIVERED
2025-10-20 19:25:37 - battery_monitor - INFO - Drone DRN-LW-011: Batería 20%, Estado: DroneState.RETURNING
2025-10-20 19:25:37 - battery_monitor - INFO - Drone 500: Batería 30%, Estado: DroneState.IDLE
2025-10-20 19:25:37 - battery_monitor - INFO - Drone DRN-001-XYZ: Batería 100%, Estado: DroneState.IDLE
2025-10-20 19:25:37 - battery_monitor - INFO - Drone 4: Batería 90%, Estado: DroneState.IDLE
2025-10-20 19:25:37 - battery_monitor - INFO - Drone 5: Batería 90%, Estado: DroneState.IDLE
2025-10-20 19:25:37 - battery_monitor - INFO - Drone 6: Batería 90%, Estado: DroneState.IDLE
2025-10-20 19:25:37 - battery_monitor - INFO - Drone 7: Batería 90%, Estado: DroneState.IDLE
2025-10-20 19:25:37 - battery_monitor - INFO - Drone 10: Batería 80%, Estado: DroneState.IDLE
2025-10-20 19:25:37 - battery_monitor - INFO - Drone 25: Batería 80%, Estado: DroneState.IDLE
2025-10-20 19:25:37 - battery_monitor - INFO - No se encontraron drones con batería baja en estado LOADING para actualizar
2025-10-20 19:26:07 - battery_monitor - INFO - Iniciando verificación de niveles de batería
2025-10-20 19:26:07 - battery_monitor - INFO - === REPORTE DE BATERÍA - 21 drones ===
2025-10-20 19:26:07 - battery_monitor - INFO - Drone 1: Batería 90%, Estado: DroneState.IDLE
2025-10-20 19:26:07 - battery_monitor - INFO - Drone 2: Batería 90%, Estado: DroneState.IDLE
2025-10-20 19:26:07 - battery_monitor - INFO - Drone DRN-HW-001: Batería 100%, Estado: DroneState.IDLE
2025-10-20 19:26:07 - battery_monitor - INFO - Drone DRN-MW-002: Batería 85%, Estado: DroneState.IDLE
2025-10-20 19:26:07 - battery_monitor - INFO - Drone DRN-LW-003: Batería 15%, Estado: DroneState.IDLE
2025-10-20 19:26:07 - battery_monitor - INFO - Drone DRN-CW-004: Batería 70%, Estado: DroneState.LOADING
2025-10-20 19:26:07 - battery_monitor - INFO - Drone DRN-MW-005: Batería 55%, Estado: DroneState.DELIVERING
2025-10-20 19:26:07 - battery_monitor - INFO - Drone DRN-HW-006: Batería 30%, Estado: DroneState.RETURNING
2025-10-20 19:26:07 - battery_monitor - INFO - Drone DRN-LW-007: Batería 25%, Estado: DroneState.IDLE
2025-10-20 19:26:07 - battery_monitor - INFO - Drone DRN-CW-008: Batería 95%, Estado: DroneState.IDLE
2025-10-20 19:26:07 - battery_monitor - INFO - Drone DRN-MW-009: Batería 40%, Estado: DroneState.LOADED
2025-10-20 19:26:07 - battery_monitor - INFO - Drone DRN-LW-010: Batería 100%, Estado: DroneState.DELIVERED
2025-10-20 19:26:07 - battery_monitor - INFO - Drone DRN-LW-011: Batería 20%, Estado: DroneState.RETURNING
2025-10-20 19:26:07 - battery_monitor - INFO - Drone 500: Batería 30%, Estado: DroneState.IDLE
2025-10-20 19:26:07 - battery_monitor - INFO - Drone DRN-001-XYZ: Batería 100%, Estado: DroneState.IDLE
2025-10-20 19:26:07 - battery_monitor - INFO - Drone 4: Batería 90%, Estado: DroneState.IDLE
2025-10-20 19:26:07 - battery_monitor - INFO - Drone 5: Batería 90%, Estado: DroneState.IDLE
2025-10-20 19:26:07 - battery_monitor - INFO - Drone 6: Batería 90%, Estado: DroneState.IDLE
2025-10-20 19:26:07 - battery_monitor - INFO - Drone 7: Batería 90%, Estado: DroneState.IDLE
2025-10-20 19:26:07 - battery_monitor - INFO - Drone 10: Batería 80%, Estado: DroneState.IDLE
2025-10-20 19:26:07 - battery_monitor - INFO - Drone 25: Batería 80%, Estado: DroneState.IDLE
2025-10-20 19:26:07 - battery_monitor - INFO - No se encontraron drones con batería baja en estado LOADING para actualizar
2025-10-20 19:26:37 - battery_monitor - INFO - Iniciando verificación de niveles de batería
2025-10-20 19:26:37 - battery_monitor - INFO - === REPORTE DE BATERÍA - 21 drones ===
2025-10-20 19:26:37 - battery_monitor - INFO - Drone 1: Batería 90%, Estado: DroneState.IDLE
2025-10-20 19:26:37 - battery_monitor - INFO - Drone 2: Batería 90%, Estado: DroneState.IDLE
2025-10-20 19:26:37 - battery_monitor - INFO - Drone DRN-HW-001: Batería 100%, Estado: DroneState.IDLE
2025-10-20 19:26:37 - battery_monitor - INFO - Drone DRN-MW-002: Batería 85%, Estado: DroneState.IDLE
2025-10-20 19:26:37 - battery_monitor - INFO - Drone DRN-LW-003: Batería 15%, Estado: DroneState.IDLE
2025-10-20 19:26:37 - battery_monitor - INFO - Drone DRN-CW-004: Batería 70%, Estado: DroneState.LOADING
2025-10-20 19:26:37 - battery_monitor - INFO - Drone DRN-MW-005: Batería 55%, Estado: DroneState.DELIVERING
2025-10-20 19:26:37 - battery_monitor - INFO - Drone DRN-HW-006: Batería 30%, Estado: DroneState.RETURNING
2025-10-20 19:26:37 - battery_monitor - INFO - Drone DRN-LW-007: Batería 25%, Estado: DroneState.IDLE
2025-10-20 19:26:37 - battery_monitor - INFO - Drone DRN-CW-008: Batería 95%, Estado: DroneState.IDLE
2025-10-20 19:26:37 - battery_monitor - INFO - Drone DRN-MW-009: Batería 40%, Estado: DroneState.LOADED
2025-10-20 19:26:37 - battery_monitor - INFO - Drone DRN-LW-010: Batería 100%, Estado: DroneState.DELIVERED
2025-10-20 19:26:37 - battery_monitor - INFO - Drone DRN-LW-011: Batería 20%, Estado: DroneState.RETURNING
2025-10-20 19:26:37 - battery_monitor - INFO - Drone 500: Batería 30%, Estado: DroneState.IDLE
2025-10-20 19:26:37 - battery_monitor - INFO - Drone DRN-001-XYZ: Batería 100%, Estado: DroneState.IDLE
2025-10-20 19:26:37 - battery_monitor - INFO - Drone 4: Batería 90%, Estado: DroneState.IDLE
2025-10-20 19:26:37 - battery_monitor - INFO - Drone 5: Batería 90%, Estado: DroneState.IDLE
2025-10-20 19:26:37 - battery_monitor - INFO - Drone 6: Batería 90%, Estado: DroneState.IDLE
2025-10-20 19:26:37 - battery_monitor - INFO - Drone 7: Batería 90%, Estado: DroneState.IDLE
2025-10-20 19:26:37 - battery_monitor - INFO - Drone 10: Batería 80%, Estado: DroneState.IDLE
2025-10-20 19:26:37 - battery_monitor - INFO - Drone 25: Batería 80%, Estado: DroneState.IDLE
2025-10-20 19:26:37 - battery_monitor - INFO - No se encontraron drones con batería baja en estado LOADING para actualizar
2025-10-20 19:26:47 - battery_monitor - INFO - Scheduler de monitoreo de batería cancelado
2025-10-20 19:26:47 - battery_monitor - INFO - Scheduler de monitoreo de batería detenido
2025-10-20 19:26:47 - battery_monitor - INFO - Monitor de batería detenido
2025-10-20 19:26:50 - battery_monitor - INFO - Monitor de batería iniciado. Verificando cada 30 segundos
2025-10-20 19:26:50 - battery_monitor - INFO - Iniciando scheduler asíncrono de monitoreo de batería
2025-10-20 19:26:50 - battery_monitor - INFO - Iniciando verificación de niveles de batería
2025-10-20 19:26:50 - battery_monitor - INFO - === REPORTE DE BATERÍA - 21 drones ===
2025-10-20 19:26:50 - battery_monitor - INFO - Drone 1: Batería 90%, Estado: DroneState.IDLE
2025-10-20 19:26:50 - battery_monitor - INFO - Drone 2: Batería 90%, Estado: DroneState.IDLE
2025-10-20 19:26:50 - battery_monitor - INFO - Drone DRN-HW-001: Batería 100%, Estado: DroneState.IDLE
2025-10-20 19:26:50 - battery_monitor - INFO - Drone DRN-MW-002: Batería 85%, Estado: DroneState.IDLE
2025-10-20 19:26:50 - battery_monitor - INFO - Drone DRN-LW-003: Batería 15%, Estado: DroneState.IDLE
2025-10-20 19:26:50 - battery_monitor - INFO - Drone DRN-CW-004: Batería 70%, Estado: DroneState.LOADING
2025-10-20 19:26:50 - battery_monitor - INFO - Drone DRN-MW-005: Batería 55%, Estado: DroneState.DELIVERING
2025-10-20 19:26:50 - battery_monitor - INFO - Drone DRN-HW-006: Batería 30%, Estado: DroneState.RETURNING
2025-10-20 19:26:50 - battery_monitor - INFO - Drone DRN-LW-007: Batería 25%, Estado: DroneState.IDLE
2025-10-20 19:26:50 - battery_monitor - INFO - Drone DRN-CW-008: Batería 95%, Estado: DroneState.IDLE
2025-10-20 19:26:50 - battery_monitor - INFO - Drone DRN-MW-009: Batería 40%, Estado: DroneState.LOADED
2025-10-20 19:26:50 - battery_monitor - INFO - Drone DRN-LW-010: Batería 100%, Estado: DroneState.DELIVERED
2025-10-20 19:26:50 - battery_monitor - INFO - Drone DRN-LW-011: Batería 20%, Estado: DroneState.RETURNING
2025-10-20 19:26:50 - battery_monitor - INFO - Drone 500: Batería 30%, Estado: DroneState.IDLE
2025-10-20 19:26:50 - battery_monitor - INFO - Drone DRN-001-XYZ: Batería 100%, Estado: DroneState.IDLE
2025-10-20 19:26:50 - battery_monitor - INFO - Drone 4: Batería 90%, Estado: DroneState.IDLE
2025-10-20 19:26:50 - battery_monitor - INFO - Drone 5: Batería 90%, Estado: DroneState.IDLE
2025-10-20 19:26:50 - battery_monitor - INFO - Drone 6: Batería 90%, Estado: DroneState.IDLE
2025-10-20 19:26:50 - battery_monitor - INFO - Drone 7: Batería 90%, Estado: DroneState.IDLE
2025-10-20 19:26:50 - battery_monitor - INFO - Drone 10: Batería 80%, Estado: DroneState.IDLE
2025-10-20 19:26:50 - battery_monitor - INFO - Drone 25: Batería 80%, Estado: DroneState.IDLE
2025-10-20 19:26:50 - battery_monitor - INFO - No se encontraron drones con batería baja en estado LOADING para actualizar
2025-10-20 19:26:52 - battery_monitor - INFO - Scheduler de monitoreo de batería cancelado
2025-10-20 19:26:52 - battery_monitor - INFO - Scheduler de monitoreo de batería detenido
2025-10-20 19:26:52 - battery_monitor - INFO - Monitor de batería detenido
2025-10-20 19:26:55 - battery_monitor - INFO - Monitor de batería iniciado. Verificando cada 30 segundos
2025-10-20 19:26:55 - battery_monitor - INFO - Iniciando scheduler asíncrono de monitoreo de batería
2025-10-20 19:26:55 - battery_monitor - INFO - Iniciando verificación de niveles de batería
2025-10-20 19:26:55 - battery_monitor - INFO - Scheduler de monitoreo de batería cancelado
2025-10-20 19:26:55 - battery_monitor - INFO - Scheduler de monitoreo de batería detenido
2025-10-20 19:26:55 - battery_monitor - INFO - Monitor de batería detenido
2025-10-20 19:26:58 - battery_monitor - INFO - Monitor de batería iniciado. Verificando cada 30 segundos
2025-10-20 19:26:58 - battery_monitor - INFO - Iniciando scheduler asíncrono de monitoreo de batería
2025-10-20 19:26:58 - battery_monitor - INFO - Iniciando verificación de niveles de batería
2025-10-20 19:26:58 - battery_monitor - INFO - === REPORTE DE BATERÍA - 21 drones ===
2025-10-20 19:26:58 - battery_monitor - INFO - Drone 1: Batería 90%, Estado: DroneState.IDLE
2025-10-20 19:26:58 - battery_monitor - INFO - Drone 2: Batería 90%, Estado: DroneState.IDLE
2025-10-20 19:26:58 - battery_monitor - INFO - Drone DRN-HW-001: Batería 100%, Estado: DroneState.IDLE
2025-10-20 19:26:58 - battery_monitor - INFO - Drone DRN-MW-002: Batería 85%, Estado: DroneState.IDLE
2025-10-20 19:26:58 - battery_monitor - INFO - Drone DRN-LW-003: Batería 15%, Estado: DroneState.IDLE
2025-10-20 19:26:58 - battery_monitor - INFO - Drone DRN-CW-004: Batería 70%, Estado: DroneState.LOADING
2025-10-20 19:26:58 - battery_monitor - INFO - Drone DRN-MW-005: Batería 55%, Estado: DroneState.DELIVERING
2025-10-20 19:26:58 - battery_monitor - INFO - Drone DRN-HW-006: Batería 30%, Estado: DroneState.RETURNING
2025-10-20 19:26:58 - battery_monitor - INFO - Drone DRN-LW-007: Batería 25%, Estado: DroneState.IDLE
2025-10-20 19:26:58 - battery_monitor - INFO - Drone DRN-CW-008: Batería 95%, Estado: DroneState.IDLE
2025-10-20 19:26:58 - battery_monitor - INFO - Drone DRN-MW-009: Batería 40%, Estado: DroneState.LOADED
2025-10-20 19:26:58 - battery_monitor - INFO - Drone DRN-LW-010: Batería 100%, Estado: DroneState.DELIVERED
2025-10-20 19:26:58 - battery_monitor - INFO - Drone DRN-LW-011: Batería 20%, Estado: DroneState.RETURNING
2025-10-20 19:26:58 - battery_monitor - INFO - Drone 500: Batería 30%, Estado: DroneState.IDLE
2025-10-20 19:26:58 - battery_monitor - INFO - Drone DRN-001-XYZ: Batería 100%, Estado: DroneState.IDLE
2025-10-20 19:26:58 - battery_monitor - INFO - Drone 4: Batería 90%, Estado: DroneState.IDLE
2025-10-20 19:26:58 - battery_monitor - INFO - Drone 5: Batería 90%, Estado: DroneState.IDLE
2025-10-20 19:26:58 - battery_monitor - INFO - Drone 6: Batería 90%, Estado: DroneState.IDLE
2025-10-20 19:26:58 - battery_monitor - INFO - Drone 7: Batería 90%, Estado: DroneState.IDLE
2025-10-20 19:26:58 - battery_monitor - INFO - Drone 10: Batería 80%, Estado: DroneState.IDLE
2025-10-20 19:26:58 - battery_monitor - INFO - Drone 25: Batería 80%, Estado: DroneState.IDLE
2025-10-20 19:26:58 - battery_monitor - INFO - No se encontraron drones con batería baja en estado LOADING para actualizar
2025-10-20 19:27:05 - battery_monitor - INFO - Scheduler de monitoreo de batería cancelado
2025-10-20 19:27:05 - battery_monitor - INFO - Scheduler de monitoreo de batería detenido
2025-10-20 19:27:05 - battery_monitor - INFO - Monitor de batería detenido
